时间,月份,标题,内容,作者,命中关键词,点赞,评论,阅读,原文链接,更新批次
2026-09-11T09:25:58,2026-09,【9.11食饮板块更新】① 近期安井/海天国际化步伐加快；② 9月初奶价仍同比抬升；③ 下周2-3安徽/江苏区域调研欢迎参加。具体看：,"【9.11食饮板块更新】① 近期安井/海天国际化步伐加快；② 9月初奶价仍同比抬升；③ 下周2-3安徽/江苏区域调研欢迎参加。具体看：

1️⃣安井食品
事件：公司与三林集团（旗下拥有印尼当地最大的食品企业及连锁便利店体系）共同签署合资协议、双方将在印尼共建食品生产基地。同时，香港安井/合作方共同在香港设立路径公司，以50.5%/49.5%比例合资，项目合计最低出资额7425万美元。

协议内容：规划分期建设安井印尼食品生产基地，由安井输出研发技术与制造标准、三林引入渠道网络与本地化运营资源。①基地首批计划导入小酥肉、烤肠、鱼豆腐 等安井优势单品，同时拓展常温休闲肉制品、鱼糜制品 ，适配当地消费习惯。②项目将采取“中高端树品牌、高性价比拓市场”双品牌，以基地点，覆盖东盟、中东及非洲等新兴市场。
二、影响：公司以印度尼西亚为基础逐步辐射周边市场，完善公司海外产能及市场布局，提升公司的国际化经营能力和综合竞争力。

2️⃣海天味业
事件：海天通过旗下海外投资平台正式完成对香港百年品牌淘大100%股权的收购。“淘大”拥有超过百年的调味制造经验，产品远销5大洲，网络覆盖40+个国家，产品包括酱油、酱料和速冻点心等等超过700个SKU。

影响： 本次交易是公司首单海外并购（淘大规模预计10e），海天此前已通过印尼工厂、本地化甜酱油研发及多区域战区布局推进海外业务，未来双品牌运作发展，品类组合补足海外渠道需求，双方有望在海外市场形成强强联合。

3️⃣乳制品跟踪更新：8月存栏量仍稳步去化，9月初奶价仍上行
① 农村部监测数据显示，8月奶牛存栏量575.9万头（环比下降0.9万头）。
② 8月生鲜乳产量同比+4.1%（低基数+增产）。
③9.3数据显示，最新主产区生鲜乳价3.06元/kg（同比+1.0%）。
④ 西北地区作为国内原奶核心调出产区，9月第一周社会流动奶源涨幅分化显著。宁夏、甘肃、陕西受开学季叠加双节备货需求激增影响，价格大幅跳涨（3.3-4.3元/kg区间），新疆上涨幅度相对温和。预计高价窗口集中在9月中上旬。

4️⃣安徽+江苏区域线下调研邀请：双节主题【欢迎报名】
# 9月15日（周二）-合肥
10：00 永新股份【安徽黄山】
中午-海底捞大排档午餐&调研
13:00-14:00 巴比终端门店调研
14:30-15:20 古井渠道商
15:20-16:10 迎驾渠道商
16:10-17:00 综合经销商
晚餐简餐-高铁出发去南京

# 9月16日（周三）-南京
10:00-10:50 洋河渠道商
10:50-11:40 今世缘渠道商
午餐 共创草坪调研
14:00-15:00 小菜园公司调研

------------------------
浙商食饮 张潇倩Iris团队🏅感恩支持",水木调研纪要,海底捞|小菜园,1,0,445,https://wx.zsxq.com/group/88888142214212/topic/22258815422521241,data/research/updates/2026-10-07-views-002.csv
2026-09-11T09:09:32,2026-09,【石头科技】最新观点，刚发深度报告,"【石头科技】最新观点，刚发深度报告
🍎近期股价调整，但是公司数据和投资逻辑没有改变，继续看好！
🌹欢迎要最新深度报告

🔴扫地机
1、内销：2026Q2增速约10%，增速跑赢行业大盘，利润率环比小幅度改善。2026H2主推滚筒弥补营销及成本劣势下盈利能力有进一步改善空间。

2、欧洲：2026Q2增速30%+，受益于亚马逊PD错期影响，线上实现高双位数增长，线下同样实现双位数增长，线上线下各约50%；利润率端，欧洲整体利润率约20%，线上利润率略低于线下。2026H2预计营销费用率下降预计可持续，追觅投放边际增加概率较低，盈利能力及业务规模稳中向好。

3、北美：2026Q2增速接近翻倍，线上PD错期实现高双位数增长，线下渠道在Costco、Best Buy等渠道入驻拉动下实现翻倍以上增长，收入占比提升至接近30%；利润率端，2026Q2利润率环比小幅修复，约中低个位数。展望下半年，2026年8月公司新入驻沃尔玛及山姆渠道，线下渠道红利拉动收入高增预计可持续，2026H2看好在门店覆盖及SKU数量提升下收入持续高增。

4、亚太：2026Q2增速接近20%，无集中大促营销，增长平稳，利润率高于20%。

🔴洗地机
1、内销：2026Q2高基数下仍然实现10%+增长，无芯片成本压力下原材料成本影响更小；利润率端，Q1利润率已实现盈亏平衡，Q2提升至中低个位数。

2、外销：2026Q2收入低基数下高增，整体实现稳定盈利，拆分来看，欧洲净利率约10%，亚太接近10%，北美体量较小，已实现盈亏平衡。

🔴割草机及洗衣机
1、洗衣机：单季度亏损环比略微扩大，亏损绝对值约5000万元，同比实现大幅减亏，销售费用同比2025Q2大幅收缩，未来预计仍然聚焦差异化小洗赛道，费用保持较低投入，整体亏损可控。

2、割草机：2026H1收入2亿+元，收入复合预期，Q2小幅度亏损，2026年9月IFA推新RockNeo Q2 LiDAR，将激光雷达下放至Q系列产品，目前割草机的主要市场为石头强势的北欧及德语区，品牌优势显著叠加复制渠道，2027年进驻DIY及CE渠道后收入有望翻倍增长，全年有望实现盈亏平衡或微利。

🔴成本、汇兑及退税
1、成本端：芯片及原材料价格上涨对毛利率产生负向影响，26Q2-Q3成本压力基本持平，新引入供应商长协价保持未来成本相对稳定。

2、汇兑：Q2实现汇兑损失1.2-1.3亿元，套保规模相对有限，Q3以来汇兑压力明显减小。",水木调研纪要,山姆,1,0,418,https://wx.zsxq.com/group/88888142214212/topic/14425582145285442,data/research/updates/2026-10-07-views-002.csv
2026-09-11T09:00:16,2026-09,[礼物]【国信食饮|求支持】H&H调研反馈：增长强劲，指引积极,"[礼物]【国信食饮|求支持】H&H调研反馈：增长强劲，指引积极

[玫瑰]#7-8月符合全年指引—奶粉强劲增长（一段新客持续高双位数增长）/ANC跟全年增长接近。公司经调后业绩对应26年9x，预计27年收入双位数/业绩20%+增长，有高端品基因+打法更灵活，低估值高增长标的进可攻退可守，推荐。

①bnc奶粉当前库存30天良性水平，预计Q4降至15天，一二段占比60%vs行业均值48%，#26H1在超高端份额第2[20.6%]目标第1/全价格带份额第5[5.8%]目标第3（当前进口品牌第3希望第1），#预计全年+30%/eibtda margin中高双；
②anc今年#抖音收着做背景下依然有57%增长当前盈亏平衡，新品占10%鱼油双位数增长，anc思路是0-100岁的经营理念出发，强调传统品类复配而非all in单一成分。#山姆保健品自有品牌卖不过swisse(同品类同价格带），#预计全年收入低双/eibtda margin20%。
③pnc预计#全年收入高单（H2略加速），其中素力高还在调整全年打平或略降，Zesty Paws全年高双位数增长。
[玫瑰]加速化债，提升分红：26H1杠杆率2.05x，分红率已提升至50%；公司理想杠杆率2x以下。#H2提前还款3e净负债↓2e，全年13e降债目标基本完成。#公司创始股东/控股股东税务合规不存在减持风险。",水木调研纪要,山姆,1,0,341,https://wx.zsxq.com/group/88888142214212/topic/55521182418214554,data/research/updates/2026-10-07-views-002.csv
2026-09-11T08:34:25,2026-09,一、昨日热点,"一、昨日热点

电网：鼎信通讯

电力：闽东电力

旅游：桂林旅游

卫浴：瑞尔特

二、国际原油期货破百

WTI原油期货收于每桶102.48美元，涨幅6.69%；布伦特原油期货收于每桶107.63美元，涨幅6.34%。

也门胡塞武装占领红海战略要地哈尼什群岛，或进一步威胁红海航运。

气：水发燃气、美能能源、贵州燃气

油：中曼石油、山东墨龙、通源石油

北交所+油气：科力股份、凯添燃气

三、行业要闻

1、珠海冠宇：目前为苹果客户的笔电以及包括折叠机在内的多款手机供应电芯产品。（互动平台）

2、据报道，美国AI安全法案最早下周正式提出。（国安股份、任子行）

3、MLCC龙头村田将停产部分MLCC产品并扩充其他产能。

4、农业农村部：探索实施生猪养殖头部企业产能集中度目标调控。

5、三部门印发《关于开展2026年度享受增值税加计抵减政策的工业母机企业清单制定工作的通知》。

6、美气象预报机构：2026-27年北半球秋冬期间，出现极强厄尔尼诺概率超90%。

7、微软计划将数据中心容量扩充至原来的三倍，达到38吉瓦。

8、2026中国算力大会将于9月11日至13日在河北举行。

9、《数字湖北建设""十五五""规划》印发。

10、《金融强国建设“十五五”规划》正式出台。

11、商务部：中美正就300亿美元对等降税框架安排进行磋商。

12、外交部发言人宣布，9月12日至13日赴印度新德里出席金砖国家领导人第十八次会晤。（跨境支付）",水木调研纪要,旅游|桂林旅游,1,0,293,https://wx.zsxq.com/group/88888142214212/topic/14425582154881282,data/research/updates/2026-10-07-views-002.csv
2026-09-10T22:13:41,2026-09,‼️【旅游消费事件点评：从“请3休13”到“直接放13天”，双节长假催化进一步升级】,"‼️【旅游消费事件点评：从“请3休13”到“直接放13天”，双节长假催化进一步升级】

⭐️ 事件：#2026年中秋9月25日至27日、国庆10月1日至7日，中间仅隔3个工作日。此前市场更多理解为“请3休13”，但近期出现新的边际变化：多所高校已陆续官宣9月25日至10月7日直接连休13天，北京交通大学、北京科技大学、淮阴师范学院等均有相关安排；杭州多个城区也将中小学秋假安排在9月28日至30日，与中秋、国庆无缝衔接。

我们认为，这一变化值得重视。过去黄金周需求主要集中于7天以内，而13天完整窗口将明显降低新疆、西藏、云南、东北及出境长线游的时间门槛；更重要的是，#学生直接放假后、需求有望从个人“拼年假”扩展至亲子家庭出游，消费半径、住宿天数和停留时长均有提升空间。截至8月31日，双节期间国内航线机票预订量已超383万张，同比增约17%，出入境航线预订量超177万张，同比增约11%。

产业链上，建议沿#“住宿—景区—演艺—餐饮”关注。酒店端可关注#君亭酒店、华天酒店； 目的地景区关注#西域旅游、长白山、桂林旅游、张家界、云南旅游； 演艺端关注宋城演艺。若后续客流及订单继续验证，#西安饮食、南京商旅、岭南控股# 等区域消费及商旅标的亦值得跟踪。

☎️ 我们判断，本轮旅游消费的预期差，正在从单纯的#“日历催化”升级为“真实长假人群扩容”。当13天长假由少数上班族拼假，逐步扩展至高校学生和部分中小学生家庭，旅游需求的持续时间和消费半径均有望被重新定价，后续核心关注长线客流、酒店价格及订单兑现。",水木调研纪要,酒店|旅游|餐饮|长白山|君亭酒店|宋城演艺|张家界|桂林旅游|岭南控股,1,0,469,https://wx.zsxq.com/group/88888142214212/topic/45548814812154548,data/research/updates/2026-10-07-views-002.csv
2026-09-10T21:26:47,2026-09,9月10日复盘笔记：绿电/PCB/存储/海工装备/消费类/玻纤/油气/煤炭/CPO/金融等,"9月10日复盘笔记：绿电/PCB/存储/海工装备/消费类/玻纤/油气/煤炭/CPO/金融等

一、重磅财经信息
铜价逼近1.5万美元后引发“泡沫”警告 分析师称涨势或难持续

二、大盘表现
沪指跌0.43%，深证成指跌0.77%，创业板指跌0.49%，科创50跌0.69%。
沪深京三市成交额不足1.7万亿，较昨日大幅缩量逾2000亿。

三、强势板块和个股分析
备注：只列举部分涨停板

绿电
10月26日，CPE 2026国际算电展同期会议——“CPE 2026国际算电协同产业大会（上海）”将在上海世博展览馆盛大启幕。
涨停板：乐山电力、闽东电力、华银电力、湖南发展、长城电工、芯能科技
其他强势股：九洲集团、明星电力、豫能控股、华电辽能

PCB
8月底，建滔积层板发出今年第七张涨价函：FR-4覆铜板统一涨10%，半固化片按规格调，薄布最高涨20%。随后松下宣布9月1日起上调覆铜板价格，部分产品最高涨30%；南亚塑胶跟进，涨20%到25%。
涨停板：金安国纪、超声电子
其他强势股：逸豪新材、四会富仕、威尔高

存储
有报告称，三星电子和SK海力士的存储半导体库存已降至不足10天的水平，引发市场担忧可用供应可能在明年耗尽。
涨停板：太极实业、鼎信通讯、诚邦股份
其他强势股：深科技、德邦科技、德明利

海工装备
克拉克森在最新报告中表示，2026年很有可能成为新造船签约历史上比较强劲的一年。1至8月，实船订单达到2128艘、5970万修正总吨，与2007年的创纪录节奏基本持平，是十年平均水平的两倍。
涨停板：大连重工、天顺风能
其他强势股：中国船舶、亚星锚链、中船防务

消费类
市场监管总局正式印发《关于全面开展放心消费单元和集聚区培育的通知》，全面启动放心消费主体培育工作，明确到2030年全国放心消费集聚区达5000个以上、重点领域放心消费单元广泛覆盖，“放心消费在中国”品牌基本形成，消费者获得感明显增强。
涨停板：南宁百货、桂林旅游、克明食品
其他强势股：中百集团、徐家汇

玻纤
机构研报显示，8月电子布经销商7628价格已卖到15元/米，9月又上涨10-20%；当前电子布厂家7628电子布价格为11-12元/米，涨价已连续三个月加速。
涨停板：九鼎新材、再升科技
其他强势股：山东玻纤、国际复材、长海股份

油气
欧洲天然气价格自2023年以来首次突破80欧元/兆瓦时。
涨停板：水发燃气、美能能源
其他强势股：凯添燃气、首华燃气

煤炭
9月10日，生意社动力煤基准价为988.75元/吨，与本月初(875.50元/吨)相比，上涨了12.94%。内容来自小牛研报纪要
涨停板：云煤能源
其他强势股：大有能源、辽宁能源

CPO
第27届光博会将于9月9日-9月11日在深圳召开，本届展会聚焦算力集群规模扩张驱动的光互联架构升级，NPO、CPO与OCS等颠覆性架构的工程化进展成为核心看点。
涨停板：环旭电子
其他强势股：天孚通信、光库科技、蘅东光

金融
涨停板：新力金融、华金资本

其他涨停板
津药药业：卤米松原研药
新农开发：农业
凯盛新能：玻璃基板
国创高新：2板；沥青",水木调研纪要,旅游|中百集团|桂林旅游,1,0,452,https://wx.zsxq.com/group/88888142214212/topic/14425582585552252,data/research/updates/2026-10-07-views-002.csv
2026-09-10T21:21:39,2026-09,[礼物]【申万互联网传媒】26H1中报总结：AI云和大模型爆发，游戏等出海消费高景气（38页行业深度）,"[礼物]【申万互联网传媒】26H1中报总结：AI云和大模型爆发，游戏等出海消费高景气（38页行业深度）

🌟SW传媒26Q2收入同比增速-0.1%，归母净利同比增速22.1%。游戏归母净利润yoy+74.3%、利润率24%,#为近年来最好水平。港股互联网：泛娱乐中收入增长较为韧性（腾讯、网易、美图），即时零售美团等进入改善通道。

🌟国产模型商业化提速：参数规模持续上行，前沿模型竞争多维化（总参、后训练、CoT、Harness等），API有分层定价趋势。

🌟AI云：大厂AI Capex进一步提速，市场关注点从投入规模转向回报确定性；商业化验证开始出现。关注腾讯控股、阿里巴巴、金山云等标的投资回报。

🌟游戏：多端化/出海高景气继续验证。26H1端游同比+28%，出海同比+30%。

🌟潮玩消费：不同经营周期表现分化。布鲁可26H1出海超预期，看好铺货扩IP/SKU高增持续性；泡泡玛特国内同店同比增长，关注星星人出海。

🌟广告：互联网广告中，哔哩哔哩和腾讯增速较快。程序化广告中长尾媒体ROI提升，规模呈现飞轮增长，关注易点天下、汇量科技。

🌟影视及AI视频：短剧出海进入利润释放阶段（中文在线、昆仑万维）；AI长剧+边审边播模式突破（芒果超媒）。

🌟出版：26H1地方国有出版集团负债表质量较好，有持续分红能力（中文传媒、皖新传媒、中南传媒）。

报告链接：#小程序://申万宏源研究/EPKr8E20qfWBtZJ
[福]详情欢迎联系申万互联网传媒【林起贤 任梦妮 夏嘉励 赵航 黄俊儒 张淇元 王昊 陈悦】",水木调研纪要,泡泡玛特|零售|潮玩|美团|布鲁可,1,0,337,https://wx.zsxq.com/group/88888142214212/topic/22258815818588111,data/research/updates/2026-10-07-views-002.csv
2026-09-10T17:37:28,2026-09,【国金食饮】颐海国际更新：H2预计经营稳健，建议关注高股息+出海弹性！,"【国金食饮】颐海国际更新：H2预计经营稳健，建议关注高股息+出海弹性！

# 公司7-8月第三方延续H1增长趋势，海外、KA仍是主要增长驱动，大B下半年有望加速。公司未来增长重心进一步向第三方倾斜，渠道改革及供应链优化持续释放利润弹性。今日受海底捞减持影响股价调整，当前13xpe，90%+分红率，# 股息率接近7%。

B端业务：大B 当前合作客户已有数百家，战略从“拓客户”转向“提升单客份额”，逐步从香辛料、鸡精鸡粉切入餐饮客户核心复调产品，# 下半年有望提速，全年预计实现20%-30%增长。

海外发展：海外第三方全年预计增长30%+，较好区域可达40%+，其中东南亚贡献海外收入50%以上。# 公司未来3-5年海外目标维持30%+增长，并积极寻找东南亚本土品牌并购机会，依托泰国工厂切入冬阴功、泰式咖喱等当地品类。

渠道改革：# KA上半年实现高双增长，直营/类直营占KA比重超50%，通过定制产品、减少渠道层级提升终端合作效率；流通渠道加强费用过程管理，由直接搭赠转向达成考核后核销。

成本&供应链：目前# 原材料压力有限，H1毛利率提升中原材料贡献约1pct，其余主要来自渠道调整及供应链优化。公司通过锁价及自有油脂、香辛料工厂强化成本优势，H2毛利率有望持续改善。

[烟花]欢迎交流  刘宸倩/陈宇君",水木调研纪要,海底捞|餐饮,1,0,422,https://wx.zsxq.com/group/88888142214212/topic/22258815845152411,data/research/updates/2026-10-07-views-002.csv
2026-09-10T17:09:23,2026-09,【华泰消费】布鲁可基本面更新0910,"【华泰消费】布鲁可基本面更新0910

据我们草根跟踪调研，我们预计布鲁可7-8月延续上半年的良好经营势头，海内外市场经营正常发展，其中海外业务延续高速增长势头，我们预计增速在200%左右；国内市场7-8月整体保持双位数增长，其中线上电商、商超KA渠道、成人向产品等保持高增速，表现亮眼

此外，公司下半年有多款新产品/新IP推出，同时自身毛利率与净利率下半年亦有望环比改善，近期公司股价受市场对海底捞管理层减持股份的事件外溢影响，股价有所波动，我们判断公司受此影响很小，市场担忧过虑，当前公司股价对应26年PE 16倍，公司下半年及明年有望保持30%增速，近期股价回调提供较好的上车机会，继续推荐",水木调研纪要,海底捞|电商|布鲁可,1,0,411,https://wx.zsxq.com/group/88888142214212/topic/45548814824552558,data/research/updates/2026-10-07-views-002.csv
2026-09-10T15:08:56,2026-09,20260910零食量贩行业更新万辰&鸣鸣,"# 20260910零食量贩行业更新万辰&鸣鸣

短期：“秤”事件为少数个别情况（设备问题），不影响长期商业逻辑。头部两家预计仍延续快速开店的趋势，9月预计分别新开店1000家+。# 加盟商目前投资回收周期（初始投入不含房租）普遍2.5年前后，仍极具竞争力。

长期分歧：零售商业模式差，加盟业态只买开店周期？

①.零售商业模式差？# 零售可以出好的商业模式和优秀的大公司。零售是非常典型的规模经济显著的生意，尤其是在日杂等标品，比如沃尔玛在美国食杂市场20%+的渗透率，而目前鸣鸣和万辰在包装食品饮料的渗透率还不到10%。其次我国快消品供应链逐步进入供大于求的阶段，国内后续有机会跑出大的线下优质零售商。不同于国内传统零售”卖货架“，万辰鸣鸣商业模式回归”零售本质/需求“，竞争能力更高维，鸣鸣万辰当前处于快速”效率+选品“驱动的规模效应的正向循环中，竞争优势突出，两者的财报也可见一斑。

②.加盟业态只买开店周期？# 开店空间仍高，比如鸣鸣万辰非常大的机会当下门店数量看到接近翻番。其次，单店波动一定意味着开店周期向下？并非如此，加盟业态我们可以简单看成加社会资源杠杆，底层单店模型/加盟商的盈利能力才是最为核心的，零售业态的需求大且稳定，不能直接类比单品类连锁业态（通常单店波动可能是由品类周期/需求见顶引起的）。对于零售商而言，# 单店盈利的稳定性核心在于自身搭建的”效率+选品“的长期竞争优势，而当前我们明确看到他们的竞争优势是处于不断强化当中，或者说商业模式还处于显著的上升趋势。

两者当前对应当年12-13XPE，市场对于空间、业态竞争力理解均存在明显的预期差，持续重申看好。

欢迎交流",水木调研纪要,零售|量贩|零食量贩,1,0,499,https://wx.zsxq.com/group/88888142214212/topic/14425582544452442,data/research/updates/2026-10-07-views-002.csv
2026-09-10T09:37:38,2026-09,感谢支持💙【国盛商社】,"感谢支持💙【国盛商社】

该买手套了🧤

# 新一轮涨价开启，内销重回3月高位

🔥最新涨价函流出：公司内销丁腈手套上调15-40元/箱，折合约2-5.5美元/千只，涨幅超预期；调价后内销均价预计达到23.5美元左右，基本回到3月高位。

📈 # 原料持续上涨，推动新一轮提价

当前丁二烯/丙烯腈价格分别达到1.46/1.09万元/吨，较7月底低点上涨70%/16%，已回到3月11日前后水平。

🧨复盘3月，核心传导路径为：

【原料上涨→内销率先提价→多轮调价→外销跟涨→盈利预期上修】

1️⃣ # 内销领先外销，外销仍有提价空间

上一轮内销于3月7日率先提价，外销在3月20日左右跟进；最终内销由约16美元升至24美元，外销也由约16美元升至23-24美元。

本轮内销已升至约23.5美元，外销仍有向上追赶空间。

2️⃣ # 涨价往往不止一轮

3月7日至24日，公司内销先后提价8/10/20/22元，累计上涨60元/箱；本轮首轮涨幅即达到15-40元/箱，起步力度明显更强。

🌟 # 投资判断

本轮原料并非像3月一样直线上涨，但累计涨幅已超预期，目前正在复刻上一轮行情的前半段：原料上涨、内销率先提价。

后续重点关注【内销多轮提价可能+外销预计马来产业大会后即将再次更新】。若外销价格再次向23-24美元靠拢，叠加公司原料一体化优势，盈利预期有望进一步上修，新一轮涨价行情值得重视。",水木调研纪要,商社,1,0,346,https://wx.zsxq.com/group/88888142214212/topic/22258815855228441,data/research/updates/2026-10-07-views-002.csv
2026-09-10T09:25:05,2026-09,【国盛商社】,"【国盛商社】

该买手套了

#新一轮涨价开启，内销重回3月高位#

最新涨价函流出：公司内销丁腈手套上调15-40元/箱，折合约2-5.5美元/千只，涨幅超预期；调价后内销均价预计达到23.5美元左右，基本回到3月高位。

 #原料持续上涨，推动新一轮提价#

当前丁二烯/丙烯腈价格分别达到1.46/1.09万元/吨，较7月底低点上涨70%/16%，已回到3月11日前后水平。

复盘3月，核心传导路径为：

【原料上涨→内销率先提价→多轮调价→外销跟涨→盈利预期上修】

1️⃣ #内销领先外销，外销仍有提价空间#

上一轮内销于3月7日率先提价，外销在3月20日左右跟进；最终内销由约16美元升至24美元，外销也由约16美元升至23-24美元。

本轮内销已升至约23.5美元，外销仍有向上追赶空间。

2️⃣ #涨价往往不止一轮#

3月7日至24日，公司内销先后提价8/10/20/22元，累计上涨60元/箱；本轮首轮涨幅即达到15-40元/箱，起步力度明显更强。

 #投资判断#

本轮原料并非像3月一样直线上涨，但累计涨幅已超预期，目前正在复刻上一轮行情的前半段：原料上涨、内销率先提价。

后续重点关注【内销多轮提价可能+外销预计马来产业大会后即将再次更新】。若外销价格再次向23-24美元靠拢，叠加公司原料一体化优势，盈利预期有望进一步上修，新一轮涨价行情值得重视。",水木调研纪要,商社,1,0,325,https://wx.zsxq.com/group/88888142214212/topic/45548814411185548,data/research/updates/2026-10-07-views-002.csv
2026-09-10T09:24:04,2026-09,华泰晨报 0910,"华泰晨报 0910
[强][强]【电新：阳台光储家电化、欧洲更高斜率赛道】越过经销商直达终端、即插即用，免电工改造与事前报批，获客与交付门槛大降，欧多国合法化推进，德占户储安装套数比由23年2%升至25年28%，荷兰1Q占户储比同+26pct至54%。3α施工等候短+政策松绑+单户带电量升至5度。欧今明年增速73%59%，利好消费电子与便携储能，安克创新/华宝新能/华美兴泰/疆海科技/思格新能。苗雨菲

[强]【快递：旺季催化将近、布局好时点】河南涨价2-3毛，河北涨价并封盘至27M2，广东坚定最低市场价反内卷。核心产粮区进一步提价值得期待，27价格中枢企稳确定性提升。但市场价格预期极低，通达系9xPE，全年量价最差时刻已过、Q3盈利同比增速不错，买入。 沈晓峰

[强]【银行：息差环升9bp拐点出现】营收净利增7.4%3%，大行9.4%4.4%，LPR企稳及存款降息红利释放，利息净收入同增8.4%，政策红利兑现期。长鑫Q3兑现财报，信用卡有压力，Q2总资产负债环降1.4pct淡化规模，拨备环平，不良率结构变化。保险每半年3000亿增配，十大券商OCI增环增5.4%。0.7pb股息4%仍有空间。贺雅亭

[强]【上美股份：韩束高基数韧性+回购底、底部买入】10月多品牌催化密集、赔率可观。H1男士/洗护/个护占总GMV30%（男士超10%），洗护名次由1月第19名升至8月榜首、防脱亮眼。newpage全年望10e，安敏优H1营收同+89%，M7-9抖音GMV均翻倍以上，崔玉涛与Hello Kitty新品备案推进。低点已过、拐点将至。 孙丹阳

[强]【安井食品：9月经营稳健、AH性价比突出】下半年价盘已近白牌、同比向下概率不大，中小企业价格战收缩，份额望提升。Q2实际主业净利率同+0.8pct至10.7%，减值风险基本消除（冲回、商誉计提70%）全年收入增速10%-15%。印尼合资建厂标志出口转本地化产销，H1收入近去年全年。AH15x11xPE，70%分红股息4.7%6.7%。 王可欣

[强]【苹果：合预期，股价平】涨价精准，只在大储存上，引导使用低容量，标准版明年春天。iphone duo对齐三星折叠屏，短期良率略低，Q4排产曲线需要重新校准。airpods5加量不加价，手表没亮点，硬件陶瓷回归，软件ai健康不足刺激换机。利好2nm产线，散热#舜宇/蓝思/鹏鼎。陈旭东#

[强]【半导体设备：基本面未变，盈利与开支仍增】消化高估值，倒车接人。asml28前将High NA EUV用于DRAM量产，英特尔累计处理超百万片=成熟度大幅提升。30后推进大尺寸光照提升效率，提升30%产能。DRAM比逻辑拼接需求少更易导入，存储为该设备重要增量。于可熠
—————————
☎️
20:00【上美股份推荐】4007790415,,556656#
调研
#深圳#   10:00【卧安机器人】13:30【创想三维】",水木调研纪要,安克创新|上美股份,1,0,333,https://wx.zsxq.com/group/88888142214212/topic/22258815511154221,data/research/updates/2026-10-07-views-002.csv
2026-09-09T21:17:42,2026-09,受海外信托影响，港股消费大跌，关注抄底机会,"受海外信托影响，港股消费大跌，关注抄底机会

事件：舒萍相关家族信托持股平台通过大宗交易卖出2.59亿股，占海底捞总股本4.65%。9月8日晚启动簿记，今日盘前实际以10.62港元/股成交，较昨日收盘价折价6.68%，交易金额约27.5亿港元（约3.5亿美元）；9月11日T+2完成交割。卖方锁定期60天。

海底捞盈利预测和估值：预测26/27年归母净利润41/45亿元，对应12/11XPE，股息率7%。短期情绪影响较大，但与基本面无关，下跌或带来买入机会。

# 古茗股价预计受连带影响

古茗创始人累计分红收入约32亿人民币，上市后合计增持约6亿HKD，也在用自有资金投入HPP等新业务。要交的税：26/10/22前历史收益税约5.6亿人民币；历史装入税金额尚不明确，约17.11亿股×(V-B)×20%，计算可能在20-25亿元区间；27/3/1-6/30要交股息税约1.5亿人民币，另加2026其他信托收益。

分红理论上可全覆盖补税金额（尚无定论）。但具体金额以及缴纳形式还不确定。同时公司会综合考虑税、业务投资等需要的资金来处理。

古茗盈利预测和估值：预测26/27年经调整净利润32/39亿元，对应15/12XPE，继续推荐，关注10-11月更新明年开店指引。

这些公司没有影响：蜜雪、老铺、周六福、东方教育、沪上阿姨",水木调研纪要,海底捞|教育|古茗|沪上阿姨,1,0,458,https://wx.zsxq.com/group/88888142214212/topic/14425582242842422,data/research/updates/2026-10-07-views-002.csv
2026-09-09T21:17:32,2026-09,【天风医药】下午港股创新药波动比较大，有传是市场担心海外信托税收的情况（最早是从海底捞减持引发），我们这边沟通了几家公司，目前反馈都不涉及。,"【天风医药】下午港股创新药波动比较大，有传是市场担心海外信托税收的情况（最早是从海底捞减持引发），我们这边沟通了几家公司，目前反馈都不涉及。

其中一家龙头公司回应如下，供大家参考

转：听说今天是因为大股东通过离岸信托持股的得回溯过往分红补20%的税而引发担心大股东减持而恐慌性回调？

经老板们授意明确两点

我们没有离岸信托

老板们近期没有减持计划，公司也没有增发计划",水木调研纪要,海底捞,1,0,458,https://wx.zsxq.com/group/88888142214212/topic/22258815525125581,data/research/updates/2026-10-07-views-002.csv
2026-09-09T21:16:16,2026-09,晶苑国际更新：今日港股大盘走弱，据悉主要系受到海底捞大股东减持以应对因21号文《关于离岸信托个人所得税有关事项的公告》规定引发的海外信托补税影响，引起市场担忧，晶苑国际为中国香港籍创始人直接持股，未经…,晶苑国际更新：今日港股大盘走弱，据悉主要系受到海底捞大股东减持以应对因21号文《关于离岸信托个人所得税有关事项的公告》规定引发的海外信托补税影响，引起市场担忧，晶苑国际为中国香港籍创始人直接持股，未经过海外信托平台，无需担忧~,水木调研纪要,海底捞,1,0,410,https://wx.zsxq.com/group/88888142214212/topic/14425582242855182,data/research/updates/2026-10-07-views-002.csv
2026-09-09T19:34:40,2026-09,【国金商社】离岸信托情况梳理,"【国金商社】离岸信托情况梳理
# 餐饮风向标

2026年7月24日财政部和税务总局发布《关于离岸信托个人所得税有关事项的公告》后，将追缴通过装入离岸信托实现的避税。按新规规则，追缴的税款主要分为分红税、装入税及递延税三类。

# 分红税：   个人取得股息红利等投资性分配收益时，按利息、股息、红利所得的20%缴纳的那部分个人所得税。根据媒体渠道整理，需追缴的部分是2025年及以前信托收到的分红和减持所得，# 补缴截止日为10月22日。90天窗口期内补缴免收滞纳金，逾期则按日万分之五加收滞纳金，相当于年化18.25%。

# 装入税：   中国税收居民个人将股权、股票、房产、现金以外财产等转移给离岸信托（或信托控制的境外SPV/代持实体）持有时，# 就“装入时市价−原值−合理费用”的增值部分，按财产转让所得的20%由该居民个人一次性申报缴纳的个人所得税。按新规规则，2023-2025年三年间将资产装入离岸信托的，需全额补缴设立环节的装入税。创始人直接持股，无离岸信托装入环节的企业，无需补缴装入税。

# 递延税（暂无明确时间节点）：   税法特别条款允许纳税人在所得形成但通常应缴税的时点上暂不申报缴纳，而将个人所得税纳税义务推迟至未来法定时点（转让、领取、实际分配等）实现的征管安排，法定税率与税目不变，仅确认时点后移。
按新规规则，离岸信托中的股份成本，# 按上市前原始价格计算，# 卖出时从成本价到市价的全部增值，按20%一次性缴清，创业者原始成本几乎可以忽略不计，# 故税基基本等于当前市值。该项税款目前无需立即缴纳，但减持变现时需一次性缴清。

免责声明：仅为公开渠道整理，不代表任何投资建议与观点

☎欢迎交流：于健/王超",水木调研纪要,商社|餐饮,1,0,446,https://wx.zsxq.com/group/88888142214212/topic/55521148815258414,data/research/updates/2026-10-07-views-002.csv
2026-09-09T19:33:47,2026-09,☀️【天味食品 | 更新推荐】火锅、冬调旺季来临，成本、费用仍有优化潜力（2026-9-9）,"☀️【天味食品 | 更新推荐】火锅、冬调旺季来临，成本、费用仍有优化潜力（2026-9-9）

📈趋势指引——

下半年为传统旺季（火锅、香肠腊肉高峰），# 公司或延续上半年及Q2的增长状态，但2025年Q3、Q4基数并不低，追求“高质量增长”。Q2原有主业的内生增长在小个位数，系传统淡季且Q1的基数相对更低，降速属阶段性。# 冬调产品9月起陆续发货，渠道已开始备货火锅旺季。

🍲增量拆解——

产品端# 上半年酸菜鱼、手工牛油调料增长20%~30%，小龙虾调料近40%；不辣汤系列全年预期增长30%-40%，# Q4还会再推1~2款健康营养定位的新品；厚火锅定位第三代火锅底料战略大单品，规模尚未过亿，拉宽产品矩阵覆盖20元及以上的各价格带，定位零添加、清洁标签，目标替代二代大方块产品。

渠道端# 大B（连锁餐饮）上半年收入翻番，已合作张亮麻辣烫、百胜（粉蒸肉锅盔上线）；新零售定制——山姆持续推新、盒马上半年收入近3000万（定制产品超10款）、胖东来经销合作；# 经销商转型线上、差异化激励增加终端促销人员。

外延部分# 未来3~5年并购子公司收入占比目标约30%；坛坛香7月起并表（年收入约3亿，三年业绩承诺利润合计1.5亿）；后续重点补强小B渠道、西式品类、预制菜等，倾向收购成熟企业。

💹盈利趋势——

成本端# 多品类原材料对冲效果良好，下半年综合成本较2025年同期有边际改善；# 油脂按季度锁价、集采管控，# 对2027年成本趋势不悲观。

费用端# Q2销售费用明显增长（系去年低基数+龙虾推广加码）；费用向可触达消费者场景倾斜（试吃、代客炒虾、马拉松联名），减少广告代言投放，费效比更优；# “龙虾搭台、全品唱戏”带动周边品类。渠道库存2-2.5个月，较去年更健康，减少直接促销。

🌊出海、发行&股东回报

H股发行将结合市场关注与估值择机推进，暂无时间表；目的为支撑国际化、灵活融资、优化股东结构。# 出海已布局日韩、北美（覆盖开市客）、东南亚，并开展日韩定制业务。分红保底# 2026-2028年每年现金分红比例≥80%，公司造血能力足以覆盖经营开支。

[礼物]详情欢迎沟通 · 长江食品饮料董思远团队，# 恳请鼎力支持🏆",水木调研纪要,零售|餐饮|山姆|开市客,1,0,437,https://wx.zsxq.com/group/88888142214212/topic/82258841182524122,data/research/updates/2026-10-07-views-002.csv
2026-09-09T17:51:34,2026-09,【华泰消费|美护】# 上海家化股东大会交流速递,"【华泰消费|美护】# 上海家化股东大会交流速递

# Q3增长近况：佰草集/玉泽GMV高两位数增长且较H1加速，双妹实现翻倍增长

# 双11打法展望
-	行业竞争仍较激烈，# 希望将生意做在日常，在双11前流量便宜阶段多做
-	双11有信心保持高两位数增长，公司主动控制下，增速绝对值会低于日销

# 品牌与产品梯队建设
-	六神/玉泽/佰草集三大品牌引领增长，玉泽/佰草集今年有破10亿营收机会；中小品牌亦跑出品牌，双妹已经连续两年翻倍增长
-	美加净/典萃/家安等小部分品牌战略性撤退线上、聚焦线下，今年在业务上已经实现盈利；其他品牌也在努力找到细分赛道
-	公司持续把握药妆/精华油等高潜细分赛道

# 玉泽
-	药妆细分行业仍有双位数增长，青蒿次抛油有望成为双11核心增长点；防晒线上已有中千万级营收，27年大分子防晒有望成为下一个亿元单品
-	自播占比更高，配合达播破圈，整体盈利情况继续优化

# 佰草集
-	美白和泥心智好，仙草油双11成为主要增长点，推出仙草泥倡导油泥养肤；仙草油+泥、大白泥+小白油四个单品在未来3年有持续放量潜力
-	9.17将官宣重磅代言人；达播趋势节节高升，Q3舒畅/涂磊两场达播超预期达成，且几场大达播实现盈利；大白泥自播间是公司单店产出最高的自播间

# 六神
-	去年同期疫情导致基数较高，Q3增速略有下降，用户端仍保持高增
-	小六神今年已有千万级营收，对明年成为新亿元产品有信心
-	保持Core驱蚊+More沐浴露等更多品类，未来2-3年产品矩阵规划已完成

# 双妹
-	公司对品牌期待较高，不只是增长和利润，更是品牌心智上；公司坚持富养品牌
-	双妹今年将参加李佳琦所有女生合作，伊能静将在小红书/抖音支持，期待双11表现

更多详情及公司近况欢迎联系~
樊俊豪/孙丹阳18521095693/袁嘉会13801791440",水木调研纪要,上海家化,1,0,407,https://wx.zsxq.com/group/88888142214212/topic/55521148828551214,data/research/updates/2026-10-07-views-002.csv
2026-09-09T13:03:48,2026-09,[咖啡]【东方社服】社服港股上市公司架构&21号信托新政影响梳理（20260909）,"[咖啡]【东方社服】社服港股上市公司架构&21号信托新政影响梳理（20260909）

今日港股餐茶饮板块集体回调，市场核心交易逻辑为2026年财政部、税务总局21号离岸信托个税新政落地执行，市场担忧创始人离岸信托补税带来减持压力。我们认为新政对不同架构、不同税务身份的公司影响完全分化，并非全板块利空，短期情绪冲击大于实质基本面影响，具体梳理如下：

#港股餐茶饮主流上市架构划分#
1、股权红筹架构
（1）信托型红筹（受21号新政直接约束）

股权链条：创始人→ BVI家族信托（受托人持股）→ BVI控股壳公司 → 开曼上市主体 → 香港WFOE → 境内运营主体

涵盖标的：古茗、绿茶集团

（2）纯BVI壳红筹（不受21号新政影响）
股权链条：创始人 → BVI控股壳公司 → 开曼上市主体 → 香港WFOE → 境内运营主体

涵盖标的：小菜园

特征：仅为离岸公司持股、无家族信托架构，不在21号公告监管范围内，无信托补税压力。

2、H股全流通架构（免疫21号信托新政）

涵盖标的：蜜雪冰城、沪上阿姨、茶百道、遇见小面

特征：上市主体为境内注册股份公司，无开曼/BVI离岸架构，不受本次信托个税新规约束。

#21号公告核心规则#
本次新政仅针对中国税务居民作为委托人设立的离岸家族信托，实现设立、存续、终止全生命周期穿透征收20%个人所得税，核心三大征税环节：

1、资产装入环节：2023-2025年装入信托的股权/资产，视同财产转让，按公允价值确认所得缴纳20%个税；

2、存续经营环节（核心影响）：信托底层分红、股票减持资本利得，无论资金是否回流境内、是否实际分配给个人，均全额穿透归属于委托人，按年申报缴纳20%个税，彻底打破过往“离岸留存递延纳税”的操作空间；

3、信托终止清算环节：信托清算处置资产产生的收益，同样穿透计征20%个税。

#政策影响判断：短期情绪冲击为主，结合公司沟通与新政细则，首先监管落地节奏温和，目前信托资产装入环节的细化执行口径、申报细则仍待落地，监管以规范征管为主；其次分红收益个税按年度汇算清缴，现金流压力可控；本次板块下跌属于政策情绪驱动的一次性回调，而非基本面恶化。我们倾向于认为，＃后续板块估值消化情绪冲击后，预计重新回归门店扩张、同店复苏的核心基本面逻辑。

[玫瑰]东方社服 张鲁13261833299，具体欢迎小窗",水木调研纪要,小菜园|古茗|茶百道|蜜雪冰城|沪上阿姨,1,0,494,https://wx.zsxq.com/group/88888142214212/topic/82258841414541882,data/research/updates/2026-10-07-views-002.csv
2026-09-09T10:38:14,2026-09,🥘海底捞大跌0909：,"# 🥘海底捞大跌0909：

■9月8日晚公司发布blocktrade，卖方为舒萍（张勇妻子），交易对价约为10.6-10.7港元，较9月8日收盘价折价6%-6.85%，总额约23亿元人民币。

■传此次减持或用于创始人支付信托分红补缴，补缴截止日期为10月底。",水木调研纪要,海底捞,1,0,369,https://wx.zsxq.com/group/88888142214212/topic/45548821228148258,data/research/updates/2026-10-07-views-002.csv
2026-09-09T09:29:09,2026-09,【GJ 商社】海底捞 blocktrade 点评,"【GJ 商社】海底捞 blocktrade 点评
# 餐饮风向标

9月8日晚公司发布blocktrade，卖方为SP NP Ltd.（舒平），交易规模约3.5亿美元（约为23亿人民币），对价约为10.6-10.7港元（较收盘价折价6%-6.85%）。

传闻认为此次 blocktrade 可能用为创始人支付 离岸存量信托历年分红补缴（国家税务21号公告），此次所有公司截止日均为10月22日，逾期按日万分之五收滞纳金。

我们认为此次交易后将为创始人提供较好资金流动性，对公司经营发展不会造成影响。

欢迎交流～",水木调研纪要,商社|海底捞|餐饮,1,0,360,https://wx.zsxq.com/group/88888142214212/topic/82258841422421282,data/research/updates/2026-10-07-views-002.csv
2026-09-09T09:14:52,2026-09,【国海轻工】上海生育医疗费用“无自付”政策点评：直接降低生育成本，婴童消费链迎催化-20260908,"【国海轻工】上海生育医疗费用“无自付”政策点评：直接降低生育成本，婴童消费链迎催化-20260908

政策内容：产检+分娩全额报销、10月1日起个人无自付

2026年9月8日，上海医保局、财政局、卫健委联合发布《关于进一步提升本市生育医疗费用保障有关政策的通知》，2026年10月1日起正式施行。

1、核心内容
产前检查纳入42项“服务包”，先使用4500元补贴额度，超额部分由生育保险全额承担；住院分娩（含分娩镇痛、顺产、剖宫产等）全部由生育保险支付，个人“无自付”；覆盖范围扩大至城乡居民医保参保妇女及未就业配偶，异地生育同样纳入保障。

2、覆盖对象
10月1日零时处于妊娠状态或住院分娩尚未出院的孕产妇，均可享受新政待遇。这是对国家“十五五”规划“基本实现政策范围内住院分娩个人无自付”目标的率先落地。

3、政策传导路径
本次上海新政是直接降低生育经济成本的实质性举措，与此前全国育儿补贴形成政策组合拳。生育医疗费用全额报销→生育经济负担下降→生育意愿边际提升→新生儿数量企稳→婴童消费需求受益。上海作为标杆城市，本次“无自付”模式有望形成示范效应。

短期看政策情绪催化、中长期跟踪新生儿数据边际变化。政策催化下，纸尿裤作为最刚需高频品类受益路径最为直接，母婴零售兼具政策弹性和需求释放逻辑，婴童耐用品受益于生育意愿提升带来的耐用型育儿产品需求拉动。

受益标的

1、纸尿裤
豪悦护理、可靠股份、恒安国际

2、婴童用品
稳健医疗（全棉时代）、润本股份

3、母婴零售
孩子王、爱婴室

4、婴童耐用品
不同集团（BeBeBus）

5、玩具/文具消费
晨光股份、布鲁可",水木调研纪要,零售|孩子王|爱婴室|布鲁可|晨光股份,1,0,296,https://wx.zsxq.com/group/88888142214212/topic/55521148451815884,data/research/updates/2026-10-07-views-002.csv
2026-09-09T09:00:37,2026-09,【教育】中考改革探索多元录取，增加普高招生计划，明确扭转唯分应试导向，严禁下达升学指标,"【教育】中考改革探索多元录取，增加普高招生计划，明确扭转唯分应试导向，严禁下达升学指标

[玫瑰]持续规范招生入学秩序。教育部提出常态化开展中小学阳光招生，进一步健全公平入学长效机制，坚决杜绝义务教育“掐尖招生”、暗箱操作和违规分班；规范开展普通高中招生工作，严格落实属地招生和“公民同招”，形成公平公开、规范透明、监管有力的制度安排。

[玫瑰]有序推进中考改革，探索多元录取方式。政策提出坚持依标命题、突出素养导向，优化考试方式、完善计分科目，推动招考联动、增加普通高中招生计划，并探索【登记入学】、【均衡派位】、【划片招生】等多元录取方式，推动高中特色发展，让学生选择适合的成长路径，缓解教育内卷和社会焦虑，明确提出扭转唯分应试导向。

[玫瑰]同步扩大高中阶段教育供给。高中教育将深入实施县中振兴行动计划，重点解决县中优秀师资和生源流失、办学条件薄弱等问题；在人口持续净流入、学位缺口持续增加的地区，鼓励盘活各类资源、增加学位供给。同时，政策明确严禁下达升学指标，严禁以中高考状元、名校率、升学率等评价奖励学校、教师和学生。",水木调研纪要,教育,1,0,292,https://wx.zsxq.com/group/88888142214212/topic/45548821254185818,data/research/updates/2026-10-07-views-002.csv
2026-09-09T08:31:34,2026-09,一、昨日热点,"一、昨日热点

农业：亚盛集团

化肥：金正大

消费：百大集团

传媒：读者传媒

油气：贵州燃气

光通信：华脉科技

PCB：中京电子

二、央视财经：铜价连续创新高 全球抢铜潮提前上演

伦敦金属交易所铜期货价格继续创下历史新高，收涨14728美元/吨，涨幅1.61%。

有分析指出，市场普遍押注美国将从2027年1月起对精炼铜加征15%关税，推动美国贸易商在新政策生效前提前备货，大量铜从伦敦金属交易所位于亚洲和欧洲的仓库流向美国，一场跨太平洋、跨大西洋的“抢铜潮”提前上演。全球最大铜生产国智利受极端天气与矿山运营扰动影响，8月铜出口额跌至一年多来新低，与此同时，人工智能、数据中心建设以及新能源汽车普及，也成为眼下拉动铜需求增长的重要力量。铜回收市场同样火爆。废铜收购价同比上涨超20%。（央视财经）

铜：精艺股份、北方铜业、江西铜业、电工合金

三、美股光通信、算力租赁领涨 英特尔上调CPU价格10%

1、英特尔上涨9.05%，公司拟上调PC端CPU价格10%。

2、光通信板块大涨，AXT上涨12.85%，Lumentum上涨11.04%，康宁上涨7.65%。

3、AI算力租赁商大涨，CoreWeave上涨11.72%，Nebius上涨7.73%。

CPU：禾盛新材、中国长城、龙芯中科

光通信：华脉科技、华盛昌、云南锗业、剑桥科技

算力租赁：利通电子、宏景科技、协创数据、行云科技

四、上海生育保障再升级

2026年10月1日起，上海将施行生育医疗费用保障新政，实现合规生育医疗费用个人“无自付”。产前检查享4500元定额补贴，超额由生育保险全额兜底，住院分娩政策内费用全额报销。

上海+婴童概念：爱婴室、悦心健康、上海凯宝

五、津巴布韦暂停锑和钨出口

津巴布韦即刻起禁止锑与钨的出口，这是该国政府推动矿业企业在本土开展更多矿产精炼加工的举措之一。（主产地在中国，津巴布韦约占3%）

锑：华钰矿业

钨：中钨高新、翔鹭钨业、厦门钨业

六、国务院第二十一次专题学习

9月8日，国务院以“高质量推进城市更新、促进城市内涵式发展”为主题，进行第二十一次专题学习。建立可持续的城市更新模式，促进城市结构优化、功能完善、文脉赓续、品质提升，以城市高质量发展更好满足人民美好生活需要。以“六张网”建设为契机合理提高重要城市和灾害多发地区关键基础设施设防标准。突出提高宜居宜业水平，从群众生活起居、文化休闲、就学就医就业等场景出发，统筹推进住房、小区、社区到城区的更新改造，加快老旧街区厂区转型升级。

城市更新：新城市、苏州规划、蕾奥规划、建科院

七、行业要闻

1、新闻联播：人民币跨境支付系统与11家外资机构签约。（楚天龙、四方精创）

2、渣打香港推出跨境人民币网络支付清算服务，成为境外首家外资银行实时对接网联清算公司清算业务。

3、美军称摧毁5艘伊朗运油船，伊朗军方警告，将袭击科威特及巴林港口油轮。（中曼石油、通源石油、科力股份）

4、联合国人权事务高级专员警告称，人工智能（AI）对人类构成生存威胁。（任子行、国安股份）

5、《全国渔业发展“十五五”规划》印发。（中水渔业、国联水产）

6、国家疾控局印发《加快提供优质高效眼健康服务工作方案（2026-2030年）》。（爱尔眼科、欧普康视）

7、DeepSeek V4.1 Flash开启中间版本内测。（每日互动）

8、茅台年内第六次调价：自营店飞天涨至1766元。（金种子酒、古井贡酒）

9、通用电气航空航天公司将以117.5亿美元收购CPP。（航宇科技、航亚科技）

10、阿斯麦推进新一代光刻机升级，瞄准大型数据中心芯片市场。",水木调研纪要,爱婴室,1,0,308,https://wx.zsxq.com/group/88888142214212/topic/45548821285124158,data/research/updates/2026-10-07-views-002.csv
2026-09-08T20:48:05,2026-09,20260908今日段子汇总,"20260908今日段子汇总

1、中信出版：公司主营图书出版与发行业务，“夸父AI”平台已覆盖17类出版场景、构建122个AI助理，书稿翻译周期缩短90%，部分图书出版周期缩至原1/3，2025年已启动出版级AI翻译平台、图书智能体等产品研发

2、爱仕达：1、公司与智元机器人签署战略合作协议，是前海再保险股份有限公司的发起股东之一，持股比例为14.50%；2、公司是国产炊具龙头品牌，主营业务是炊具、小家电、家居用品、工业机器人产品及基于工业机器人的智能制造系统集成

3、新 华 都：公司为白酒电商龙头，福建公司，电商代运营服务的品牌有金佰利、伊利、美加净、芳芯、碧缇丝、家安等，进行全渠道销售代理的品牌有泸州老窖、汾酒、五粮液、郎酒、水井坊、古井贡酒、青岛啤酒等

4、生意宝：国内最大行业电子商务运营商和领先的综合B2B运营商之一；公司利用生意社价格大数据与Deepseek大模型开发PriceSeek，布局大宗商品领域AI智能体应用

5、我爱我家：1、国内最早开展全国性房地产经纪连锁业务的企业之一；2、公司开发的小爱聊天助手基于自然语言理解、语义识别、实时推荐等多种技术，利用客户与经纪人聊天的实时数据、客户历史画像、公司积累的海量数据和相关知识库，构建了一套辅助经纪人与客户聊天交互的智能服务系统

6、川发龙蟒：国内基础磷肥行业的主要生产企业之一；公司主营磷肥、复合肥、饲料添加剂等化工产品的研产销，现有各类磷复肥和复合肥产能约225万吨

7、华脉科技：信息通信网络基础设施解决方案提供商；公司主要产品覆盖了从局端OLT到用户端ONU的全系列ODN及无线通信网络建设产品，包括ODN物理连接及保护设备、光无源器件、光缆等光通信产品及微波无源器件、POI多路接入等无线通信网络建设产品

8、敦煌种业：国家育繁推一体化企业；上半年净利润同比预增157.1%左右，因“公司持续优化产品营销策略，依托精准市场定位与多渠道推广举措，自有核心优势品种销量稳步攀升”

9、海欣食品：公司位于福建省福州市，为国内鱼丸龙头，主营速冻鱼糜，速冻肉制品

10、中国出版：公司旗下中华书局打造先贤数字人智能体及先贤智能阅读空间

11、百合花：1、公司拟投1亿元建设年产1000吨聚醚醚酮PEEK材料项目，产品面向人形机器人、新能源汽车、航空航天等高端制造领域；2、公司目前是国内少数具备生产全色谱颜料能力的生产企业，拟以自筹资金投入“年产3000吨电池级碳酸锂项目”，开发的普鲁士蓝（白）主要应用于钠离子电池正极材料；3、COFS 材料可用于固态电池，公司在COFS方面有做过课题研究，并申请了相关专利；4、公司生产的高性能颜料已应用于半导体领域液晶面板用光刻胶，并实现吨级销售

12、桂林旅游：公司主营为游船客运、景区旅游业务

13、中京电子：公司系国内少数兼具刚柔印制电路板批量生产与较强研发能力的PCB制造商，部分产品有直接或间接配套人形机器人的研发、生产等

14、上海电影：公司拥有“专业发行+综合院线+高端影院”完整电影发行放映产业链，控股股东上海电影集团已于前期在上海影视乐园启动真人互动剧游项目，相关剧本策划、演员统筹、投资测算正在积极推进中；旗下的大IP开发主体上影元与互影科技、阅文集团等联合出品了首个双人互动影游项目《查找图书谍影成双》

15、华盛昌：公司收购伽蓝特100%股权，后者专注光通信模块和光芯片测试

16、澳洋健康：子公司江苏澳洋医药物流有限公司具体经营内容包括中药材配送、销售业务

17、读者传媒：公司期刊出版发行方面长期处于行业领先地位，拥有优质IP资源，已尝试通过人工智能生成文章、创作杂志封面并开发AI应用产品

18、中百集团：以商业零售为主业的大型连锁企业

19、华体科技：公司投资5.4亿元构建全国首个以智慧城市为主题的卫星星座“天座”

20、金正大：1、老牌肥料企业；公司的主营业务为常规复合肥、新型肥料、磷肥以及土壤调理剂等植物所需全系列产品的研产销；2、公司拟6亿元投建年产10万吨磷酸铁电池正极前驱体材料项目，形成磷矿—磷酸—磷化工产品—新能源材料综合利用的磷化工全产业链

21、集泰股份：公司当前研发的液冷导热硅油，其应用主要聚焦于数据中心及储能领域的热管理解决方案

22、祥龙电业：公司实控人武汉东湖新技术开发区管理委员会，与长江储存同一实控人

23、红棉股份：全资子公司华糖食品已建立“红棉” 、 “广氏” 、 “双喜” 等食品饮料品牌体系

24、艾艾精工：公司实控人拟转让29.99%股份，控股股东变更为上海誉升

25、新安股份：1、国内除草剂草甘膦和有机硅单体生产龙头企业；2、参股子公司浙江亚格新安电子新材料有限公司现有四氯化硅产能4万吨，具备高纯和超纯四氯化硅生产能力，可用于光纤等行业，产能预计于今年6月正式投用；同时，公司有机硅产品D4是光纤预制棒包层主流核心原料，已与国内外头部光纤企业多年稳定合作；3、公司与浙江人形机器人创新中心共建联合实验室，已向机器人客户批量交付10余款硅基新材料，用于末端执行器、仿生皮肤及柔性传感

26、东亚药业：公司主营医药及中间体，产品主要涵盖抗细菌类药物(β-内酰胺类和喹诺酮类)、皮肤用抗真菌药物等领域

27、精华制药：公司正柴胡饮颗粒近期被国家中医药管理局中医疫病防治专家委员会纳入《新冠病毒感染者居家中医药干预指南》

28、华康股份：公司拟购买豫鑫糖醇100%股权，表示标的为行业内木糖醇生产能力与工艺水平均处于领先地位、市场竞争力较强的两家企业

29、圣晖集成：1、公司中标8.58亿元电子厂房内装及固资项目；2、公司提供英诺赛科（苏州）半导体禅额眼帘洁净室工程服务，核心技术覆盖气流管理、微分子污染控制等领域，已实现量产配套

30、亚泰集团：吉林长春国资委旗下，主营水泥建材、医药、地产等；公司医药集团所属的亚泰制药、龙鑫药业、东北亚药业、亚泰永安堂药业均以生产中成药品种为主

31、粤桂股份：1、公司以硫化工产业为依托，投资建设广东省内唯一优质工业磷酸生产项目-10万吨/年湿法精制硫酸项目，实现与新能源材料产业对接；子公司云硫矿业主要产品是硫精矿、铁矿粉、硫酸和磷肥；2、孙公司华晶科技银粉项目一期已投产并实现销售，二期计划2025年投产，切入光伏银粉赛道；3、公司机制糖业务行业知名度高，子公司贵糖集团位列广西十大糖业集团，制糖生产能力为日榨甘蔗1.2万吨，年甘蔗入榨需求量为130万吨

32、华昌化工：江苏省化肥行业龙头，控股股东将变更为苏州宣力

33、盈新发展：公司拟5.2亿元收购长兴半导体60%股权，切入存储芯片领域

34、云煤能源：云南省大型的焦炭生产与焦化工企业之一；旗下拥有焦炉气制甲醇，产能10万吨/年

35、中钢国际：;中钢集团旗下，冶金工程领域最早走出去的中国企业之一；主营以工程总承包为核心的工业工程、技术开发和工业服务，先后承建了150个多个海外项目，已在16个“一带一路”沿线国家落地国际工程承包商

36、和顺石油：子公司奎芯科技在UCIe领域已开展相关IP研发与技术储备，聚焦高速互连与Chiplet生态，助力客户实现高带宽、低延迟及可扩展的系统设计

37、中粮科技：中粮集团旗下，控股子公司中粮黑龙江酿酒有限公司设计产能5000吨/年，共有“东方春”、“老古”、“忠良工匠”、“百战”、“东北大粮仓”，5个系列共25款白酒产品在全国近18个省均有销售

38、国脉科技：1、公司注册地位于福建省福州市，已在开展6G关键技术的跟踪研究和人才培养；2、公司主要从事物联网技术服务、物联网咨询与设计服务，与主流大模型服务商合作，构建深耕于社区养老以及居家养老场景的 AI Agent

39、慈文传媒：公司核心影视业务主要包括影视剧的投资、制作及发行业务，推动《查找图书武林外史》《查找图书圆月弯刀》《查找图书多情剑客无情剑》等五部微短剧开发制作；互动剧方面，公司已与互影科技签署了战略框架合作协议，双方将利用AI联合研发改编经典IP衍生互动剧

40、大连友谊：公司零售业主要集中在大连地区，以百货店（友谊商城）为主，持续通过第三方直播平台等新媒体营销手段来拉动销售

41、出版传媒：辽宁省教材教辅出版企业；公司积极推动数智出版融合发展，应用AI图书数字人，采用“一书一模型”为纸质书配置专属AI助手，提供内容答疑、伴读与知识拓展服务，已在《查找图书数学周报》《查找图书尖子生题库》等产品落地应用

42、精艺股份：公司签订阴极铜采购合同，累计金额达21.86亿元

43、热威股份：公司主营电热元器件，包括民用电器、商用电器、工业装备和新能源汽车等行业

44、潞化科技：华北地区重要的煤制尿素代表企业；公司化肥板块主要产品为以无烟煤为原料的纯煤制尿素，具备132万吨/年的尿素生产能力，甲醇设计产能40万吨

45、泸天化：公司主营业务包括尿素、复合肥等化肥类产品；甲醇装置处于同行业先进水平，子公司绿源醇从事甲醇业务，拥有甲醇产能70万吨/年

46、深华发Ａ：1、公司地处深圳，在深圳市福田区华强北商圈及光明新区公明街道均拥有数万平方米的大型物业；2、公司主营精密注塑件及液晶显示器，现有新型生产流水线，拥有自动化设备自动涂胶机器人、注塑机等十多台

47、香江控股：公司签5年互联网数据中心业务协议，预计总金额7.96亿元

48、博瑞传播：公司旗下每经科技2026年重点推广新增的AI舆情和GEO服务等产品线，核心产品雨燕智宣已接入通义千问大模型并入驻阿里云百炼平台，客户覆盖金融、政府、上市公司及媒体领域

49、黑猫股份：国内炭黑行业龙头；公司介孔碳产品已进入中试阶段，目前中试产品已送客户试样推广，主要用于硅碳负极材料及电容炭领域

50、法尔胜：1、参股的普天法尔胜光通信有限公司主要产品为光纤预制棒、光纤、光缆，上述产品可以应用于在运营商基础网络通信及广播电视通信领域；2、公司成功推出了性能优良的熊猫型保偏光纤，产品成功应用于神州七号和天宫一号等国家重大特大型号任务中

51、中粮糖业：国内糖业巨头，覆盖糖全产业链，糖总经营量300万吨，占全国糖总消费量的20%

52、合众思壮：1、北斗导航行业龙头企业之一，拥有完整军工资质；2、在无人驾驶领域，公司目前主要聚焦非道路工程机械无人驾驶技术的研究，并在农机自动驾驶系统领域已经实现规模化应用

53、华锦股份：公司偏三甲苯产能2.8万吨

54、深物业A：深圳国资委控股的深圳投资控股公司旗下；主营房地产开发、房屋租赁、物业管理，餐饮业务和仓储业务

55、保龄宝：国内功能糖龙头之一，全球5家赤藓糖醇生产商之一

56、天禾股份：公司目前已在试点地区开展农业植保无人机代理销售，未来将视市场情况在省内部分种植核心区代理农业植保无人机的销售工作

57、苏垦农发：公司是国内一体化种植龙头，拥有耕地119万亩，一季度净利润同比增加16.66%

58、永安药业：公司是牛磺酸行业龙头

59、金牛化工：1、公司主营业务为控股子公司金牛旭阳的甲醇生产和销售，产能为20万吨/年，采用焦炉气制甲醇工艺；2、公司签4.36亿元风力发电机组设备采购合同

60、中曼石油：公司业务涵盖勘探开发、油服工程、石油装备制造，已形成成熟完备的钻采一体化服务能力，油气装备涵盖从钻机整机到顶驱、泥浆泵、自动猫道等关键部件一系列产品体系

61、武汉凡谷：公司微波器件产品（如微波双工器、微波滤波器）是卫星中继通信和微波点对点通信的核心部件

62、贵州燃气：公司拟发行股份购买贵州页岩气勘探开发有限责任公司100%股权，标的公司实现高纯气体生产领域零的突破，高纯氦气日均产出超200立方米

63、三孚股份：1、商务部对原产于日本的进口二氯二氢硅实施临时反倾销措施，唐山三孚电子材料曾代表国内产业提起调查申请；2、公司电子特气产品应用于存储芯片等领域

64、和邦生物：公司化肥产品主要为通过联碱法生产的氯化铵，设计年产能为125万吨/年

65、赤天化：贵州最大的甲醇生产企业；公司化工业务涵盖尿素、甲醇及复合肥的生产和销售，具备年产52万吨尿素、10万吨复合肥、5万吨车用尿素的生产能力

66、众泰汽车：汽车整车制造企业，拥有众泰、江南、君马等自主品牌；25年大幅减亏

67、瑞尔特：公司注册地位于福建厦门海沧区，专注于卫浴配件产品和智能卫浴产品

68、世联行：公司专注房地产服务，旗下拥有“红璞公寓”、 “世联空间”、“小样社区”等多个品牌

69、奥浦迈：公司专门从事细胞培养产品与服务

70、科森科技：1、公司为某品牌家用机器人提供相关结构件；2、公司与清陶能源共同投资设立了合资公司——科森清陶能源科技有限公司，专注于固态电池的集成、组装和系统集成等业务

71、思美传媒：三大看点：
1、AI短剧全链路闭环（掌维科技专属平台，小说IP→剧本→分镜→视频）
2、3亿用户 · 10万+网文IP（原创书殿等网文平台储备）
3、版权护城河（网络出版物许可证 + 版权管理软著 + 数字版权保护技术）。底部点睛：AI短剧 + 海量IP + 知识版权 三重看点",水木调研纪要,零售|电商|旅游|餐饮|中百集团|桂林旅游,1,0,422,https://wx.zsxq.com/group/88888142214212/topic/82258841215188152,data/research/updates/2026-10-07-views-002.csv
2026-09-08T20:22:01,2026-09,[太阳]【H&H国际控股】核心要点（2026-09-08）,"[太阳]【H&H国际控股】核心要点（2026-09-08）

[礼物]【ANC】多区域市场景气度上行
[玫瑰]中国市场：毛利率提升主要来自提升自播比例/达人端产品组合优化/以及#较高利润率的山姆为代表的新零售渠道收入高双位数增长（占比达10%）。2026年新品主推AKK、熟氨糖，#当前2个月内达到千万级营收。下半年因新品推广，预计营销费用略有提升。
[玫瑰]澳洲市场本土增长持续超过行业平均，线下药店渠道增速稳健；代购业务处理始于2026年5月，#2026H2起代购影响预计完全消除。#
[玫瑰]扩张市场收入维持双位数增长，当前核心目标为扩大规模、抢占市场份额。上半年EBITDA已实现转正，#后续将持续优化盈利水平。#
[礼物]【BNC】1/2/3段传导顺畅，儿童营养粉或提高盈利能力
[玫瑰]#一二段收入占比接近60%，一段增速远高于整体增速，#二段转三段转化率约50%。当前渠道库存处于低位，预计2027年恢复至30天左右正常水平。
[玫瑰]儿童营养粉“大灌篮”针对3-12岁儿童长高需求2025年5月推出，目前以线上渠道为主，#售价和毛利率均高于婴配粉。#
[礼物]【成本端】原料涨价平抑顺利，预计影响有限
[玫瑰]针对乳清蛋白等原材料价格上涨，公司通过预付款提前锁量锁价、与欧洲供应商长期合作保障货源稳定，叠加产品高端化结构升级、人民币走强降低进口成本等正向因素，上半年奶粉毛利率提升约3个百分点，抵消了原材料涨价、空运成本增加的压力。

[庆祝]详情欢迎沟通，恳请鼎力支持",水木调研纪要,零售|山姆,1,0,400,https://wx.zsxq.com/group/88888142214212/topic/82258841215815852,data/research/updates/2026-10-07-views-002.csv
2026-09-08T19:35:35,2026-09,【华泰互联网传媒】美团小象华南首店调研：即时零售线下化跑通，自有品牌+现制体验构建第二增长曲线,"【华泰互联网传媒】美团小象华南首店调研：即时零售线下化跑通，自有品牌+现制体验构建第二增长曲线

[太阳]深圳福田小象开业两周持续高热度，开业首日午间客流超200人、16台自助收银全开仍排队，一周后客流稳定80人+、现制摊位持续有客、就餐区满座。对比同商圈成熟盒马店（4000㎡+）客流环比略降、收银峰值约5人，小象3000㎡更小业态的坪效表现更优，更聚焦食品、更重现制的业态差异化初步验证。

核心看点三条线：
1、低价爆品+现制体验构建差异化护城河：烤鸡19.9元、白灼虾19.9元、2L凤凰单丛8.8元建立价格心智；熟食试吃（白切鸡摆半只）、潮汕牛肉现切现打、9.9元咖啡+现打精酿打造可逛可尝可即食线下增量。这是美团闪购/外卖纯线上模式无法提供的体验增量，线下店成为获客+转化的流量入口。

2、区域化商品能力超预期：专设潮汕牛肉鲜切档、增加开海季本地水产、采用广东直供短链，山药/芒果纳入深圳绿盾+深标体系，标准化商品体系具备区域适配弹性，验证美团供应链从餐饮向生鲜零售延伸的可行性。

3、自有品牌线下孵化、线上复购闭环成型：小象烘焙接近全自有、冻品40%-50%、饮品35%-40%+，试饮试吃降低首购门槛、线上线下同价验证线下引流+线上履约闭环。对比盒马全店自有品牌渗透率70%-80%，小象仍有提升空间，但品类扩张路径清晰。

对美团的战略意义：小象验证线下「门店+前置仓+即时配送」三位一体模式，破解即时零售纯线上获客成本高+用户粘性弱的结构性难题。线下门店承接计划性采购+试吃转化，前置仓覆盖高频复购，配送网络提供履约保障，用户LTV和复购率有望显著提升。若模型跑通+加速开店，小象将成为美团即时零售的第二增长曲线，对标盒马/山姆抢夺中高端生鲜市场。当前全国仅5家，单店盈利模型和扩张节奏是关键验证点。

#需要详细探店notes欢迎联系我们～#",水木调研纪要,零售|外卖|餐饮|山姆|美团,1,0,368,https://wx.zsxq.com/group/88888142214212/topic/22258841241821451,data/research/updates/2026-10-07-views-002.csv
2026-09-08T11:20:39,2026-09,喜茶重启加盟对市场竞争格局影响几何？,"喜茶重启加盟对市场竞争格局影响几何？

事件：时隔一年半，喜茶本周正式重启合伙人模式，目前暂未明确合伙模式为特许经营或类似瑞幸联营模式。

在合伙人申请界面，喜茶明确强调，茶饮不再是快速回本并获取暴利的商业业态。

考虑投资门槛、单店模型，在当前环境下，我们认为喜茶重启合伙人模式，或难推动门店再回归高速扩张轨道：

1）投资门槛

原喜茶加盟门槛在100万起步，且对加盟商资质有严格要求，此前扩张过程中，首批以超级加盟商为主。目前看，这部分群体对再次加盟喜茶的意愿预计较低，叠加品牌收紧审核，预计短期放店节奏不会太快。

2）单店模型不确定性较大

喜茶原先建店成本约75-105万（不含房租），门店静态回本周期24-40个月，显著高于古茗；

实收后毛利率：喜茶加盟商实收后毛利率近40% VS 古茗50%+。其核心瓶颈仍在于供应链效率，喜茶全国仅3000家门店，且分布较为分散，直营冷链物流效率依然较低，叠加鲜果损耗，及门店高出品要求，若要优化下沉市场单店模型，必须向加盟商让利物料毛利。

综上，喜茶重启加盟后门店规模扩张速度，核心取决于：
① 是否能优化加盟商物料综合成本；
② 是否能优化鲜果损耗SOP，降低门店人力与报废压力；
③ 是否推出轻量化店型，降低初始投资。

基于喜茶过往策略及本次重启合伙人声明，预计短期门店较难重回快速扩张通道，整体对市场竞争格局影响或较为有限",水木调研纪要,喜茶|古茗|瑞幸,1,0,424,https://wx.zsxq.com/group/88888142214212/topic/55521148112825254,data/research/updates/2026-10-07-views-002.csv
2026-09-08T09:45:01,2026-09,☀️【千禾味业】推荐更新：电商团队焕新加大投入，品牌迭代加速，股东回报增强（2026-9）,"☀️【千禾味业】推荐更新：电商团队焕新加大投入，品牌迭代加速，股东回报增强（2026-9）

[玫瑰]产品&渠道收入增量——
电商新团队（base杭州，朱总牵头）6月末到位，#7~8月电商高增长且预计后续可持续，目标重回历史高点；双节、双十一都是关键验证节点。#原浆酱油8月26日线上开售，460ml/24.9元，非加热灭菌新工艺，定位放量爆品，计划先线上再线下，后续也会有同系列推新。
#KA/现代渠道快于整体（定制合作驱动，如沃极鲜体系的定制产品占比60%提升至80%）；流通渠道还在收缩；即时零售较快增长；#当前代工业务体量已过亿且增长快。发货节奏偏紧#8月15日起停产“0”商标产品，三季度会适度控货，尽快消化老包装。

[玫瑰]盈利能力趋势——
Q2净利率低于历史中枢，规模效应不足；如果收入达7亿元以上，则固定费用摊薄会有改善。#电商新品推广费用投放适度宽松，但以盈亏平衡为底线；换装暂无无大规模促销的计划，会有局部促销滞销品。成本端#包材、运费回落；厄尔尼诺或推涨后续农产品价格，#豆类锁价已覆盖至2026年底，下半年毛利预计与上半年平稳。

[玫瑰]公司战略&股东回报——
品牌端逐步弃用“零添加”话语体系，改用“配料干净”的宣称，清洁标签仅作信任状、不作核心卖点。#未来三年分红比例不低于90%，暂无大额资本开支计划，对待并购偏谨慎。

[庆祝]详情欢迎沟通，恳请鼎力支持🏆~[抱拳]",水木调研纪要,零售|电商,0,0,336,https://wx.zsxq.com/group/88888142214212/topic/55521148288448144,data/research/updates/2026-10-07-views-002.csv
2026-09-08T08:44:35,2026-09,‼️【浙商证券‖轻工纺服史凡可/马莉等】期待您的支持！,"‼️【浙商证券‖轻工纺服史凡可/马莉等】期待您的支持！

[太阳]复盘26年全球成熟市场消费K型分化，我们深度推荐# 比音勒芬、西锐 等高端消费优质品种，同时在全球化时代精确把握# 英科医疗、英科再生、致欧科技、晶苑国际 的经营向上拐点。

[太阳]展望27年我们推出兼具成长&价值的消费组合，关注新增推荐：

1️⃣东方甄选：涅槃重生后提速确认。 持续打造高质价比自营爆品，多平台扩圈高ROI保障利润健康发展，FY27-28经调利润9/11亿元，对应pe 26x/21x。

2️⃣九号公司：下半年两轮车收入和利润环比改善， 割草机器人保持高速增长。预计26-27年归母净利润19/26亿元，对应pe为15x/11x。

3️⃣古茗：同店持续超预期，明年开店有望提速。预计26-27年归母净利润32/39亿元，对应pe为16x/14x。

4️⃣裕同科技：开启成长提速。包装主业韧性强于预期、液冷进入兑现期，高安全垫+科技期权价值凸显。预计27年利润22亿，对应pe 16x。

5️⃣江南布衣：高端女装龙头。独特定位+核心客群高粘性驱动业绩增长稳定性超预期，FY27净利润10.8亿元，对应PE8.8X，股息率8.5%。

6️⃣中烟香港：中烟优质资产。业绩低点已过、H2经营改善，预计27年利润11.9亿港元，对应pe 14x。

7️⃣乐舒适：非洲快消龙头。公司产品/渠道/供应链/组织多维度领先，长久期品种。27年净利润1.9亿美元，PE 13x，股息率4%。

风险提示：消费力不足、地产预期持续悲观",水木调研纪要,古茗|致欧科技|东方甄选,0,0,321,https://wx.zsxq.com/group/88888142214212/topic/45548821414455888,data/research/updates/2026-10-07-views-002.csv
2026-09-08T08:44:28,2026-09,野村证券的中国互联网夏季研报写了一些很关键的数据，大部分出自Quest Mobile：,"野村证券的中国互联网夏季研报写了一些很关键的数据，大部分出自Quest Mobile：

- 抖音的月均使用时长有史以来第一次超过了微信，成为中国人最耗时间的App，抖音的日活用户（7.14亿）低于微信（9.31亿），这意味着每个活跃用户投入在抖音的时间要远高于微信；

- 在中国月均使用时长排名前20的App里，字节独占5席，依次是抖音、抖音极速版、红果短剧、今日头条和番茄小说，分走了中国网民35%的使用时长，而腾讯占到4席，分别是微信、搜狗输入法、王者荣耀、腾讯新闻，但加起来只分走了24%的时长占比；

- 红果短剧的日活用户达到1.68亿，比「爱优腾芒」四大长视频平台加起来还多⋯⋯而且随着假期到来，红果短剧的增长甚至还没放缓，同比高达107%，而「爱优腾芒」的日活用户全都出现了两位数以上的下降，无一幸免；

- 在线音乐市场也在被字节系产品蚕食，汽水音乐和番茄音乐的日活用户分别增长70%和37%，除了网易云音乐守住基本盘没有崩掉以外，QQ音乐、酷狗音乐、酷我音乐均在不同程度的流失用户；

- 小红书的日活用户涨了6%，可以理解为是世界杯直播版权换来的增量，值不值就看内部如何判断了，但社交赛道总体来说还是下行的，微博和QQ的日活用户和使用时长都在往下掉；

- AI应用赛道，豆包的1.68亿日活依然断崖式领先，远远甩开日活3100万的DeepSeek和日活2800万的千问，不过从日均使用时长来看，中国仍然没有任何一款AI应用能突破20分钟，最高的是DeepSeek，16.5分钟，环比下降；

- 钉钉日活7700万，企微日活7200万，飞书日活1000万，但用户的日均使用时长是反过来的，飞书14.8分钟，企微12.4分钟，钉钉9.9分钟，这应该是它们最后一次被单独分类统计了，整条赛道都会被AI办公给顶替掉；

- 携程、去哪儿、飞猪三大OTA平台的日活用户全都出现了下降，这在暑假这个旅游旺季不太应该出现，说明选择出去玩的人在变少，对照来看，百度和高德的日活用户也在下降；

- 其他主流App方面，拼多多的日活用户再次反超淘宝，美团的日活用户微涨，但使用时长不增反降，百度的日活用户暴跌21%，Boss直聘成了这个暑期档除字节系之外的最大赢家，日活用户大涨15%。",水木调研纪要,旅游|携程|去哪儿|OTA|飞猪|美团,0,0,316,https://wx.zsxq.com/group/88888142214212/topic/22258841515528181,data/research/updates/2026-10-07-views-002.csv
2026-09-08T08:32:59,2026-09,20260907今日段子汇总,"20260907今日段子汇总

1、迅捷兴：1、公司拥有深圳、信丰和珠海三个制造基地，PCB业务涵盖样板、小批量板和大批量板，是行业内为数不多可以为客户提供从样板到批量生产一站式服务的PCB企业；2、公司表示在光模块领域已积累了相关产品经验和客户，目前可批量接单；3、公司产品主要应用于工业机器人类型产品，如焊接机器人、多关节机器人、智能协作机器人、移动机器人等

2、思看科技：1、公司与拓竹科技签订框架合作，共同开发消费级3D扫描仪；2、公司6D位姿跟踪系统已在工程机械、焊接机器人等场景实现批量订单

3、中石科技：1、中际旭创拟以55.70元/股受让公司控股股东10.47%股份，交易总价17.47亿元，成为公司持股5%以上股东；2、公司宜兴子公司主营产品包括液冷模组等，建立相关技术储备和产品线，为国内外多家服务器企业提供液冷等全方位的管理综合解决方案；3、公司VC产品在高速光模块中的市场化应用加速落地

4、爱仕达：公司与智元机器人签署战略合作协议，是前海再保险股份有限公司的发起股东之一，持股比例为14.50%

5、亚盛集团：我国当前最大规模的农艺种植基地；公司主营啤酒花、苜蓿牧草、马铃薯、制种玉米、大麦、食葵、果蔬等作物规模化种植

6、百大集团：公司主要从事百货零售、酒店服务、物业管理业务

7、罗 牛 山：海南本地股，主营畜禽养殖为主

8、播恩集团：公司的主要产品为猪用饲料，拟1.25亿元收购3家饲料公司

9、中国出版：公司旗下中华书局打造先贤数字人智能体及先贤智能阅读空间

10、敦煌种业：国家育繁推一体化企业；上半年净利润同比预增157.1%左右，因“公司持续优化产品营销策略，依托精准市场定位与多渠道推广举措，自有核心优势品种销量稳步攀升”

11、天沃科技：公司主营压力容器设备制造和电力工程EPC业务，与上海微电子均为上海国资委下属公司

12、安记食品：公司位于福建泉州市，系复合调味品小龙头，主要产品包括复合调味粉、天然提取物调味料、香辛料、酱类、风味清汤等

13、海欣食品：公司位于福建省福州市，为国内鱼丸龙头，主营速冻鱼糜，速冻肉制品

14、华天酒店：湖南省旅游酒店支柱企业，2026年中秋、国庆间隔仅3天，部分地区形成“请3休13”，平台热门城市酒店提前预订量同比增长近四成

15、中水渔业：中国农业发展集团旗下，主营远洋水产品，有金枪饺子、金枪鱼圈等预制食品

16、铭普光磁：1、通信磁性元器件研发生产企业；公司光模块以PON光模块和数据中心光模块为主，主要应用于数通市场和电信市场两大领域；一季度业绩同比减亏；2、公司研发出图腾柱无桥电路PFC电感-4KW，并与半导体供应商Innoscience（英诺赛科公司）芯片系列搭配使用开发

17、共进股份：1、公司深耕以太网交换机领域多年，产品覆盖园区、SMB 场景及 100G/400G/800G 等规格数据中心交换机，同时布局工业与白盒交换机赛道，作为 Arista Networks 核心代工厂间接供应英伟达、微软等头部客户；2、参股孙公司山东华云光电技术有限公司致力于光模块等产品的研发、生产及销售

18、华正新材：公司已将AI算力赛道纳入五年战略重点，Extreme Low-loss等级覆铜板已批量供货AI服务器、交换机、数据中心等核心场景

19、科瑞技术：公司为国内外客户提供超高精密部件、光耦合设备、共晶设备等多款半导体封装及测试设备，光耦合、共晶、芯片AOI设备均已量产

20、顺络电子：国内被动电子元器件行业电感细分龙头企业；公司专注于片式电感、片式敏感器件（包括热敏电阻、压敏电阻和钽电容）、LTCC器件、传感器等新型片式被动电子元器件的研产销，是华为、小米手机电感的重要供应商

21、铁流股份：公司空心电机轴处在客户产品开发阶段，子公司广东中配互联网科技公司在云计算、BI分析、智能机器人等方面已进行投入

22、禾盛新材：公司参股的熠知电子主营CPU及服务器产品

23、百合花：1、公司拟投1亿元建设年产1000吨聚醚醚酮PEEK材料项目，产品面向人形机器人、新能源汽车、航空航天等高端制造领域；2、公司目前是国内少数具备生产全色谱颜料能力的生产企业，拟以自筹资金投入“年产3000吨电池级碳酸锂项目”，开发的普鲁士蓝（白）主要应用于钠离子电池正极材料；3、COFS 材料可用于固态电池，公司在COFS方面有做过课题研究，并申请了相关专利；4、公司生产的高性能颜料已应用于半导体领域液晶面板用光刻胶，并实现吨级销售

24、光洋股份：1、公司拟10亿建设新能源汽车及机器人用精密零部件项目；2、公司已获得小鹏飞行汽车X3项目定点，完成A样交样""

25、坤彩科技：公司地处福建，主营珠光材料77%、钛白粉20%

26、中百集团：以商业零售为主业的大型连锁企业

27、科安达：公司产品主要有轨道交通信号计轴系统、铁路站场综合防雷系统、信号监测防雷分线柜等

28、汇绿生态：公司拟不超1.95亿元收购武汉钧恒30%股权，武汉钧恒对高速光模块技术持续投入，当前已经具备单波400G高速链路仿真能力，um级高精度光学微组装能力，及各种高速控制算法能力；基于上述能力积累，当前武汉钧恒1.6T模块相关产品已经开发出来，具备送样能力，3.2T模块单点技术已经验证完成，预计年底启动项目开发

29、清源股份：光伏支架细分领域龙头，公司总部位于福建省厦门市

30、华兴源创：1、公司拟以现金2.06亿元收购武汉普赛斯39%股权，标的长期专注于光电测试仪器仪表与测试装备，产品覆盖示波器、源表、误码仪等光模块测试全品类产品；2、公司人形机器人控制器模块测试设备已供货海外实验室，并计划2026年继续扩大该领域测试业务

31、华脉科技：信息通信网络基础设施解决方案提供商；公司主要产品覆盖了从局端OLT到用户端ONU的全系列ODN及无线通信网络建设产品，包括ODN物理连接及保护设备、光无源器件、光缆等光通信产品及微波无源器件、POI多路接入等无线通信网络建设产品

32、深南电路：国内IC载板龙头，已成为全球领先的无线基站射频功放PCB供应商、亚太地区主要的航空航天用PCB供应商、国内领先的处理器芯片封装基板供应商

33、上海电影：公司拥有“专业发行+综合院线+高端影院”完整电影发行放映产业链，控股股东上海电影集团已于前期在上海影视乐园启动真人互动剧游项目，相关剧本策划、演员统筹、投资测算正在积极推进中；旗下的大IP开发主体上影元与互影科技、阅文集团等联合出品了首个双人互动影游项目《谍影成双》

34、中央商场：公司主营百货零售业以及部分房地产开发业务

35、博敏电子：公司为国内PCB细分HDI板龙头，现已为多家客户批量提供400G、800G光模块产品

36、天创时尚：公司控股股东安徽先睿为轴承企业慈兴集团全资子公司，核心业务为机器人轴承与商业航天轴承两大板块

37、道道全：公司主营食用植物油，有菜籽种植基地，主要种植高油酸菜籽品种，为公司的高油酸菜油提供原料资源

38、豪美新材：华南地区最具规模的汽车轻量化铝基新材料企业，前瞻布局人形机器人、低空飞行器、液冷散热器等新兴赛道

39、盾安环境：公司液冷机组产品此前主要面向储能应用场景

40、智慧农业：1、知名农业机械品牌，主力产品为柴油机与汽油机以及秸秆还田式收割机等；2、公司金属矿产品业务占比21%，在西藏地区的色金属采矿权和探矿权，资源品种以锌、铜为主

41、中京电子：公司系国内少数兼具刚柔印制电路板批量生产与较强研发能力的PCB制造商，部分产品有直接或间接配套人形机器人的研发、生产等

42、红四方：公司为中盐集团农肥业务板块的运营主体

43、澳洋健康：子公司江苏澳洋医药物流有限公司具体经营内容包括中药材配送、销售业务

44、光迅科技：1、光模块龙头之一，字节跳动是公司重要客户；此前联合思科推出1.6T硅光模块，发布OCS全光交换机；2、公司是浸没液冷智算产业发展联盟会员单位，是相关标准、工艺研究和实践的重要参与者之一，目前已有相关产品发布，可以提供全套的液冷光模块产品

45、汇得科技：公司研发部门进一步探索和加大聚氨酯材料在机器人等领域的应用产品开发，部分产品已送样至上述领域的运用客户

46、润邦股份：子公司签订6艘活鱼运输船销售合同，总金额约28亿元至33亿元

47、江海股份：国内唯一、全球少数几家在铝电解电容器、薄膜电容器、超级电容器三大类电容器同时研产销的公司，而且是品种最齐全、产业链最完整的企业

48、金正大：1、老牌肥料企业；公司的主营业务为常规复合肥、新型肥料、磷肥以及土壤调理剂等植物所需全系列产品的研产销；2、公司拟6亿元投建年产10万吨磷酸铁电池正极前驱体材料项目，形成磷矿—磷酸—磷化工产品—新能源材料综合利用的磷化工全产业链

49、新赛股份：公司农业主要产品为棉籽、葵花籽、菜籽及其他油料作物，立足于新疆棉花产业，聚焦棉业全产业链

50、长江材料：公司生产的3D打印砂应用于3D打印砂型铸造，采购公司3D打印砂的客户中有航天领域的供应商

51、北特科技：1、公司根据客户需求，配合推进人形机器人用丝杠产品的样件研发工作；2、公司目前通过Tier one客户间接向华为问界系列车型配套供应转向器齿条、齿轮等产品，向特斯拉配套相应底盘零部件产品

52、浙江荣泰：公司新设智能机器人子公司，一季度净利润同比增长20.63%

53、江南新材：公司铜基新材料产品广泛应用于PCB制造及服务器液冷散热领域，高精密铜基散热片已应用于服务器液冷散热

54、红豆股份：公司投资智能养老机器人项目，布局“人工智能+居家养老”领域

55、斯菱智驱：公司计划逐步开发和量产谐波减速器、执行器模组、丝杠三大类产品

56、华盛昌：公司收购伽蓝特100%股权，后者专注光通信模块和光芯片测试

57、长江通信：1、参股公司长飞光纤是世界领先的光纤预制棒、光纤及光缆供应商之一；2、低轨卫星通信是公司重点开拓的新行业之一，公司背靠中国信科，其在星地融合标准制定上发挥了突出的贡献，自R18开始首次实现中国在3GPPNTN的标准立项，目前已累计牵头16项，是全球牵头卫星NTN立项最多的公司""

58、中远通：1、公司服务器电源可配套数据中心建设，标准化服务器电源360W到3200W系列产品已全部小批量生产，部分实现批量生产，且均有国产化产品；2、公司拟与郑州正方科技合作共同拓展两轮电动车快充充电桩业务

59、金字火腿：1、全资子公司拟不超过3亿元取得中晟微电子不超过20%股权，后者专注于高速光模块核心电芯片的研发设计；2、公司主营火腿及特色肉制品，重点发展香肠、腊肉、咸肉等，同时加快休闲食品市场布局

60、超声电子：公司M7/M8级高速覆铜板处于研发测试阶段，800G、1.6T光模块配套PCB在研究跟进中

61、桂林旅游：公司主营为游船客运、景区旅游业务

62、沪电股份：国内规模最大、技术实力最强的PCB制造商之一

63、天马科技：公司位于福建省福清市，鳗鱼产业链龙头

64、综艺股份：参股企业神州龙芯是一家集成电路设计企业，第一款完全自主知识产权的通用CPU龙芯一号就诞生于该公司

65、福莱新材：1、电子皮肤在人形机器人用途有身体关节的防碰撞、灵巧手等，公司全资子公司浙江欧仁新材料拥有传感器专利，分别是基于柔性压敏元件的拉伸传感器、一种柔性温度传感器及其制备方法等；2、目前公司电子级功能材料主要应用于苹果、华为、三星及国内知名高端品牌手机的无线充电模组及石墨散热模块

66、景旺电子：国内少数产品类型覆盖RPCB、FPC和MPCB的厂商

67、科森科技：1、公司为某品牌家用机器人提供相关结构件；2、公司与清陶能源共同投资设立了合资公司——科森清陶能源科技有限公司，专注于固态电池的集成、组装和系统集成等业务

68、读者传媒：公司期刊出版发行方面长期处于行业领先地位，拥有优质IP资源，已尝试通过人工智能生成文章、创作杂志封面并开发AI应用产品

69、豪尔赛：1、公司参股的华奕新能源已中标某头部通讯公司的数据中心冷板试点项目，其基于蒸发冷却独有冷水技术，复合液冷板，可完全实现无压缩机补冷；2、公司智慧灯杆解决方案基于灯具节能、智能灯控等技术，结合物联网、大数据、5G、AI、机器视觉等新一代信息技术，通过智慧照明云平台对城市路灯等公共照明实现统一智能化管理

70、魅视科技：1、公司授权管理层开展磷化铟半导体材料产业化项目前期准备工作，项目分两阶段推进：第一阶段拟投资1200万元建设磷化铟半导体材料研发实验室，配置20台（套）工艺验证设备，进行技术性实验及可行性验证；第二阶段若实验结论可行，计划投资2亿元至2.6亿元进行产业化扩建，购置主要生产制造设备280台（套）及其他配套设施；2、公司AI边缘智能分析平台深度融合边缘计算与CV视觉分析技术，可对存量摄像头进行AI赋能，打造“事前预警-事中干预-事后追溯”的全流程闭环监管体系

71、广合科技：公司拥有CPU PCB产品，上半年度净利同比预增85.12%—95.29%，主要受益于算力硬件需求激增、产品结构优化及泰国广合一期产能利用率提升带动盈利能力增强

72、新华百货：宁夏地区最大的商业零售企业，拟斥资2亿元至4亿元回购公司股份

73、京能置业：实控人为北京国资委，主营房地产，公司大量的土地储备资产位于规划中的奥运村附近，自身介入的天元港国际中心项目地处北京涉外气氛最浓的区域

74、金海高科：公司通过全资子公司专业布局 AIDC 算力基础设施服务， 以温控洁净为核心技术底座， 具备“算、 网、 电、 冷” 一体化全栈设计与系统集成能力， 构建冷板液冷、 浸没液冷两大成熟技术路线， 目前正有序推进液冷板、 CDU、 流量分配器、 不锈钢环网、 浸没机柜等核心温控洁净部件的自主研发及技术迭代工作

75、博纳影业：公司短剧业务坚持 “主旋律 + 精品化” 路线，2025年推出《长津湖之冰雪尖兵》《红海行动：蛟龙小队》等短剧，延续电影叙事风格，在央视影音、腾讯视频播放量均破1.5亿；搭建 “博纳短剧工作室”，引入电影级制作团队，控制单部短剧成本超500万元，目前已储备6部主旋律短剧项目

76、兴森科技：国内本土IC封装基板行业的先行者之一；公司生产的FCBGA封装基板可用于HBM存储的封装

77、博杰股份：1、公司拿下鼎泰芯源控股权，鼎泰芯源由中科院半导体所Ⅲ-V族化合物半导体技术团队创立，目前的核心产品为磷化铟衬底，是国内少数几家掌握磷化铟衬底材料核心技术并实现国产化量产的企业；2、公司聚焦液冷服务器制造与检测环节，核心提供液冷板精密焊接设备、液冷系统密封性检测设备及自动化产线解决方案

78、金健米业：中国粮食行业第一股，在国内拥有较高的品牌知名度；公司主要产品有大米、面粉、面条、植物油、牛奶等

79、集泰股份：公司当前研发的液冷导热硅油，其应用主要聚焦于数据中心及储能领域的热管理解决方案

80、华体科技：公司投资5.4亿元构建全国首个以智慧城市为主题的卫星星座“天座

81、崇达技术：公司是全球领先的小批量PCB企业，供给工业控制领域客户的PCB产品有应用于智能家居、人形机器人、工业机器人等方面

82、天通股份：公司生产的铌酸锂晶体材料是铌酸锂电光调制芯片及器件的上游关键原材料；公司已自主量产6英寸铌酸锂/钽酸锂晶体及黑化抛光晶片

83、青山纸业：1、控股子公司恒宝通光主营光通信模块及组件产品的研产销，系国家级高新技术企业，产品主要应用于移动通信领域，为全球大型模拟半导体设备供应厂商Avago逾十年的供应商；2、综合性造纸上市公司，实控人福建省国资委；公司主要产品为“青山牌”系列伸性纸袋纸、牛皮包装纸、溶解浆等产品

84、万向德农：公司是国内采用单倍体育种技术领先供应商

85、美格智能：公司5G模组已用于国内人形机器人并小批量发货，高算力AI模组为合作伙伴人形机器人原型机提供端侧AI算力

86、万讯自控：1、公司自身为工业自动化仪器仪表龙头，测氢专用传感器可应用在氢气储罐、加氢站、氢燃料电池测试台、氢能源汽车等领域，目前在市场销售；2、公司产品包括工业机器人3D视觉系统，可以配合机械手使用，应用于汽车、玩具、设备等行业智能制造自动化生产线中；此外持续开拓物流分拣、引导焊接机器人和康复机器人等应用领域，已完成物流自动化分拣工业机器人3D视觉系统第一代产品

87、剑桥科技：公司已向微软供应高速光模块产品，800G光模块产品已实现小批量发货，1.6T光模块产品在给客户送样测试

88、日盈电子：公司压阻式的电子皮肤样品已研发成功，在人形机器人新领域，公司以布局柔性触觉传感电子皮肤新产品为契机，结合发展战略及市场需求加快布局柔性线束等其他人形机器人产品

89、莱克电气：据网络资料，公司机器人无框力矩电机近期将交样，主要为协作机器人领域无框力矩电机（人形机器人通用），预计3-6个月批产，客户为北方头部大客户

90、泰金新能：公司是国际上可提供高性能电子电路铜箔和极薄锂电铜箔生产线整体解决方案的龙头企业，自主开发的3D陶瓷封装外壳已小批量进入CPO相关设备领域

91、三人行：公司与科通技术签署战略合作并投资，科通为NVIDIA中国区总代理，保障公司算力中心GPU硬件需求，并拟2.8亿元在青海设全资子公司青海三人行绿能智算科技有限公司，主营算力租赁及数据中心业务

92、国芳集团：公司为甘肃省内最大的连锁零售企业",水木调研纪要,酒店|零售|旅游|中百集团|桂林旅游,0,0,363,https://wx.zsxq.com/group/88888142214212/topic/82258841541241542,data/research/updates/2026-10-07-views-002.csv
2026-09-07T20:43:26,2026-09,周一舆情热度：,"周一舆情热度：

①科技链/光通信-机构称，随着北美CSP对AI数据中心的持续投入，叠加GPU集群规模扩张、单卡互联带宽提升以及800G向1.6T加速升级，光模块、光芯片及高速光连接需求有望延续高增长。（华兴源创、格林精密、铭普光磁、剑桥科技、共进股份、美格智能、科瑞技术等）

②泛消费-商务部等7部门印发关于推动商品消费扩容升级的实施意见，到2030年社会消费品，零售总额达60万亿元左右。（国芳集团、百大集团、中百集团、新华百货、宁波中百、海欣食品、安记食品等）

③AI手机/折叠屏-9月密集发布，新机旗舰大战一触即发:①华为Mate XT 2 9月12日开售;  ②苹果秋季新品发布会已定档北京时间9月10日；③全球首款AI智能体手机 努比亚NaviX Ultra定档9月16日发布；以及联发科、荣耀等相继有新机发布会；（格林精密、 宜安科技、景旺电子、超声电子、中京电子、科森科技、福立旺 等）

④农业- 世界气象组织9月3日发布最新通报，确认厄尔尼诺现象已形成并将持续增强，预计将发展为超强级别事件。（亚盛集团、敦煌种业、金健米业、新赛股份、万向德农、智慧农业等）

⑤机器人-马斯克称，未来10年内人形机器人数量将超过10亿台，每台机器人的产出将至少是人类工作者的5倍。（爱仕达、格林精密、光洋股份、宜安科技、日盈电子、斯菱智驱、浙江荣泰、科森科技等）",水木调研纪要,零售|中百集团,1,0,511,https://wx.zsxq.com/group/88888142214212/topic/14425518254182512,data/research/updates/2026-10-07-views-002.csv
2026-09-07T19:53:54,2026-09,【信达消费】致欧科技推荐更新,"【信达消费】致欧科技推荐更新

[太阳]近况更新
今日公司股价回调较多，我们认为主要系短线资金兑现所致，公司基本面趋势良好。8月公司终端有望保持30%以上销售增速，盈利能力延续Q2良好势头。

[太阳]推荐逻辑梳理
1）大件家具家居海外线上渗透红利：需求端海外用户对大件家具家居的线上购物模式接受度持续提升，供给端平台与履约基建逐步打通大件痛点，我国跨境电商模式下大件家具家居有望迎来行业性红利，渗透率有望提升。
2）亚马逊VC模式红利：亚马逊VC模式重点向头部品牌卖家倾斜，流量红利显著，致欧美区VC模式占比约70%，欧区占比约40%，尤其欧洲VC模式属于细分品类独家合作，商务资源稀缺。
3）自有仓储物流壁垒强化：8月以来，亚马逊美国站AWD（入仓分销网络 / 智能卫星仓）不再接收大件新建货件，意味着依赖“AWD批量备货+按需补充FBA”模式的卖家成本压力骤增，致欧自有仓储物流体系持续扩容升级，随着销售规模效应凸显，壁垒有望持续强化、盈利能力提升。
4）产品推新效率持续提升：公司向高货值、高客单的大件产品延伸顺利，床架、床垫、床头柜等销售增长靓丽，大件SKU对标宜家还有广阔拓展空间；与公牛达成全球化战略合作，打造家居+电工跨界协同新模式。

[太阳]盈利预测
我们预计2026-2028年公司归母净利润分别为4.9/6.1/7.3亿元，PE分别为18.4X/14.9X/12.4X，持续推荐。

☎️联系人：姜文镪18817619332/骆峥13317566299",水木调研纪要,跨境电商|电商|致欧科技,1,0,510,https://wx.zsxq.com/group/88888142214212/topic/45548821488228848,data/research/updates/2026-10-07-views-002.csv
2026-09-07T19:53:25,2026-09,泡泡玛特8月月刊【东财新消费·刘嘉仁团队】20260907,"泡泡玛特8月月刊【东财新消费·刘嘉仁团队】20260907
 新财富大考进行中｜批零社服零售 @3号

[太阳]8月核心结论：# 北美或现筑底迹象，海外拓店进入加速期；# 国内关注强势新品放货后的价盘稳定性，星星人农场是26年年内最强单品，但难对冲25Q3双爆款高基数。# 短期重点跟踪9月16日星星人农场预售交付后的价盘韧性+上海嘉年华巡展反响。

[玫瑰]8月海外：8月新增37家门店及活动点位（美国12/亚太25），亚太加速明显。# 线上分化收窄，美国  TikTok GMV环比+12%，阶段性筑底迹象出现；印尼维持高位持平（同比+55%）；英国、泰国仍处调整。# 海外APP美国下滑斜率趋缓，或已接近见底，亚洲月活基本平稳。

[烟花]8月国内：抖音 GMV 同比-45%，环比-5%，# 同比压力主要来自25Q3  LABUBU 3.0+迷你LABUBU双爆款高基数。星星人农场作为公司首款星星人搪胶毛绒，采用严格控量方式保护价盘，全渠道售罄的情况下，抖音拉动尚未充分体现；# 农场系列价盘承接明显优于年内主要新品，当前优于同阶段已折价的SP小马宝莉、LABUBU×三丽鸥、LABUBU 4.0 及 DIMOO皮克斯，为Q3较Q2改善提供增量支撑。# 城市乐园嘉年华巡展首站落地上海（东方明珠塔+第一百货，8/31–11/1），乐园内容首次尝试异地轻量输出。

[红包]另类数据：亚洲已具备品牌力，全球谷歌趋势显示 popmart 品牌热度超越单一 IP，星星人搜索热度已超 Labubu；欧美仍以LABUBU单IP认知为主，品牌力仍待时间培育。

[爆竹]实地调研：# 可动人偶与发声玩具陈列扩容，HACIPUPU和 DIMOO可动人偶获二楼专区展示，PUCKY发声玩具进入二楼主展台，为成熟IP增加新玩法；# 甜品车低价化，换季期间推出20元以内软糖、棒棒糖，下午迅速售罄，价格带下探拓宽消费场景；小野展示区多次调研均有男性消费者驻足。

[發]当前观点：# 长期看IP平台化，从""LABUBU  大单品公司""走向""全球IP平台公司""是核心估值锚；# 短期关注新品补货后的价盘稳定性与新品放量后的销售转化。短期重点跟踪：1. 星星人农场9月16日预售交付后的整端价盘能否稳态；2. 美国 TikTok环比修复能否验证。

如有需要欢迎联系我们获取完整版本
 新财富进行中｜批零社服零售 @3号 · 刘嘉仁团队",水木调研纪要,泡泡玛特|零售,1,0,491,https://wx.zsxq.com/group/88888142214212/topic/45548821488224158,data/research/updates/2026-10-07-views-002.csv
2026-09-07T19:52:36,2026-09,餐饮周观点0906：   8月数据分化，强者恒强！,"# 餐饮周观点0906：   8月数据分化，强者恒强！

[太阳]8月数据总结
餐饮端，根据我们的跟踪，仅古茗/肯德基/海底捞/特海国际/太二（低基数）8月同店同比为正。

结合百胜调研反馈，8月茶咖外卖补贴几乎为0，正餐仍有少量外卖补贴，# 古茗 强Alpha进一步凸显，# 海底捞 /百胜利润Q3利润可期。

[太阳]核心标的（均有股息支撑）
# 古茗 业绩优异+股息率约3%，7-8月同店同比为正，超市场预期，当前对应26年仅16x。
# 海底捞 主品牌同店稳健+股息率近7%，主品牌中台建设加速+大排档加速开店成关键催化，一旦有复苏预期，长期开店空间将重新打开。当前对应26年约13x。
# 华润万象生活  业绩稳健+股息率约5%，一旦有复苏预期，享地产及消费双重弹性，当前对应26年18x。
# 百胜中国  业绩稳健+明年股息率约6%，当前对应26年约15x。

[爱心]投资建议——首推三年一倍股【古茗】
# 基本面边际变化
1）本周，同店预计继续为正！
2）官宣时代少年团代言，热度与同店齐升！
3）南京首店火热，打开南京/北京/上海开店空间。

# 投资逻辑
1）同店向好：7-8月同店同比为正，超市场预期！
2）开店空间：对标瑞幸仍有翻倍以上开店空间。
3）估值底部：长期利润增速中枢约20%，另有50%分红率承诺，当前对应26年仅16x。",水木调研纪要,海底捞|百胜中国|肯德基|外卖|特海国际|餐饮|超市|古茗|瑞幸,1,0,472,https://wx.zsxq.com/group/88888142214212/topic/82258841588421252,data/research/updates/2026-10-07-views-002.csv
2026-09-07T14:24:08,2026-09,🏆【天风轻纺孙海洋】恒林股份：低估高潜达链,"🏆【天风轻纺孙海洋】恒林股份：低估高潜达链
——近期北美N客户大幅上修明年订单

# AI业务全面超预期

①线束盒：今年上半年表现达标9月提速，原有打样产品将进入量产阶段，全年营收3.5亿+；

2027年北美N客户已给出指引，需求量是2026年3倍；从27年3月起，N客户线束盒月销量或超7万套（已通过安费诺+富士康占据NVL线束盒绝对份额），加上其他客户，总月出货量或8万套+（目前约2-3万套/月，持续环比增长）；2027年营收保守估计9亿+，净利润率目标10%+；

公司在大批量生产方面具有工艺优势，效率和质量优于竞对；此外在AWS份额已从最初50%提至60%+。

目前产能满足4万套/月需求；为应对2027年3月起放量，公司已紧急规划新产地，预计2027年春节后投产。

②液冷柜：北美T客户已完成初步验厂，公司已为此新建独立工厂，预计10月初步运营；北美N客户及A客户已通过第三方机构对接，推进顺利。目前对接国内头部算力租赁公司，已在批量交付。

# 传统业务价值底已明确

上半年公司收入同增25%，其中跨境电商同增70%+；26Q2收入环增7%，其中跨境电商环增20%；

26H1归母1.21亿，本期汇兑损失1亿，去年汇兑盈利0.5亿；26Q2原料涨价影响约3KW；汇率与原材料合计对净利率影响约2.2pct；

原料涨价自7月起逐步消除，已与下游客户顺价；汇兑压力三季度环比减轻；

目前跨境电商已实现季度环比盈利改善；26H1若剔除汇兑及原料阶段性影响，调后利润同增60%约3E，此外在手现金及净资产充沛，目前市值具备足够安全边际；建议积极关注！

-------------------

欢迎联系 | 天风轻纺

孙海洋/张彤/徐琳",水木调研纪要,跨境电商|电商|恒林股份,0,0,515,https://wx.zsxq.com/group/88888142214212/topic/22258844414488551,data/research/updates/2026-10-07-views-002.csv
2026-09-07T11:35:35,2026-09,【国海传媒】泡泡玛特（9992.HK）每月跟踪202608：8月美国开店加快，北美tiktok数据环比+16%,"【国海传媒】泡泡玛特（9992.HK）每月跟踪202608：8月美国开店加快，北美tiktok数据环比+16%

🎈【开店】# 国内门店新增6家、美国开店持续加快：

●根据我们统计，截至8月末，大陆门店（不含快闪）444家（环比+6家），机器人2361个（环比+10个）。26年分别新增12家门店/7个机器人。

●截至8月末，共有海外已开门店（不含港澳台）248家（26年新开63家），其中亚太/美洲/欧洲及其他分别110/92/46 家（26年已开25/28/10家）。26年8月新增7家门店，其中亚太/美国分别1/6家。

🎈【线上】# 8月美国tiktok环比改善、抖音环比有所下降：

●据Fastmoss，8月tiktok渠道合计GMV为2870万元，同比-75%，环比-13%。其中美国GMV为1645万元，同比-80%，环比+16%，出现明显改善，关注后续月度表现。

●据蝉妈妈，根据UV区间中值计算，26年8月抖音3个账号累计GMV为0.90亿元，环比-26%，主要受新品节奏影响。

🎈【产品&IP】# 毛绒维持稳健推新节奏、盲盒新品有所增加：

●毛绒：26年8月推出新品7款（同比持平），发售星星人农场系列搪胶毛绒、CRYBABY×Carebears系列搪胶毛绒、Nyota×樱桃小丸子联名毛绒公仔挂件等，星星人农场系列二手价格稳健，从千岛成交均价来看，随机单盒近30天成交均价143元（原价129元）。

●盲盒及其他：①盲盒：26年8月推出新品盲盒12款（同比+5款），发售了MEGA ROYAL MOLLY 100%周年系列1盲盒、nyota樱桃小丸子、chaka一针一线等。②MEGA：26年8月推出1款Mega（同比-7款）。

资料来源：泡泡玛特官方公众号&小程序、灰豚、fastmoss、官方ins/tiktok/小红书等

风险提示：行业竞争加剧，ip拓展不及预期等

☎国海证券-传播与文化-杨仁文|方博云（首席）|谭瑞峤（首席）[玫瑰]感谢支持",水木调研纪要,泡泡玛特,0,0,426,https://wx.zsxq.com/group/88888142214212/topic/45548822222825558,data/research/updates/2026-10-07-views-002.csv
2026-09-07T09:27:02,2026-09,【国泰海通美护】26H1财报总结：高端改善、个护亮眼，看好估值修复弹性,"【国泰海通美护】26H1财报总结：高端改善、个护亮眼，看好估值修复弹性

[玫瑰]板块长期仍具成长属性、当前估值及持仓均处低位，建议增持：1）基本面强劲的高成长标的：个护龙头、毛戈平、朗姿、林清轩、登康、润本；2）改善预期明确的龙头珀莱雅、巨子、家化等；3）预期低位、后续边际有望改善的贝泰妮、四环等。相关标的：敷尔佳。

[玫瑰]26H1美妆温和复苏、高端表现更优，各渠道增速收敛，Q2品类结构再分化。2026H1化妆品社零同比+6.3%（1-7月累计仍约+6.3%），持续跑赢社零大盘。分品类看，26Q2彩妆香水、个护、护肤、保健品、婴童护理线上平台合计GMV分别约+3%、+2%、+3%、+5%、+14%，婴童护理低基数回暖。分渠道看，货架与社交电商增速继续收敛，线上线下更均衡。高端美奢26H1线上高增，雅诗兰黛、SK-II、赫莲娜、YSL、修丽可等护肤/美妆TOP品牌双位数增长，中国所在区域美奢可比增速延续回暖。

[玫瑰]美护板块调整后26H1收入/归母同比+7%/-10%，26Q2收入/归母同比+5%/-8%，细分板块表现个护>化妆品、医美。26H1年美护板块（含港股）营收同比增长7%，归母净利同比-3%，剔除珀莱雅投资收益影响、调整口径归母利润同比-10%明显承压，26Q2（不含港股）板块收入、归母、调整后归母分别同比+5%、+12%、-8%，主要因流量红利消退后行业销售费用率持续上行，多公司毛销差收窄。分板块看，个护板块受益产品创新及渠道拓展、表现持续亮眼，Q2个护板块营收、归母同比+34%、+42%，多标的实现双位数增长。化妆品板块整体承压，26Q2板块营收同比基本持平、调整后利润同比下滑，林清轩、毛戈平维持高增，家化、贝泰妮盈利改善。医美板块营收增长稳健、利润压力明显，上游产品厂商因产品供给增加、利润率同比下滑，下游机构端朗姿、美丽田园等受益客流复苏及产业链价值重分配，收入修复同时盈利能力改善。

[玫瑰]26Q2板块仓位整体处于低位、小幅边际回升，估值回落后成长性配置价值凸显。样本内资机构持股比例均值由25Q4约7.14%降至26Q1约2.89%，26Q2回升至约4.71%，同比仍明显低于25Q2；沪（深）股通均值约0.94%，外资仓位持续偏低。26Q2毛戈平、贝泰妮、珀莱雅、敷尔佳、若羽臣等获机构加仓。参照一致预期，板块多标的2026年PE多在10-25x、PEG多在1以内，关注强势能成长与底部修复弹性标的。

风险提示：行业景气度下行，品牌竞争加剧，新品孵化不及预期",水木调研纪要,毛戈平|若羽臣|医美|珀莱雅|贝泰妮|电商|美妆|敷尔佳,0,0,388,https://wx.zsxq.com/group/88888142214212/topic/45548822254112488,data/research/updates/2026-10-07-views-002.csv
2026-09-07T09:25:47,2026-09,【国金商社】双节预订提速、秋假接力，把握9月出行链交易窗口,"【国金商社】双节预订提速、秋假接力，把握9月出行链交易窗口

🔥# 双节预订持续提速
航旅纵横统计截至8月31日，双节国内机票预订量同比+17%，较8月19日的+9%进一步提速，出入境机票预订量同比+11%；去哪儿数据显示截至8月27日，热门城市酒店提前预订量同比近+40%。“请3休13”拉长出游窗口，长线需求有望集中释放，预计9月25日、10月1日前后形成两轮出行高峰。

🔥# 秋假承接错峰需求
2026年湖南、福建、贵州、江苏等地进一步落地或扩围秋假，多数安排2—3天并与周末连休，10—11月有望形成多个区域性出行小高峰。秋假有望承接双节后的亲子游、周边游及区域目的地需求，延长四季度出行需求释放窗口。

🔥# 把握9月上中旬交易窗口
2016—2025年中证旅游指数9月上旬、中旬平均涨幅分别为1.26%/1.41%，上涨概率均为70%，下旬上涨概率20%。建议重点把握9月上中旬双节预期升温及预订数据催化窗口。历史上看上旬景区、旅行率先交易旺季预期，中旬酒店随数据验证接力。",水木调研纪要,商社|酒店|旅游|去哪儿,0,0,366,https://wx.zsxq.com/group/88888142214212/topic/14425511142828882,data/research/updates/2026-10-07-views-002.csv
2026-09-07T08:43:06,2026-09,9月7日股市早报：韬定律/光纤/养殖/AI传媒/AI漫剧/AI应用/大消费/酿酒/旅游酒店/农业等,"9月7日股市早报：韬定律/光纤/养殖/AI传媒/AI漫剧/AI应用/大消费/酿酒/旅游酒店/农业等

一、重要财经信息
①9月7日央行将开展5000亿元买断式逆回购操作
②工商银行等8家中央金融企业分别发布增资计划，将补充核心一级资本。据统计，8家中央金融企业计划共增资3600亿元，有助于进一步增强稳健经营能力、抵御风险能力和服务实体经济能力。还有四家国有商业保险公司宣布增资计划。
③七部门联合印发《促进数字化绿色化协同转型发展实施方案（2026-2030年）》，提出支持液冷散热、余热回收、低功耗芯片等技术创新和推广应用，探索算力设施800V高压直流供电架构，推动超百千瓦单机柜部署等。
④美国8月非农就业人数增加16.2万人，预估为增加5.5万人。非农就业数据公布后，交易员加大了对美联储9月加息的押注；并预计到年底前美联储累计加息幅度约为38个基点。

二、今日热点聚焦
宇邦新材：控股股东将变更为苏州德翎 股票及可转债复牌
致尚科技：拟增资取得恒扬数据增发后总股本5%-10%的股份
欧陆通：谷歌GPU电源项目合作推进 越南高功率服务器电源产线2027年量产（调研）

韬定律
9月4日，华为何庭波在ChinaXiv提交第二篇韬定律论文预印本，披露麒麟2026逻辑折叠芯片的性能、功耗及功率密度数据，回应三维堆叠的发烫质疑。华为此次披露的结果提供了新的观察：相较麒麟9030 Pro，同等性能下，麒麟2026的NPU、GPU功耗分别下降66%、58%，CPU性能核在HNX测试中下降41%。
（华大九天、概伦电子、广立微、耐科装备、华海诚科、拓荆科技、北方华创、盛美上海）
光纤
中移70.998亿元光缆大单出炉！18家中标，17家报价70.998亿。
（长飞光纤、烽火通信、永鼎股份）
养殖
截至9月4日，全国外三元生猪均价约11.03元/公斤，相较4月15日创下的年内低点8.77元/公斤，累计回升幅度已经超25%。9月5日全国外三元生猪均价维持11元/公斤，较前一日小幅上涨0.03元/公斤，多数省份生猪报价出现小幅上调，华东、华中、华北、东北、西北大部分地区猪价翻红。
（新希望、新五丰、正虹科技、罗牛山、傲农生物、神农集团、唐人神、巨星农牧）
AI传媒/AI漫剧
国家广播电视总局电视剧司主办的网络故事片创作座谈会召开。会议要求坚持科技赋能，合理运用AI等新技术，使其成为创作工具和创作伙伴，助力行业提质增效。
（欢瑞世纪、龙版传媒、芒果超媒、引力传媒、中文在线、海看股份）
AI应用
OpenAI正式发布GPT-6 Astra，并称其为“目前全球最智能、且对齐程度最高的模型”，在计算机操作、网页浏览、软件工程、网络安全、科学研究以及专业工作方面均达到当前最先进水平。
（新炬网络、实丰文化、易点天下、蓝色光标、鼎捷数智、万兴科技）
大消费
①近十年数据显示，CS食品饮指数市净率为3.39倍，当前估值处于近十年1.53%分位，低于近十年98.47%的时间。从估值水平来看，指数已具备较高性价比优势。
②《关于推动商品消费扩容升级的实施意见》持续发酵，文件明确到2030年社零总额达60万亿元，并首次将“促进食品消费和饮料消费”写入政策任务。
（百大集团、海欣食品、安记食品、宁波中百、珠免集团、国芳集团）
酿酒
飞天茅台批价连续五日上行，9月3日市场流通价1755元/瓶已反超专卖店售价，涨价传闻再起。中国酒类流通协会宣布9月9日至10月18日启动""2026百城万店金秋美酒消费季""，全国万店联动促销。
（会稽山、古越龙山、金枫酒业、古井贡酒、山西汾酒、金种子酒）
旅游酒店
由文化和旅游部主办的2026中国文化旅游产业博览会在天津开幕。本届博览会吸引2540家文旅企业参展参会，覆盖国内30个省（区、市）以及20个国家和地区。
（华天酒店、张家界、首旅酒店、桂林旅游）
农业
联合国粮食及农业组织发布报告  全球食品价格升至2022年以来最高水平
（亚盛集团、敦煌种业、登海种业、新农开发）
PCB
松下宣布因铜箔和玻璃纤维成本上涨上调覆铜板（CCL）价格，自2026年9月1日起出货产品开始执行，部分产品涨幅最高达到30%。此前建滔积层板宣布对所有厚度FR-4覆铜板统一涨价10%；PP半固化片分规格调价，7628（含）以上厚布PP涨价10%，7628以下薄布PP涨价20%。
（景旺电子、方正科技、方邦股份、中京电子）
三、昨日强势板块和个股
养殖、农业、AI传媒、AI应用、大消费、酿酒、数字货币等",水木调研纪要,酒店|旅游|首旅酒店|张家界|桂林旅游,0,0,300,https://wx.zsxq.com/group/88888142214212/topic/55521144415255284,data/research/updates/2026-10-07-views-002.csv
2026-09-06T22:06:36,2026-09,东方甄选加速，视源多业务开花，关注HNB进展,东方甄选加速，视源多业务开花，关注HNB进展,水木调研纪要,东方甄选,1,0,376,https://wx.zsxq.com/group/88888142214212/topic/22258844212448841,data/research/updates/2026-10-07-views-002.csv
2026-09-06T21:35:01,2026-09,[玫瑰]【国信社服】美团交流要点，欢迎沟通详细情况：,"[玫瑰]【国信社服】美团交流要点，欢迎沟通详细情况：

#外卖单量及AOV：8月日均单量约7800万单，同比-5%、环比+1.6%；实付AOV约31元，同比去年26-27元明显提升，奶茶订单占比约21%，与去年同期23%-24%相比有所下降。

#外卖UE：8月约0.1元/单，较Q2的0.3-0.4元下降，主要系单均补贴环比增加0.1-0.2元及履约成本上升；8月单均补贴约1.5元，较去年同期2.8元显著下降。

# 外卖货币化继续改善：单均广告收入约0.9元，同比去年0.6-0.7元提升；随着平台减少直接补贴、商户营销预算向广告迁移，广告仍有提升空间。

#闪购：8月日均订单2100万+，环比+5%左右，客单价环比提升1.8-2元，GMV环比+8%-10%；但UE降至-0.7~-0.8元/单，较7月-0.4~-0.5元扩大，主要受物流和补贴增加拖累。

# 长期UE优势更多来自客单价而非物流：美团用户价格敏感度相对低、平台运营偏高客单；物流端随着竞对众包体系完善，成本差距预计逐步收窄。

#到店：8月支付口径GMV约1380亿元，同比+11%、环比约+4%，但核销口径增速仅1%-2%；利润率约26%-27%，环比略升，当前经营重心已从单纯追求GMV转向收入增长和高价值用户留存。

# 到店竞争格局：到餐方面支付口径美团/抖音份额约6:4，7-8月美团份额略有提升，主要受自身补贴增加及抖音补贴、流量支持减弱推动；但抖音搜索消费心智和核销率持续提升，中期分流压力仍在。

#酒旅中高星酒店占比继续提升：8月GMV环比约+2%，高星酒店交易占比较7月再提升1.5pct，高峰期可达26%-27%；万豪、洲际等高星供给持续接入，美团高等级年轻用户及“酒+餐/休闲”生态导流形成差异化。

#高星扩张有交易增量但短期压低take# rate：美团高星酒店佣金率约8%，明显低于携程，因此高星占比提升有利于GMV和用户结构，但会对整体佣金率形成一定稀释，广告收入增速目前快于佣金。

#Q4预计是重要环比拐点：正常年份外卖UE排序为Q2>Q4>Q1>Q3，Q3本就是全年低点；预计Q4外卖及闪购UE均较Q3明显改善，主要来自补贴回落、物流及高温骑手成本下降。",水木调研纪要,酒店|携程|外卖|美团,1,0,374,https://wx.zsxq.com/group/88888142214212/topic/45548822518125558,data/research/updates/2026-10-07-views-002.csv
2026-09-06T21:07:11,2026-09,@所有人 重要‼️【信达消费姜文镪】市场缩量、轮动显著，延续布局低位绩优个股,"@所有人 重要‼️【信达消费姜文镪】市场缩量、轮动显著，延续布局低位绩优个股

从中报来看，业绩趋势高度符合我们此前业绩前瞻判断，绩优个股主要分布于上游及出海，且股价均迎来较为明显反弹。我们认为当前阶段，上游和出海依然是业绩增长核心板块，但部分个股已经迎来估值修复，后续对于增长斜率和质量的要求会有所提高。

在行情快速轮动的阶段，科技静待催化，周期需明确美联储走向，消费等待新一轮政策，市场总量大幅收缩，部分非赛道基金自科技赛道快速调仓，#赢家主要是低估值分红策略，以及业绩加速消费/价值个股。

近期Jackson Hole会议，沃什强调抗通胀决心，且周五晚的非农就业人口远超市场预期，加息预期升温压制风险偏好。但我们认为明确9月加息并非坏事，一方面部分资产已提前计入加息，另一方面，当前美国经济环境和债务压力并不支持持续加息，#因为加息落地从交易层面大概率是利空落地，关注下周CPI数据。

基于后续市场仍处于防守阶段，我们判断，整体消费板块依然偏震荡，红利依然占优，低位估值修复依然有明确赚钱效应。此外，美伊战争持续，关注产业链一体化的炼化龙头。

#有业绩且有持续性：# 巨星、众鑫、英科再生、涛涛、英科医疗、致欧科技、哈尔斯等；太阳、新澳、台华、百隆、仙鹤、玖龙等；乐舒适、比音勒芬、潮宏基、六福集团、布鲁可、九号、润本、悍高、登康等；

#业绩还行且有梦想：# 中烟香港、思摩尔、老铺黄金、哈尔斯、康耐特光学、华宝国际、泡泡玛特等；

#业绩还行且估值低位：# 安踏、晶苑、江南布衣、匠心、周六福、永艺、建霖、歌力思、开润、健盛、雅迪、爱玛、顾家、恒丰、华旺等；

#业绩还行且分红突出：# 永新、罗莱、伟星、海澜、森马、水星、富安娜、兔宝宝、紫江等。

黄金珠宝：黄金阶段性回落再次形成布局良机，若后续美联储加息导致板块回调，更应加大板块投资力度。从7-8月数据来看，板块同店增速环比走低，我们认为主要系一方面25年同期进入高基数区间，另一方面需求端经历了上行增购、震荡回调换购之后，居民购金需求趋于平稳，若金价后续保持温和态势，板块增速中枢或保持相对平稳。具体看8月，#周大福内地同店下滑高个位数，#六福集团内地同店下滑个位数，#潮宏基店均销售略有下滑，#周六福线下渠道同店持平左右，#老铺黄金Q3以来销售表现企稳回升。我们依然看好板块机会，投资思路将从消费成长逐步回归价值，关注一是现金价值以及高股息属性，二是个股渠道数量企稳、经营改善，三是精品黄金结构性优化，四是金价易涨难跌修复估值，9月边际变化主要是加盟商迎接旺季逐步补库。#建议关注潮宏基、周大福、六福集团、周六福、周大生等。

新型烟草：FDA近日授权JUUL2设备及烟草味、薄荷醇味烟弹上市，本次公布成年吸烟者完全转换数据，其中薄荷醇味产品六周完全转换率达28.4%-49.3%； 此外，奥驰亚旗下Helix Innovations和NJOY请求联邦法院撤销FDA 2021年PMTA规则，认为现行审评框架与法定要求存在冲突（核心矛盾在评审期限）。我们认为，FDA已加快审评环节，并将尼古丁袋试点形成的效率措施逐步应用于其他PMTA审评，#合规市场悲观节点已过。此外，根据中烟官网，中国烟草国际有限公司新任总经理为李斌（曾任河南/湖北中烟一把手，原职位高于前任邵岩（7月退休辞任），邵岩总对中国烟草国际有限公司、中烟国际集团有限公司、以及中烟香港统一领导，#我们预计后续李斌将成为中烟国际体系核心领导、中烟国际后续业务扩张将更为积极（此前仅有21年收购中烟巴西），中烟香港27年PE估值仅13X、重视底部机遇。

潮玩：8月销售分化，#泡泡玛特受IP景气度和高基数影响，全球销售依然面临同环比压力，国内抖音渠道较明显承压，#而布鲁可国内抖音渠道快速增长，海外市场延续快速扩张。我们认为潮玩板块短期景气度更多受IP潮流生命周期影响，个股表现分化属于合理现象，#26年对泡泡玛特而言属于经营调整年，关注公司潜修内功，深耕IP生命力，探索IP为核心的多元化业务布局，如乐园、餐饮、家电、影视等；#布鲁可26年运营策略持续见效，成人向产品销售超预期，低端市场持续拉新，加快国际市场拓展战略，看好公司后续通过定价&销售策略调整以及新产品线规模放量，盈利能力有望显著改善，利润弹性可观。

跨境电商：重点布局销售景气&盈利能力优化的共振机会，从26年中报来看，板块内品牌卖家收入普遍快速增长，同时盈利能力普遍有所提升，主要得益于产品策略调整、规模效应等效果显现（美国关税退税亦有一定帮助），期间费用端整体管控相对理性，在外部环境相对稳定的情况下顺利将销售兑现为利润。8月来看，#致欧科技保持30%+销售增速，#赛维时代服装品类延续增长势头，我们认为后续海外线上渠道渗透趋势有望保持，同时行业格局在合规趋势、平台政策、供应链门槛等多因素作用下有望持续优化，头部品牌卖家营收端成长性突出，盈利能力方面，随着对内运营策略优化、对外应对措施落地有望持续改善，业绩弹性可观。

智能眼镜：近期国内多款智能眼镜上新，轻量化趋势明显，智能眼镜佩戴体验逐步向常规眼镜靠拢。1）雷鸟发布旗下主打轻量化显示的雷鸟iO智能眼镜，以“全天智记、长期记忆、主动AI”为核心卖点，通过无感信息呈现与全天候智能交互，简配摄像头和扬声器，首销包揽京东、天猫、抖音三大平台智能眼镜品类销量冠军；2）朱庇特JOVE Lite1（同样主打轻量化，重量29g）近期升级，聚焦在办公场景进行差异化；3）杭州加南科技正在研发2款轻量化带显AI 眼镜，支持双目单绿显示，重量仅26克（6月推出的拍摄类AI眼镜重量仅25.8克）。#康耐特独家绑定雷鸟iO带显产品，且与1家国际客户重点项目量产筹备工作进入全面冲刺阶段（另外2家国际头部客户预研项目也已完成验证），预计后续业绩弹性显著。

两轮车，国内头部品牌8月销售环比改善趋势明显，#雅迪控股8月出货量约190万台，环比7月爬坡明显，同比降幅收窄至17%左右；#爱玛科技8月销量回暖趋势较好；#绿源集团8月销量同比降幅17%左右，较7月收窄。#涛涛车业从产能来看，北美3条产线满产月产能约8000台，延续同环比高增趋势。板块整体变化持续验证我们此前判断，26Q3拐点信号进一步明确且在Q4低基数下有望迎来高增通道；另一方面行业格局在政策监管、消费趋势等因素下有望加速优化，头部品牌强者恒强。海外市场方面，无论是电动两轮车产品、亦或是电动低速车、割草机器人等产品均有不错的需求景气，有望贡献业绩增量。

宠物，从8月抖音渠道数据来看，品牌分化明显，#乖宝宠物旗下麦富迪与弗列加特表现有所承压，但细分品牌如佰萃、霸弗等均有不错表现，品牌矩阵效果逐步显现；中宠股份旗下顽皮+42%、领先+25%，表现良好；源飞宠物旗下匹卡噗销售有所承压；其他品牌中，喵梵思-15%，诚实一口-30%，鲜朗+36%，皇家+29%，伯纳天纯-14%，渴望+27%，分化明显。我们认为国内宠物行业仍是增量赛道，但业内流量竞争加剧、头部品牌卡位战持续；边际来看，行业已经仍处于竞争白热化阶段，资本热度显著下降，后续重点关注格局变化；海外市场短期受原材料、关税等因素扰动，但头部企业海外产能持续拓展落地有望奠定增长基础。

造纸：Arauco 9月针叶浆报价持平于670美元/吨，本色浆为660美元/吨（环比+10美元），阔叶浆为590美元/吨（环比+20美元/吨），同时针叶浆供应量减少；Suzano 9月对亚洲阔叶浆价格上调20美元/吨。根据我们跟踪，8月阔叶浆补库节奏已加速，多数国际供应商货量配额已售罄，我们预计Q4旺季需求回暖，#浆价有望窄幅向上，但考虑到国内自制浆持续投产，本轮浆价上涨空间有限。7-8月传统淡季，各品类纸价均显疲态（文纸平稳，白卡承压，黑纸高位略下滑），伴随旺季到来，玖龙等已率先针对黑纸发布提价函；浆纸系受益于成本支撑&需求回暖（同时旺季暂无大规模新增产能），价格拐点有望显现。#建议超配太阳纸业，箱板纸和纸浆系盈利均有改善趋势，且8月新产能投放，业绩持续修复可期。太阳本轮底层利润已达30亿+，底层市值预计在350-400亿。造纸除极少数品种（高端箱板纸），目前仍然处于周期底部，行业供给收缩，中期弹性可期。

出口：美国8月非农就业超预期，美联储9月加息概率升至约65%、就业数据发布前为55%。考虑到美元加息预期升温，我们判断人民币汇兑对出口公司影响在26Q3有望进一步弱化。本次中报，多数出口公司收入保持靓丽增长、中报后股价普遍修复，其中我们此前推荐的微盘股中永艺/建霖/众鑫股价均反弹约10%，我们判断核心系出口基本面利空充分消化（原材料&汇兑在H2对报表影响有限）叠加部分资金回归。#目前哈尔斯&永艺&建霖PE仍在10X+，考虑到后续业绩稳健兑现，持续推荐低位布局；众鑫Q3收入&利润体量同环比延续高增，且27年预期进一步明确，后续有望受益于业绩落地带来估值系统性提升。此外，#匠心海关货运数据显示8月货柜数量达全年新高，且环比大幅提升，我们判断公司新增长逻辑正在逐步落地，推荐加强跟踪。#英科再生、英科医疗等后续业绩依然有望保持靓丽，虽估值已有修复，但景气依然稀缺。

家居：近日地产政策再加码，预售门槛大幅提升、资金全流程监管，引导现房现售，根绝烂尾等风险，同时，房贷最长年限延长至40年。26年地产刺激政策发布频繁，我们预计后续政策利好有望延续。此外，本周跟踪8月家居龙头情况，其中定制龙头尽管同比仍在承压、但降幅环比均有改善，其中志邦受益于海外&工程增长、8月同比已持平，兔宝宝AB类折算同比仍保持双位数增长；软体中，喜临门线上&国际业务增长、但受制于国内线下零售承压，整体延续下滑趋势，我们预计其余软体龙头内销亦表现承压。

纺织制造：羊毛新季价格先跌后涨，目前已收复休市前水平，美分口径创本轮新高；新季回调后的快速修复，印证了供给紧缩背景下需求的强承接力，羊毛上行周期未改。棉花方面，8月内外棉联动上行，9月初延续强势。个股层面，原材料顺价滞后效应将在Q3继续体现，#继续推荐新澳股份、百隆东方及伟星股份、台华新材等。新澳股份7月羊毛接单实现双位数增长，出货均价双位数提升，预计7-8月毛精纺纱线持续提价。百隆东方Q3销量因高基数同比明显下降，但价格驱动下7月越南净利润达7900万元，环比显著改善。伟星股份接单保持双位数增长，原材料成本传导顺利。代工领域，下半年景气度将较上半年有所改善，但改善幅度仍将视客户表现有所分化。继续推荐晶苑国际，公司上半年在行业承压背景下业绩逆势提升，验证了核心客户份额提升、与景气客户共成长、上下游一体化助力业绩韧性三重共振逻辑。

服装板块：男装领域，继续推荐业绩呈现韧性的龙头标的。比音勒芬作为高端运动时尚龙头，增长方式切换成效显现，2026H1收入端实现+23.66%的超预期增长，毛利率75.9%维持高位持平；主品牌维持高增，Q3以来电商增速进一步加速；多品牌布局持续打开成长空间，KENT&CURWEN在高端商场新开门店近20家，亏损持续收窄；与Snow Peak达成战略合作，切入高端户外赛道，未来空间广阔。海澜之家主品牌改革成效持续兑现，上半年实现双位数增长，Q3以来维持双位数增速；剔除团购业务扰动后，主业利润率呈现韧性。下半年阿迪FCC业务及城市奥莱业务将加速开店，规模效应驱动下利润有望继续改善。运动户外领域维持景气，但内部分化加剧，继续推荐安踏体育、李宁、三夫户外。安踏体育中报凸显多品牌矩阵的对冲能力，在同行中呈现出全年指引未下调且达成率高的特点。李宁下半年核心策略是以短期利润换取长期品牌资产。三夫户外品牌运营商转型盈利拐点已获验证，上半年核心品牌X-BIONIC收入2.17亿元（+54.7%），Q3以来仍维持30%以上增速。",水木调研纪要,黄金珠宝|潮宏基|泡泡玛特|跨境电商|周大生|零售|潮玩|电商|餐饮|超市|老铺黄金|周大福|六福集团|致欧科技|赛维时代|布鲁可,1,0,332,https://wx.zsxq.com/group/88888142214212/topic/45548822521228258,data/research/updates/2026-10-07-views-002.csv
2026-09-06T18:44:55,2026-09,‼️【AI电商事件点评：Anthropic开源Commerce Agent，电商Agent从“聊天导购”正式进入交易转化阶段】——0906,"‼️【AI电商事件点评：Anthropic开源Commerce Agent，电商Agent从“聊天导购”正式进入交易转化阶段】——0906

🎉🎉事件：Anthropic正式发布Claude Commerce Agents开源蓝图，直接开放Shopping Agent、Merchant Agent完整参考架构，并覆盖零售、旅游、电信、票务等多个真实商业场景。更值得关注的是，根据Anthropic披露，已经接入相关购物Agent的商家，用户购物车金额最高提升约35%，最终完成购买的概率提升约60%。#这意味着AI电商已经开始从“回答商品问题”、进入真正影响GMV和转化率的阶段。

我们认为，这次事件对AI应用端最大的意义，是商业模式开始变得非常清晰。

过去电商AI更多停留在智能客服、文案生成、数字人直播，本质上还是“降本”。而Commerce Agent进一步往前走了一步：用户只需要一句自然语言提出需求，Agent就可以完成商品搜索、筛选、比较、推荐、组合购物车，最后把用户送到结算环节；商家侧Agent则可以辅助定价、商品管理、促销运营。AI开始直接影响“买什么、买多少、买不买”，这就从降本工具变成了增收工具。

#焦点科技：AI电商方向辨识度最高之一，跨境B2B天然具备商品库、买卖双方撮合和AI询盘场景，未来Agent如果从“找客户”进一步升级到“找商品+询价+撮合”，商业价值最直接。

#值得买：核心优势是消费内容、商品数据和导购场景，AI Agent时代“搜索入口”有望升级成“消费决策入口”，具备AI导购逻辑。

#凯淳股份：品牌电商运营+客服运营，Agent最容易落地到客服、会员、营销和店铺运营环节，弹性更偏小市值。

#壹网壹创：品牌电商代运营龙头，若AI# Agent加速替代人工运营，商品管理、营销投放、客服和内容生产都有重构空间。

☎️ 我们认为，Anthropic这次真正打开的是 “AI+电商交易闭环”。后续市场如果从AI影视、AI办公继续向有明确ROI的应用扩散，AI电商有机会成为一个重要分支。",水木调研纪要,零售|电商|旅游|壹网壹创|值得买,1,0,407,https://wx.zsxq.com/group/88888142214212/topic/22258844245452521,data/research/updates/2026-10-07-views-002.csv
2026-09-06T17:50:52,2026-09,【浙商轻工史凡可】周更新：延续出海成长主线，再述高分红配置,"【浙商轻工史凡可】周更新：延续出海成长主线，再述高分红配置

[烟花]观点：1）本周梳理出海专题，新兴市场强势、欧美K型分化（高端消费vs电商渠道景气/品类中摩托车vs潮玩有超额）；展望H2欧美出口库存低位、汇兑压力环比缓解，关注低位拐点品种。2）液冷产业链调研高景气，持续推荐优质标的。

[玫瑰]出海：1）#西锐# #乐舒适# 产品/渠道/供应链/组织多维度领先，同时新兴市场和欧美高端消费有景气，成长确定性强；2）新消费出海0-1重视#布鲁可；# 3）电商#安克# 新兴品类放量、#致欧# 策略调改成长提速；4）制造推荐底部利润夯实的#英科医疗# #众鑫；# 5）出口推荐#英科再生# 成品框&墙板延续高增，关注稳成长低估值高股息#建霖# #永艺。本周调研#春风 U10P、Z10-4延续放量，RUV X10即将推出，极核保持高目标。
[玫瑰]造纸：箱板纸9月下游消化库存、10月旺季预期反弹。26H2维持推荐浆纸一体化龙头#太阳# #玖龙，# 关注#理文# #仙鹤# #五洲# #林平。#
[玫瑰]包装：高分红塑包提价落地+油价企稳后Q3预期利润率修复#永新# #紫江# ；金属罐供需改善下本轮年底价格谈判或稳中有进。
[玫瑰]潮玩：#泡泡# POP LAND快闪在上海东方明珠和南京路开展；#晨光# 情绪文具+渠道赋能方法论逐步清晰，传统业务稳步修复。
[玫瑰]个护：#润本# 秋冬季主推蛋黄油系列，新增乳木果润唇膏；#登康# 大单品仍在成长期，营销投入重转化&ROI盈利提升；#百亚# 全国份额仍在上升期，关注拐点。
[玫瑰]家居：行业仍在出清期，关注经营有超额、利润端韧性强的#悍高# #好太太# #顾家，# #源氏# 新零售范式优秀、飞轮效应显著。
[玫瑰]烟草：1）#思摩尔# 韩烟新发布高端lil系列，本次新品主打3秒启动加热、烟弹未涨价，关注9.15在韩推广表现；2）云南中烟、湖北中烟加速尼古丁袋专利申请，关注#中烟香港# 体系内管理层变更进展。
[玫瑰]AI+：1）液冷：#裕同#  #金富# #美盈森# 伴随Rubin进入量产阶段行业高景气持续验证，客户卡位优势突出、进入业绩兑现周期。2）#AI眼镜：# 雷鸟iO销量较好，小米开启二代AI眼镜内测、新增支付宝看一下支付/录音总结/随手记录/智能影像优化等功能；3）#3D打印：# 创想三维后续计划发布I8、儿童机、UV全彩、K3新品，产品竞争力有望提升。

风险提示：下游需求不及预期，竞争格局恶化等",水木调研纪要,零售|潮玩|电商|布鲁可,1,0,437,https://wx.zsxq.com/group/88888142214212/topic/55521144558818414,data/research/updates/2026-10-07-views-002.csv
2026-09-06T17:27:26,2026-09,【安克创新&绿联科技】端侧AI赋能的智能家居生态战略——开源家电吕明团队,"【安克创新&绿联科技】端侧AI赋能的智能家居生态战略——开源家电吕明团队

本次IFA展安克和绿联围绕端侧AI发力智能家居生态，HomeAgent和MindBase主打本地存储&本地Agent&无云服务费等卖点，在Matter协议开放和AI的背景下# 安克/绿联这种带本地存储和Agent的产品有机会成为智能家居生态新的硬件入口，并带动其摄像头等硬件的份额提升。

# 对于安克/绿联能展望的空间有多大？
（1）市场容量：# 海外安防摄像头/智能门铃/智能门锁/智能音箱&中控屏年出货量预计分别超9000万/2000万/1500/5000万，其中智能音箱&中控屏多作为语音交互的硬件入口（例如Amazon Echo、Google Home Speaker），# 海外市场规模超250亿美金。若加上传感器/警报器/温控器/智能户外灯带等则空间更大。
（2）# 安克/绿联份额情况：摄像头为例预计安克年出货量不到1000万，智能门铃以Ring为主，智能音箱&中控以Amazon为主。安克在各份额均有很大提升空间；绿联在此领域是0%。

# 安克/绿联智能家居生态差异化点在哪？
（1）# MindBase/HomeAgent：主打本地化存储以及自带本地大模型，基础版计算能力也达到26TOPS，因此Agent等服务无月费。对比Amazon/Google Agent服务需支付订阅费，并且走云服务器隐私性更差些。
（2）# Matter协议的开放大大提升了产品的兼容性：例如通过HomeAgent/MindBase即可控制绝大部分智能家居产品例如扫地机。
（3）# AI的赋能：从命令式交互到设备理解更复杂的自然语言、视频内容和自动化需求（例如摄像头感应到离家自动关闭所有设备）。这是行业内所有产品均可享受到的，有机会推动整个行业产品升级。

# 安克创新：推出带本地模型的MindBase，兼容数百款Matter协议产品
# 家庭AI生态：MindBase（HomeBase升级迭代版）、AI智能门铃S4（全球首款VR门铃）、全新安防摄像头S1（配备自动追踪灯）、 窗户摄像头E10（适配公寓租户）、NVR安全系统E50、跌落传感器、新一代割草机/扫地机。

# MindBase：内置本地大模型的家庭存储中心。利用Anker EasyOmni™ Link支持近百款Anker设备以及数百款Matter兼容产品（Anker设备可一次添加）。# 产品内置大预言模型、具备26TOPS计算能力、支持48TB本地存储、支持通过对存储文件搜索和分析。Anker设备用于感知环境，MindBase进行分析、规划和执行。

# 绿联科技：推出HomeAgent产品，同样兼容Matter协议产品；将于27年1月发货
（1）# HomeAgent产品：三款超级早鸟价分别899/2999/9999美金（原价1799/5999/19999美金），分别采用RK3588/CP8180/NVIDIA T5000处理器，内存分别16/32/128GB，# 计算能力分别26/205/2070  TOPS。
（2）# 安防生态产品：两款室外摄像头早鸟价分别199/159美金、一款室内摄像头89美金，一款智能音箱69美金，一款智能相框299美金。其中室外摄像头拥有太阳能板、带变焦功能等。",水木调研纪要,安克创新,1,0,403,https://wx.zsxq.com/group/88888142214212/topic/82258844221214452,data/research/updates/2026-10-07-views-002.csv
2026-09-05T14:10:54,2026-09,8月现制饮品重点公司经营更新 20260904,"8月现制饮品重点公司经营更新 20260904

# 蜜雪集团
据渠道反馈，8月蜜雪店均GMV同比下滑hsd%，环比略有改善，天气影响下半旬销售。

# 古茗
8月单店转正，单月单店GMV历史新高，秋奶、七夕等节日销售火爆，时代少年团代言人、咖啡促销活动等综合因素拉动销售。目前咖啡销售占比超20%。

# 霸王茶姬
7月同店降幅缩窄至低单位数、8月同店转正，基数压力明显减轻，茶拉朵等新品有所贡献。

# 沪上阿姨
7、8月表现环比均有改善。",水木调研纪要,霸王茶姬|古茗|沪上阿姨,1,0,446,https://wx.zsxq.com/group/88888142214212/topic/55521144284145254,data/research/updates/2026-10-07-views-002.csv
2026-09-05T11:39:18,2026-09,【中信建投金融】Robinhood首次覆盖：全球零售经纪平台的创新标杆，美国活跃交易商第一，增长潜力巨大,"【中信建投金融】Robinhood首次覆盖：全球零售经纪平台的创新标杆，美国活跃交易商第一，增长潜力巨大

1. 后起之秀、行业领先：Robinhood是美国散户零佣金交易模式的首创者，打破老牌券商客群垄断，成为美国券商经纪行业的领军公司之一。可提供股票、期权、加密货币、预测市场合约等多元化交易服务，目前期权交易量美国市场第一、股票交易量稳居前三，加密货币和预测市场业务具备显著向上空间。

2. 与客户共成长，打破互联网金融机构只能服务年轻客群的刻板印象：千禧一代和Z世代客户占比高，平均客户年龄36岁、且正在在逐步上涨，说明客户留存率较高。核心获客及留客优势是便宜、好用、有新鲜感、持续不断的产品创新，与客户需求共同成长。

3. 收入与客户总资产规模直接挂钩，收入增长的核心在于提高客户留存和提高客户交易量：除了零佣金模式和多元化产品选择对交易量的刺激外，通过持续的产品创新，以付费会员福利、高息存款产品、IRA养老金、信用卡、AI数字化投顾、散户打新等综合服务来提升客户粘性和资金留存，从而形成“留存资金增多-交易量扩大-留存资金更多”的正向循环。

4. 中短期看，估值基础扎实，具备向上期权：股票、期权等传统交易收入稳定增长，预测市场业务快速增长，两者共同构筑了业绩和估值向上的大方向。今年上半年加密货币价格下跌和收入缩水已在估值下行中充分体现，作为唯一一项跟资产价格正相关的主要业务，加密货币价格在当前低位上的任何反弹，都将带来业绩和估值的双重弹性。

5. 预计营收、利润增速保持20%以上，EPS增速30%以上：Robinhood业务模式极具创新性，客群基础庞大、客户粘性高，盈利成长性强，估值向上空间大。综合PEG、企业价值和DCF等多种估值方法，目标价152美元，涨幅空间40%，首次覆盖买入评级，金融板块首推。

本报告基于跟公司数次深入沟通，内容丰富翔实，欢迎查阅报告全文，周末慢慢看，欢迎交流！",水木调研纪要,零售,1,0,422,https://wx.zsxq.com/group/88888142214212/topic/82258844512521152,data/research/updates/2026-10-07-views-002.csv
2026-09-04T13:55:14,2026-09,科锐国际更新：,"科锐国际更新：

[太阳]今日大涨我们认为更多与 AI 应用相关概念有关。

[太阳]但我们认为，猎头改善背后，科技产业招工需求起量的影响，逐步超过传统行业的下滑，这一产业趋势可能带来更持续的产业逻辑。

[太阳]中报后我们与人服产业链企业进行了系列交流，发现两大趋势变化：

1 科技岗位起量并带来毛利率重新提升
2 AI产品驱动明显提价和增量利润。

[太阳]猎头回暖是开始，后续大量运维岗位外包需求，处于产业发展初期，供需差大，毛利率高的阶段，所以带动利润率重定价。

[太阳]历史上看，科锐在产业发展初期，人才供需差大的阶段，利润提升，业务放量，最受益。其主要行情主要也是靠上述产业趋势驱动。

[太阳]我们在此前科锐的报告中提出上述逻辑，近期财报数据开始验证，欢迎交流～",水木调研纪要,科锐国际|人服,1,0,617,https://wx.zsxq.com/group/88888142214212/topic/55521144212148884,data/research/updates/2026-10-07-views-002.csv
2026-09-04T12:31:19,2026-09,【浙商轻工|重点推荐】致欧科技：策略调改红利持续释放，8月延续高增，美国加速修复,"【浙商轻工|重点推荐】致欧科技：策略调改红利持续释放，8月延续高增，美国加速修复

# 8月销售额、销量同比大幅提速。  根据Sorftime，8月公司亚马逊销量+77%，较7月进一步提速，销量表现基于我们跟踪情况看创历史新高，分区域看，美国销量同比+80.2%，欧洲销量+55.4%，策略调改红利持续释放，美国加速/欧洲高增。

# 美国修复加速、欧洲基本盘稳健。  美国区域8月增长明显提速，一方面受VC模式切换后流量及履约效率改善推动，另一方面新品表现良好、拓品成功率提升，美国业务恢复趋势进一步确认。欧洲区域在较高基数下仍保持50%-60%的增长，家具、床架、床垫、升降桌等新品及基本款爆品持续贡献增量，验证公司在欧洲市场的运营壁垒和扩品策略。

# 旺季增长有望延续，维持重点推荐。  8月高频数据验证公司Q2以来的经营改善并非短期促销驱动，欧洲扩品、美国修复和新品放量正在形成增长接力。随着欧美传统旺季持续，以及美国供应链和模式切换进一步稳定，公司Q3、Q4收入及利润仍有望保持较快增长，维持重点推荐！

风险提示：欧美终端需求不及预期，汇率及海运价格波动，亚马逊高频数据与公司实际收入存在统计口径差异。

欢迎联系：史凡可18811064824/傅嘉成/曾伟13505600928/褚远熙/曹馨茗",水木调研纪要,致欧科技,1,0,484,https://wx.zsxq.com/group/88888142214212/topic/82258844558124842,data/research/updates/2026-10-07-views-002.csv
2026-09-04T11:09:55,2026-09,[庆祝]珠免集团：上层国资股权归集，强化免税少数股权整合预期,"[庆祝]珠免集团：上层国资股权归集，强化免税少数股权整合预期

# 格力集团拟成为公司间接控股股东。公司公告，同意华发集团将其直接或间接持有的海投公司96.28%股权、免税集团23%股权等资产，以非公开协议方式转让给格力集团。本次变动后，格力集团将通过海投公司间接持有上市公司44.95%股权，成为公司间接控股股东；公司直接控股股东仍为海投公司，实际控制人仍为珠海市国资委，均未发生变化。

# 剩余49%少数股权整合预期升温。本次海投股权及免税集团23%股权划入格力集团体系后，上市公司间接控股平台与免税集团体外股权进一步归集至同一国资运营主体，有助于减少跨平台沟通成本，剩余49%少数股权后续整合的可操作性和市场预期有所提升。

[太阳]初步测算：100%持股下，免税集团全年利润中枢约9亿元

2026H1珠海免税集团实现营业收入11.59亿元、净利润4.41亿元。若静态年化，免税集团2026年100%口径净利润约8.82亿元；考虑国庆及年末旺季贡献，预计全年100%口径净利润约8.8-9.5亿元。",水木调研纪要,免税,1,0,411,https://wx.zsxq.com/group/88888142214212/topic/22258842114424421,data/research/updates/2026-10-07-views-002.csv
2026-09-04T10:11:20,2026-09,‼️【AGI产业拐点点评：从“模型竞赛”迈向“数字员工”，AI应用进入利润兑现窗口】,"‼️【AGI产业拐点点评：从“模型竞赛”迈向“数字员工”，AI应用进入利润兑现窗口】

🔥事件：OpenAI新一代基座模型GPT-6 Astra在推理、工具调用、计算机操作与长程任务执行上出现代际跃迁，市场对AI的定价逻辑正从“算力供给”切向“应用兑现”。AGI真正重要的不是模型再多一个版本，而是AI开始具备替用户完成完整工作的能力，产业价值有望沿着“基座模型→企业办公→安全与数据→电商交易→营销变现”快速传导。

🥇第一，国产基座模型迎来能力与商业化双重重估。港股#智谱、#MiniMax具备稀缺的大模型平台属性，模型能力提升后，API调用、订阅、Agent与企业服务商业化空间同步打开，核心逻辑是模型能力本身直接商品化。

🥈第二，企业办公与数字员工最容易率先兑现。#金山办公通过WPS灵犀把AI深入文档、表格、演示和工作流；#汉得信息则把AI Agent嵌入企业财务、供应链、制造和ERP流程，模型越强，企业“数字员工”的可替代岗位越多，单位客户价值和项目利润空间也越大。#每日互动依托数据与用户画像能力，将AI用于用户洞察、营销决策和转化；#拓尔思则聚焦政务、媒体、公共安全等垂直大模型和知识智能体。

🥉第三，AGI能力越强，安全价值同步提升。#深信服的核心逻辑不是简单“网络安全概念”，而是随着Agent自主操作、代码生成和漏洞发现能力增强，企业对AI安全、大模型安全、自动化安全运营的需求同步上升，未来安全产品本身也将逐步Agent化。

🔥第四，AI电商与AI营销最容易直接创造现金流。#值得买有望从传统导购升级为购物Agent入口；#焦点科技已将AI深入外贸获客、询盘、营销和交易流程；#蓝色光标、#易点天下则通过AI生成素材、自动投放、预算调优和效果分析，同时提升广告ROI并降低人工成本。

🔥总体看，AGI时代真正值得重估的，不再只是“谁拥有AI”，而是“谁能让AI直接办公、经营、卖货、获客、投放，并最终转化为利润”。短期模型端看#智谱、#MiniMax；企业Agent看#金山办公、#汉得信息；安全与数据看#深信服、#每日互动、#拓尔思；应用兑现重点看#值得买、#焦点科技、#蓝色光标、#易点天下。",水木调研纪要,电商|值得买,1,0,413,https://wx.zsxq.com/group/88888142214212/topic/14425514884282122,data/research/updates/2026-10-07-views-002.csv
2026-09-04T09:09:57,2026-09,【IFA展速递】（持续更新）：关注IFA展催化，安克创新/Navimow/Dreame新品介绍，AI应用产品密集推出——,"【IFA展速递】（持续更新）：关注IFA展催化，安克创新/Navimow/Dreame新品介绍，AI应用产品密集推出——

🔴IFA是下半年最重要消费电子展，关注新品催化带来的投资机会。利好石头科技/九号公司/安克创新/绿联科技等

🔴连线瓦白吕工，报道IFA展现场电话会议欢迎报名外呼！
时间：9月7日11:00

🔥# 安克创新关键词：品牌归一+全场景品类直营店开业、家庭AI生态、个人AI健康/音频

本次安克重点之一在于围绕端侧AI发力智能家居生态。# 海外安防摄像头/智能门铃/智能门锁年出货量预计分别超9000万/2000万/1500万，摄像头为例预计安克年出货量不到1000万，智能门铃以Ring为主，安克份额仍有很大提升空间。随着端侧AI发力，# 安克围绕本地存储/本地Agent构建的智能家居生态有望带动安防领域份额持续提升。

（1）# 家庭AI生态：MindBase（HomeBase升级迭代版）、AI智能门铃S4（全球首款VR门铃）、全新安防摄像头S1（配备自动追踪灯）、 窗户摄像头E10（适配公寓租户）、NVR安全系统E50、跌落传感器、新一代割草机/扫地机。

# MindBase：内置本地大模型的家庭存储中心。利用Anker EasyOmni™ Link支持近百款Anker设备以及数百款Matter兼容产品（Anker设备可一次添加）。# 产品内置大预言模型、具备26TOPS计算能力、支持48TB本地存储、支持通过对存储文件搜索和分析。Anker设备用于感知环境，MindBase进行分析、规划和执行。

（2）# 个人AI产品：首次推出助听器以及睡眠监测等健康类产品。 展出产品为AeroClip2 Pro（全球首款AI耳夹耳机）、 新款头戴式耳机、# OTC助听器、 Earbuds4 Pro（睡眠耳机）、# SleepLab Pro（睡眠监测设备）、 新款吸奶器和磁吸移动电源。

🔥# Navimow： 推出H5 Pro四驱高端产品，# 搭载可伸缩机械臂（全新算法适应硬边、软边界等）、 零转向系统（四轮独立轮毂电机）、定位技术激光雷达+NRTK+视觉、避障技术三目视觉+激光雷达+红外线。

🔥# Dreame： 推出A4 Pro四驱产品。延续激光雷达技术路径，# 搭载修边机械臂、前全向轮升级为舵机驱动减少转弯半径且保护草坪。",水木调研纪要,安克创新,1,0,329,https://wx.zsxq.com/group/88888142214212/topic/55521145844124854,data/research/updates/2026-10-07-views-002.csv
2026-09-04T09:03:14,2026-09,【东方甄选交流要点】,"【东方甄选交流要点】

1、近期经营明显提速。2026年6-8月增速逐月加快，8月增速预计70%+。

2、抖音矩阵持续扩张。目前共有24个矩阵账号，抖音贡献约79%-80%的GMV。主播团队已由去年同期约28人增至接近50人，长期计划扩充至约100人。

3、矩阵号并未明显分流主号。短期观看人数可能有所分散，但垂类账号能够承接更多品牌及差异化自营产品，触达新客，推动东方甄选品牌整体流量和GMV增长。

4、自营产品进入快速扩品阶段。累计开发产品超过1,000款，8月上新超过100款，未来一年计划再新增约1,000个SKU；品类将由食品、营养保健进一步拓展至家居百货、个护美妆、服饰床品等。

5、产品和品控仍是核心壁垒。强调高安全性、高品质和高质价比，覆盖指定原料、源头溯源、驻厂跟产、批次抽检、飞行检查及第三方检测等环节。

6、App主要承接高复购用户。目前App GMV占比低于20%，付费会员约35万，90天复购率接近50%；付费会员家庭年消费额已由约4,000-5,000元提升至5,000-6,000元。

7、新东方体系协同开始释放。公司已与十余所学校开展合作，通过会员卡、优惠券和积分兑换转化学员家庭；首批约6,000名家长中，超过60%完成开卡。

8、线下渠道定位偏品牌曝光和会员获取。北京采用直营模式，郑州、西安与当地新东方学校合作，同时已投放100余台自动售货机。

9、自营产品综合毛利率约29%。公司现阶段没有单纯追求利润率提升，而是将部分效率改善投入新品推广、投流和促销。",水木调研纪要,新东方|美妆|东方甄选,1,0,314,https://wx.zsxq.com/group/88888142214212/topic/14425514814118482,data/research/updates/2026-10-07-views-002.csv
2026-09-03T21:31:05,2026-09,[太阳]【国金轻工】8月亚马逊平台线上跟踪：致欧四站点保持高增速，梦百合同比增速显著提升,"[太阳]【国金轻工】8月亚马逊平台线上跟踪：致欧四站点保持高增速，梦百合同比增速显著提升

💝主要亮点：致欧科技美英德法四站点同比增速均超50%，法国站点加速至+64.4%；梦百合同比+49.9%，维持双位数增长。

[礼物]重点公司增速统计：

# 致欧科技  （统计品牌Songmics、Vasagle、Feandrea）：美国站点8月GMV为3,587万美元，同比+60.2%；英国站点GMV为1059万英镑，同比+59.5%；德国站点GMV为1804万欧元，同比+57.0%，保持高增；法国站点GMV为1,304万欧元，同比+64.4%，较7月（+55.4%）再度加速。

# 恒林股份  （统计品牌Sweetcrispy、Smug、Olixis、Nouhaus、Colamy、Dumos）：8月美国站点GMV为4,302万美元，同比+8.06%，较7月（-1.35%）由负转正。

# 梦百合  （统计品牌Mlily、EGOHOME）：8月美国站点GMV为1,939万美元，同比+49.9%，同比增速较7月明显提升。

# 傲基股份  （统计品牌Allewie、IRONCK、LIKIMIO）：8月美国站点主要产品GMV为1,870万美元，同比-9.6%，降幅较7月（-27.8%）收窄。

# 乐歌股份  （统计品牌FLEXISPOT）：8月美国站点GMV为591万美元，同比+16.4%，较7月（-25.9%）由负转正。

国金可选消费赵中平19867713319团队
轻工团队-毕先磊13122270825/储天舒/谢俪丹/叶秋含/单欣彤",水木调研纪要,致欧科技|傲基|乐歌股份|恒林股份,1,0,390,https://wx.zsxq.com/group/88888142214212/topic/22258842485585511,data/research/updates/2026-10-07-views-002.csv
2026-09-03T20:43:22,2026-09,锦江酒店26Q2业绩会交流增量要点：,"锦江酒店26Q2业绩会交流增量要点：

[太阳]短期景气度：7月同比-3%，8月同比降幅小于1%；9-10月增量假期，预期乐观，预计全年境内RevPAR同比持平。

[太阳]国内拓店目标：不再单纯追求规模，更关注签约质量、项目质量、转开业效率和开业后经营表现。

[太阳]CRS比例：26Q2线上直销占比达39%，驱动力：1）房型梳理统一展示；2）推出会员价格体系2.0，统一线上销售价。预计2026年下半年企业直销将实现大幅增长。

[太阳]海外减亏： 26H1减亏人民币约5000万元，驱动力：1）卢浮改造后，特许加盟费增加2000万，2）财务成本管控节省财务费用390万欧元；3）资产处置较去年同期减少，商誉减值和PPA摊销相应减少。后续2026年计划完成70家直营门店更新改造，目前已完成47家，全力达成年初制定的全年减亏目标，原有三年全面减亏的规划未发生变化。

[太阳]对加盟商综合take rate提升：2026H1take rate约为11.02%，2025年同期约为10.25%，同比提升0.8个百分点，提升来源：1）管理费率提升，2）外派店总相关收入增长3）渠道相关收入增长。其中订房渠道收入同比增速超50%。后续TR还会提升。

[太阳]全年盈利目标维持此前的预期不变，支撑因素：1）直营上半年已减亏1亿元，下半年有望维持上半年的减亏幅度；2）直销收入高增长；3）成本费用端持续优化。",水木调研纪要,酒店|锦江酒店,1,0,388,https://wx.zsxq.com/group/88888142214212/topic/82258842452214852,data/research/updates/2026-10-07-views-002.csv
2026-09-03T20:42:56,2026-09,中国中免交流要点：,"中国中免交流要点：

1. 海南：#暑期同比变动较5-6月改善；#8月预计环比7月改善。下半年有国庆、周年庆、年终盛典、消费券及三亚太古里开业等催化，需求端仍有支撑。

2. 三亚太古里预计年末部分开业，中免与太古各持股50%，项目定位偏高端有税商业，与海棠湾免税形成互补，有望延长游客停留时间、提升商圈转化。

3. 机场渠道上半年受上海机场经营主体切换影响较大，#6月上海机场线下同口径转正。后续随着品牌恢复、货品补齐、精品/黄金/3C/国潮等品类导入，机场销售额有望修复。

4. 浦东T2全国首家机场Apple优质合作商免税店落地，是机场渠道品类升级的重要信号。

5. 毛利率端，折扣率较去年有所收窄，海南毛利率同比改善，同时人民币升值也有利于降低外币采购成本。

6. 市内免税政策提升方向探讨：提升消费者购买便利性。",水木调研纪要,免税|中免,1,0,393,https://wx.zsxq.com/group/88888142214212/topic/14425514124484112,data/research/updates/2026-10-07-views-002.csv
2026-09-03T20:41:31,2026-09,锦江酒店26H1业绩会精要,"锦江酒店26H1业绩会精要

# 经营更新
境内RevPAR：7月受极端天气影响同比下降约3%（直营仍然+5%），8月同比基本持平略降（直营+9%），#全年有望同比持平，预计直营增幅下半年继续维持。直营增长抓手包括店总优化、更新改造推进。
境外RevPAR：H1下降约5%、7月降幅收窄至1%。去年更新的61家门店，#今年RP有约25%提升，随着门店逐步爬坡、RP表现逐月有所提升。
全年业绩目标不变：境外减亏目标没有变化，直营店改造效果将在H2进一步释放，直销收入预计仍保持较好增长，叠加全面优化成本。

# 拓店及门店改造
H1新签约近600家，在新开门店上把质量放在更高优先级。
上半年完成381家存量加盟店升级改造，全年改造目标为超过700家。重改门店RevPAR提升超20%。
全年境外直营目标改造70家，目前已完成47家。

# 会员&渠道
Q2中央预定率74%（线上直销39%+OTA 35%），直销首次超过分销，# 全年直销占比目标达到近40%。
H1企业商旅增长超31%，H2预计增长超过45%，8月商旅订单创单月新高，GMV近8亿、占比约10%。未来异业合作有望进一步带动增长。

# 港股IPO
审核整体符合预期，在等待境内证监会的备案通过，正在加紧落实证监会反馈的补充意见，预计更新后的文件会在26Q4提交。

[太阳]详细欢迎交流
嵇文欣/罗艺",水木调研纪要,酒店|锦江酒店|OTA,1,0,337,https://wx.zsxq.com/group/88888142214212/topic/55521145425582424,data/research/updates/2026-10-07-views-002.csv
2026-09-03T20:41:18,2026-09,[玫瑰]【华泰消费|美护】# 若羽臣策略会速递,"[玫瑰]【华泰消费|美护】# 若羽臣策略会速递

# 组织及方法论
1️⃣新品牌起步由董事长亲自带队，绽家/斐萃已部分脱手，当前精力更多在奥伦纳素
2️⃣品牌团队独立闭环，达播中台多品牌共用；选品优先大赛道+增量切口，核心优势在组织效率、跨境供应链和合规能力

# 绽家
1️⃣#今年营收增长大几十，体量做大后中期仍有几十左右增长，短期今明两年仍聚焦衣物清洁主赛道
2️⃣H2继续巩固洗衣液/凝珠，发力柔顺剂、专衣专洗等细分赛道，IP联名用于人群破圈
3️⃣明星合作以ROI为核心，伊能静仍有合作，但对于明星进直播间会考量盈利

#斐萃#
1️⃣#Q3高基数下有望站稳，M7+8同比增长，M9目标至少持平，Q4有大促节点，若Q3能展望，Q4增长预期较好
2️⃣#监管最严阶段已过，当前不再把监管作为第一考量；平台流量有所放开，但素材审核仍严，公司通过科学传播+痛点内容调整企稳
3️⃣明年第一梯队预计为小紫瓶/鎏金瓶/雌马酚三大品线，26Q4将做小紫瓶升级
4️⃣#雌马酚快速放量：8月占营收比重40%+，7月备货不足曾缺货，当前供应已恢复；聚焦更年期盗汗/潮热/情绪波动等明确痛点，中长期可期亿级别月GMV；积极探索上游专利原料和新剂型，巩固产品差异化优势
5️⃣坑位费下降前提下做达播以破圈，M8已实现两场千万级GMV，后续预计继续投放
6️⃣经营指标向好：退货率较去年下降几pct；动态12个月店铺复购率亦继续提升，抖音起量后天猫溢出明显

# 奥伦纳素
1️⃣董事长重点带队，今年以品牌、团队、渠道、产品梳理融合为主，利润争取减亏或扭亏
2️⃣继续做面膜大单品，同时发力眼部护理/精华油，目标打造精华油品类头部外资品牌；定位高端护肤，依托百年品牌沉淀，不做纯成分内卷

# 品牌管理
1️⃣原代运营团队继续承接品牌管理，达播资源可复用于康王等中高端头皮护理品牌
2️⃣后续仍偏少而精，重点看品牌调性、人群匹配和盈利模型

更多公司详情及观点欢迎联系~
[红包]樊俊豪/孙丹阳 18521095693/袁嘉会 13801791440",水木调研纪要,若羽臣,1,0,334,https://wx.zsxq.com/group/88888142214212/topic/55521145425548424,data/research/updates/2026-10-07-views-002.csv
2026-09-03T18:17:38,2026-09,9月3日复盘笔记：液冷/人形机器人/AI编程/AI应用/零售/培育钻石/PCB/电网设备/医药/智能驾驶等,"9月3日复盘笔记：液冷/人形机器人/AI编程/AI应用/零售/培育钻石/PCB/电网设备/医药/智能驾驶等

一、重磅财经信息
两位高盛策略师同日释放一致信号：长期仍看好风险资产但“最容易赚的钱”可能已经赚完了

二、大盘表现
截止收盘，沪指涨0.02%，深证成指涨0.10%，创业板指涨0.01%，科创50跌0.4%。
沪深京三市成交额不足1.8万亿，较昨日小幅缩量。
三、强势板块和个股分析
备注：只列举部分涨停板

液冷
央视财经报道，随着万卡智算中心加速落地，AI芯片功耗突破1000W，传统风冷无法满足散热需求，液冷成为算力部署的“必选项”。山东、广东等地液冷产线满产运行，核心设备CDU订单已排至2026年底，部分交付周期展望至2027年。
涨停板：思泉新材、宏盛股份、金富科技、大元泵业、集泰股份、新朋股份、金帝股份
其他强势股：鸿富瀚、同飞股份、申菱环境、英维克

人形机器人
马斯克预估未来10年内人形机器人数量将超过10亿台，每台机器人的产出将至少是人类工作者的5倍，生产力将高于全球人类生产力总和。
涨停板：鸣志电器、明新旭腾、光洋股份、冠盛股份、爱仕达、凯迪股份
其他强势股：斯莱克、斯菱智驱、兆威机电

AI编程/AI应用
受业绩超预期刺激，美国AI数据云巨头Snowflake股价在盘后一度暴涨超24%。该公司指出，其名为CoCo的人工智能编码代理贡献了增长，该代理目前拥有9100个账户，本季度增加超过2000个。
涨停板：金现代、新炬网络、海量数据、龙版传媒
其他强势股：普元信息

零售
日前商务部等7部门印发《关于推动商品消费扩容升级的实施意见》。其中提出，到2030年社会消费品零售总额达60万亿元左右。
涨停板：百大集团、东百集团、国芳集团、珠免集团
其他强势股：茂业商业、中国中免

培育钻石
2026年被业内视作金刚石散热材料商用化落地元年。根据中泰证券，2026年全球AI芯片用金刚石散热片，市场大约87亿元人民币，到2030年能涨到592亿元，年复合增长率超过50%。
涨停板：博云新材、恒盛能源
其他强势股：沃尔德、黄河旋风、四方达、力量钻石

PCB
松下宣布因铜箔和玻璃纤维成本上涨而上调覆铜板价格，自2026年9月1日起对出货产品执行新价格，部分产品涨幅最高达到30%。此前8月底，全球覆铜板龙头建滔积层板向客户下发年内第七份涨价函，对所有厚度FR-4覆铜板统一涨价10%。
强势股：金禄电子、四会富仕、迅捷兴、强达电路、方邦股份

电网设备
9月1日，国家能源局召开新型电网建设工作部署会，会议指出，将加快输电通道等重大电网工程核准建设。
涨停板：太阳电缆
其他强势股：望变电气、金盘科技、汉缆股份

医药
前8个月全球医药投融资明显回暖，全球药品一二级融资金额合计538亿美元、同比增长72%，约为2025年全年的92%；国内上半年BD金额与License-out出海金额亦有望创新高，2026年以来一级融资金额同比明显改善。
涨停板：千金药业、美迪华、德展健康
其他强势股：贝达药业、中红医疗

智能驾驶
9月3日，特斯拉旗下无人驾驶出租车Cybercab正式发布。此外，国内无人驾驶出租车行业正处在从区域示范向小规模商业化过渡的阶段。目前北京、上海、广州、深圳、武汉等十余座城市已经开放L4级无人载客收费试点。
涨停板：大众交通
其他强势股：锦江在线、浙江世宝

航运
9月2日，波罗的海干散货指数BDI报3331点，环比前一日上涨5.5%；波罗的海海岬型船运价指数BCI报5642点，环比前一日上涨8.06%。厄尔尼诺风险积累加剧、铝土及铁矿石发运量高位，加之干散货旺季将至，BDI指数创2023年12月5日以来新高。业内人士表示，从目前远期运费协议（FFA）来看，干散货航运市场持续乐观，且四季度有望超过三季度，达到年内最高点。
涨停板：海通发展
其他强势股：中远海能、招商轮船、凤凰航运、招商南油

房地产
《关于资本市场支持构建房地产发展新模式的意见》，打出股权、并购、债券、资产证券化、不动产私募“五维融资组合拳”，全面疏通房企资金堵点。
涨停板：信达地产
其他强势股：招商蛇口、保利发展、滨江集团

旅游
据同程旅行数据，中秋国庆旅游预订热度同比走高。平台上“中秋”“国庆”关键词搜索热度月环比增长116%，中秋国庆产品提前30天以上预订热度同比增长超20%。据国泰海通测算，两节间请假3天可形成13天连续休假，有望释放长线国内游、出境游和深度游需求。
涨停板：云南旅游
其他强势股：张家界、西藏旅游

黄金
现货黄金、现货白银价格日内双双涨超1%。
涨停板：白银有色
其他强势股：湖南白银、湖南黄金、华钰矿业、中金黄金",水木调研纪要,零售|中免|旅游|同程旅行|张家界|西藏旅游,3,0,462,https://wx.zsxq.com/group/88888142214212/topic/45548825244588158,data/research/updates/2026-10-07-views-002.csv
2026-09-03T13:53:01,2026-09,继续推荐跨境电商：,"继续推荐跨境电商：

# Q3逐步进入海外消费旺季，新品集中落地，放量可期。Q3进入9月以来，海外消费旺季逐步启动，跨境企业进入集中推新与品类扩张阶段，如绿联拟于9月中下旬起陆续上架AI NAS、智能家居Home Agent系列产品，安克拟于9月发布One Anker战略、XE储能产品陆续于9-10月开启安装，致欧科技中大件家具恢复推新。中长期来看，具备自主品牌、产品创新、海外仓及全球供应链能力的企业有望进一步提升份额。

# 关注标的催化。
安克创新：1）具身智能机器狗处于研发及产品规划阶段，上市时间将视技术成熟度和市场条件而定；针对美国四足机器人相关政策变化，公司已持续跟踪并制定多方向应对预案，以保障业务稳定。2）储能业务加速市场扩张，阳台储能份额保持第一，户储聚焦澳洲/英国等购买力较强市场，XE产品预计9-10月开启安装。

致欧科技：亚马逊VC模式继续放量，Q3业绩有望加速。VC模式下公司获得平台流量、价格优势和销售规模，同时部分履约及平台链路得到优化。由于VC按照供货价确认收入，实际GMV增速快于报表收入增速，Q3-Q4欧洲、美国VC渗透率有望继续提升，同时公司2025Q3美加市场低基数，2026Q2美加收入已经同比增长约23%，恢复较为明显。

绿联科技：绿联NAS私有云与腾讯WorkBuddy达成生态合作NAS的核心竞争正在从硬件配置、存储容量进一步向操作系统、应用生态及AI能力迁移；若未来WorkBuddy能够深度调用NAS中的私有数据和应用，绿联有望依托本地数据安全、私有存储以及端云协同形成差异化竞争力。

建议关注：安克创新、致欧科技、绿联科技、赛维时代、华凯易佰、吉宏股份",水木调研纪要,安克创新|跨境电商|电商|致欧科技|赛维时代|华凯易佰|吉宏股份,1,0,512,https://wx.zsxq.com/group/88888142214212/topic/55521145544122124,data/research/updates/2026-10-07-views-002.csv
2026-09-03T13:09:21,2026-09,【妙可蓝多】情况更新（2026-9-3）,"【妙可蓝多】情况更新（2026-9-3）

短期经营趋势：#7~8月为传统淡季、9~10月有望增强改善。C端2026H1增速超20%；B端增速超30%，B端餐饮无季节性，C端常温产品增量更快，支持整体增长。#营销投放务实，世界杯费用高峰在二季度，下半年视收入表现灵活投放。

长期成长潜力：战略#BC双轮驱动+并购出海，布局儿童成长、家庭膳食、成人运动、中老年功能四大营养赛道；2030年百亿营收目标确定性强。国内奶酪消费有本土化基础——参照咖啡、牛奶普及路径，家庭端、成人端渗透率提升空间大；西餐及轻食趋势催化需求。下游客户资源、规模化品质稳定性为核心壁垒，B端再制马苏、奶油芝士市占率均超过30%，与百胜、麦当劳战略合作。

盈利改善空间：B端毛利率从约10%提升至20%，中长期目标净利率10%以上，预计每年同比提升约1pct；当前B端规模不足20亿，规模效应仍待释放。奶价温和上涨利于挤出中小厂商、提升份额，国产奶源（目前约占20%-30%）仍具成本优势。

新业务进展：原制奶酪#奶油芝士、黄油已量产，国产原制马苏2026年初投产正客户测试，规模化品控为核心壁垒。#乳清D90已量产供蒙牛婴配粉，东北乳清塔建成，WPC/WPI在三年规划中，扩产相对谨慎。新渠道#零食量贩、即时零售、会员店（山姆共创，有试错成本但提升创新力）、内容电商四大势能渠道加速布局。孵化品类#宠物奶酪品牌“澳爵”（代工模式、孵化阶段）、芝士粉替代香精（第二曲线，优先级低于核心业务）、本土化命名创新（哈鲁米改“奶豆腐”销量大增）。

[礼物]详情欢迎沟通，恳请多多支持！",水木调研纪要,零售|电商|量贩|餐饮|零食量贩|麦当劳|山姆,1,0,500,https://wx.zsxq.com/group/88888142214212/topic/55521145545142424,data/research/updates/2026-10-07-views-002.csv
2026-09-03T13:09:00,2026-09,☀️【海天味业】小范围交流核心要点,"☀️【海天味业】小范围交流核心要点

短期业绩趋势：
收入与需求——2026年消费恢复偏弱但未出现剧烈波动：Q2增速放缓符合整体市场趋势，7-8月属传统淡季，趋势平稳；#9-10月进入旺季（叠加Q3禁酒令低基数），有望边际改善。#内部激励目标是基于中性偏挑战来制定的，受成本波动、需求偏弱等影响，有压力但会全力争取。
成本与费用——采购策略（长期锁价、期货对冲、种植期锁价）已部分平滑了Q2原材料涨价影响；#Q3的成本或有进一步上涨，但对公司影响可控；Q4黄豆、小麦进入新周采购期。技术工艺改良，通过菌种与黄豆品种匹配提升出品率、包装轻量化等方式，上半年已有贡献。#暂无提价计划、费用投放保持稳定，仅对国际化、新渠道适度投入。

长期增量空间：
☕️新品类——1）健康化升级#有机、薄盐产品增速20%以上、溢价更高；场景不断细分（肠粉酱油、薄盐酱油等）。
2）复合化#复调产品增速50%以上：凉拌汁已达数亿、葱油拌面酱破亿、沙拉汁破千万；未来3~5年凉拌、冷泡、熟制汁有望形成更完善的产品矩阵（参考蚝油20-30年达到100万吨级）。3）多品牌布局#山姆渠道“食味优选”、年轻化“点趣”等。
新渠道&定制——与山姆等头部渠道，以定制创新产品合作而非单纯贴牌（熟醉汁、MM蚝油/酱油），价格带不冲突、净利率与传统渠道无异；新品1~2周全国上架，节省数百万条码费，单SKU可达大几千万至上亿元。连锁餐饮定制酱汁增长好；对新兴渠道归类整合、能力复用，再拓展盒马、私域等新场景。凭供应链效率切入酱油粉（年市场规模达到10亿级）、卤味等工业端，替代区域中小厂商。
内外需潜力——国内行业规模超3000亿，公司市占率仅个位数，天花板远未到来；出海并不局限重点区域，#东南亚、欧美同步推进；华人市场与本土市场并重，品牌渠道同步布局。

[礼物]详情欢迎沟通#恳请多多支持！#",水木调研纪要,餐饮|山姆,1,0,496,https://wx.zsxq.com/group/88888142214212/topic/45548825525851888,data/research/updates/2026-10-07-views-002.csv
2026-09-03T12:58:48,2026-09,[庆祝][庆祝]【国联民生家电】家电行业2026H1财报综述：外销带动营收企稳，汇兑拖累盈利表现,"[庆祝][庆祝]【国联民生家电】家电行业2026H1财报综述：外销带动营收企稳，汇兑拖累盈利表现

#如需综述详细内容&底稿、欢迎与国联民生家电团队索取

[太阳]＃收入 ：基本平稳，外销更优
2026Q2家电板块收入同比-0.23%，延续基本平稳表现，国补退坡后的基数压力、消费低迷下的可选品景气缩圈，干扰板块内需表现；出口伴随基数走低、新兴国家与新兴品类保持活力、世界杯带动彩电消费与升级，以及家电企业海外份额提升，景气度环比提升。Q2收入增速排序为智慧家居（+14.27%）、家电上游（+5.17%）、黑电（+5.15%）、小家电（-1.69%）、白电（-1.75%）、后周期（-9.89%）。

[太阳]＃盈利 ：毛利率承压，汇兑有扰
家电板块2026Q2毛利率同比-0.70pct，期间费用率+1.32pct，归母净利润同比-6.58%。板块业绩底部震荡，主要由于原材料涨价对毛利率的拖累开始显现、人民币升值带来的汇兑损失影响较大，部分企业收到关税退税及对外投资确认公允价值变动收益有正向贡献。Q2业绩增速排序为黑电（+133.63%）、智慧家居（+65.69%）、白电（-9.73%）、家电上游（-11.33%）、后周期（-27.08%）、小家电（-60.30%）。

[太阳] ＃经营质量 ：积极备货，现金流下滑
2026Q2家电板块经营性净现金流同比-23.69%，库存增加及采购付款前置或拖累黑电现金流表现；白电盈利质量仍较好；智慧家居和小家电现金流则有改善。2026H1末家电板块合同负债同/环比分别+10.25%/+1.64%，下游对后续需求有正向预期。2026H1末家电板块存货同/环比分别+12.53%/+2.31%，企业对原材料备货积极，其中黑电和智慧家居行业由于存储用量更大且后续仍有涨价预期，存货明显增加以储备低价库存。

[太阳] ＃投资建议
展望下半年，家电行业β低位向上，内销基数压力缓解，外销延续景气，营收提速趋势确定；行业龙头积极挖掘海外增量、业务边界外拓，盈利端有望受益于内生控费增效、品牌势能提升、竞争压力缓解等因素，随着成本及汇率扰动趋弱，业绩改善弹性可期。#持续推荐：美的集团、格力电器、海尔智家、海信家电、海信视像、TCL电子、科沃斯、石头科技、安克创新、欧伦电气等。

[红包]恳请派点支持！欢迎联系国联民生家电团队~",水木调研纪要,安克创新,0,0,463,https://wx.zsxq.com/group/88888142214212/topic/82258842248145212,data/research/updates/2026-10-07-views-002.csv
2026-09-03T12:57:44,2026-09,☀️【中炬高新】董事长小范围交流要点（2026-9-2）,"☀️【中炬高新】董事长小范围交流要点（2026-9-2）

💹短期业绩趋势
上半年利润增长显著加速：2026Q2扣非利润同比增长超50%，如果剔除为后续新产品预提的1亿多元费用后实际增速可以更快；营收与利润同步增长，未靠降价换量。
收入质量高#全年目标收入50亿、利润7亿、完成的信心较高；扣除去库存影响，主业实际动销增长保持双位数以上。库存健康：渠道库存从2025年内的4~6个月降至2~3个月（6月末仅2.3个月），公司不会压货冲收入。成本可控#大豆价格仅从5000元/吨涨至5200元/吨，采用半年锁价，影响有限；#内部降本增效贡献了近一半利润增量。

📍增量空间
行业逻辑：调味品需求平稳，且CR4仅约35%，清洁标签政策将淘汰落后的小厂商，份额向头部集中。#公司目标保持双位数增长。#结构性增长①清洁标签产品升级+区域适配新品（北方、川渝）；②复合调味料（“熊猫王子”9月底广东试点，目标区域增量5000万-1亿）；③餐饮渠道与厨师协会合作切入增量；④出口从约2k万提升至5k万以上；④高端化：年底推出30~50元手工酱油，提升品牌调性。

👨治理与管理
人员数量从5000+精简至3800人，总薪酬并未降低（大湾区55-60分位），一线员工月加薪1000元。核心岗位引入金龙鱼、万科、蜜雪冰城等企业的人才。与江南大学达成排他性研发合作；#新激励计划后续预计仍将推出。#

💵股东回报
首次回购3-6亿元（已用3.6亿），计划2/3用于注销，其余预留为股权激励；未来不排除有新回购计划。分红提升至每股0.46元，将建立稳定分红政策。账面现金20~30亿元，极低借贷，后续或有谨慎收购，无合适标的则资金预计回馈股东。中山市政府为实控人（持股23%，含一致行动人），鼎晖的股份未来也会优先转让给政府，股权结构稳定。

[礼物]详情欢迎沟通，恳请多多支持",水木调研纪要,餐饮|蜜雪冰城,1,0,453,https://wx.zsxq.com/group/88888142214212/topic/14425514415841122,data/research/updates/2026-10-07-views-002.csv
2026-09-03T12:57:19,2026-09,【国金商社】安克创新大涨点评：全年业绩上调，H2新品可期，盈利能力提升或持续超预期,"【国金商社】安克创新大涨点评：全年业绩上调，H2新品可期，盈利能力提升或持续超预期

🔥公司今日早盘大涨6.7%，我们预计系业绩上修叠加新品上市预期催化带动~

# 公司7系战略效果验证，不考虑退税影响H1剔毛利率提升1.5pct，实际超市场预期，下半年高毛利有望持续：

1）储能业务有望上量：公司二季度收发货节奏影响储能缺货，上半年储能整体增速35%，下半年有望加速（7月份英国准入放开），带动充电储能类毛利率提升~

2）# AI新品催化：9月4日德国FIFA展即将开幕，AI是2026 IFA主旋律，公司展会筹备3D打印新品、智能投影、AI+储能以及新布局健康医疗产品等新品，有望复用Thus芯片。上半年公司AI耳机新品带动音频类整体增长加速，品类毛利率同比大幅提升5pct以上，公司AI复用逻辑值得期待~

7-8月增速持续，叠加Q3-4小充储能低基数，公司下半年业绩有望加速。
考虑到公司收到退税后进一步加码研发，我们预计公司26年归母净利38亿元，扣非34-35亿元，当前对应26年估值21x，持续看好后续新品催化及业绩高增持续兑现~

欢迎交流国金商社 于健 15821682853 / 谷亦清",水木调研纪要,商社|安克创新|超市,1,0,437,https://wx.zsxq.com/group/88888142214212/topic/82258842248122142,data/research/updates/2026-10-07-views-002.csv
2026-09-03T09:40:00,2026-09,今天策略会上市公司核心要点整理如下：,"今天策略会上市公司核心要点整理如下：

[玫瑰]凯文教育。海淀AI订单已进入最后决策环节，相关部门对方案及预算基本形成一致意见；拟采用三年合作、按年付费模式，2026年预算已有安排，公司争取年内落地，但招采及收入确认时间仍有不确定性。

[玫瑰]学大教育。全年收入仍以双位数增长为主要目标。全日制是主要结构性增量，股东回报方面，后续更倾向通过回购注销增厚每股收益。

[玫瑰]传智教育。2026H1短期培训收入1.54亿元，同比+74.2%；毛利率73.7%，同比提升13.3pct。若7—9月招生旺季延续较好，增量收入将主要在4Q26及1Q27确认；交流口径下，短训全年收入乐观情形有望向4亿元靠拢。

[玫瑰]兰生股份： 上半年广印展承压，但7月WAIC超预期、上海马拉松冲击大满贯以及“十五五”3+2+1战略逐步清晰，增长重心正从传统会展向AI生态服务、体育赛事和出海延伸；公司现金及金融资产充裕，高分红仍是重要底色。

[玫瑰]汇通达:布局下沉折扣连锁、高毛利AI‑SaaS双主线，AI业务高增，收购标的明年有望并表。公司现金充足，完成金通灵控股权收购，阿里持股减持压力出清，拟分红及5亿元回购，新业务与产业投资带来业绩弹性，存在分部估值重估机会。

[玫瑰]百果园:转向高性价比定位，调整商品结构后客流修复、同店小幅转正，客单价承压；稳健拓店、试点体验大店并拓展To B业务；凭借供应链、损耗管控与数字化构筑壁垒，中长期净利率目标3%‑5%。

[玫瑰]永辉:门店调改接近尾声，同店持续改善，严控新店扩张、出清低效门店；二阶改革发力自有品牌（目标占比20%）、场景打造和供应链优化以提升毛利。Q3‑Q4主业有望迎来盈利拐点，还可处置海外股权增厚利润，标杆门店净利率4%‑5%。

[玫瑰]万物新生：苹果新机9月10日发售，售价预计上涨，可能进一步推动以旧换新需求。2027年业绩展望：收入增速预计为23%-25%。non-GAAP经营利润率预计较2026年提升0.4-0.5个百分点，达到3.6%，对应non-GAAP经营利润接近11亿元。后续重点战略会考虑C端品牌建设和消费者心智养成，同时海外业务正快速起量，海外带来巨大增量空间。

[玫瑰]古茗：2026年7-8月同店GMV微正；2026年上半年加盟商利润好于2025年下半年，7-8月利润也好于2025年同期；2025年下半年受外卖大战影响，出现增收不增利的情况，2026年回归堂食后实收率企稳，加盟商信心处于逐步修复过程中。

[玫瑰]沪上阿姨：7-8月经营环比逐步改善，收入下跌幅度收窄，核心驱动因素包括新品表现较好、“秋一杯”节点销售表现不错，Q3预期好于Q2。2026年全年目标同店收入维持持平，其中Q3仍存在一定压力，后续月份将逐步修复。Q3起单店利润同比趋势持续向好。

[玫瑰]锅圈：7月同店表现明显改善，客流量已回正，客单价仍有小幅下滑。全年净新增门店1500家，同店增长目标为高个位数，全年收入增长目标为15%-20%，利润实现稳定增长。

[玫瑰]途虎：行业整体处于收缩阶段，头部集中趋势提速。当前行业价格已接近底部，7-8月行业线下终端价格已经开始上涨，途虎与京东处于互相试探价格调整的阶段，若9-10月消费旺季价格能够站稳，价格端有望进入回升通道。

[玫瑰]周六福：全年收入目标50亿元，同比下滑10%+，净利润8亿元，同比增长4%。7月同店同比增长约10%，8月同比基本持平。分红率不低于50%，股息率7-8%。

[玫瑰]周大生：7-8月自营店实现约28%-30%的销售同比增长，加盟渠道也为正增长，增速慢于直营渠道，自营+加盟合计增长约10%。

[玫瑰]中国黄金：首家高端独立品牌店“金叙”4月于王府中环开业，预计9月在南京德基开店，全年开店计划5-6家。7-8月加盟渠道拿货仍然偏淡。",水木调研纪要,周大生|学大教育|永辉|教育|外卖|传智教育|中国黄金|古茗|沪上阿姨,1,0,380,https://wx.zsxq.com/group/88888142214212/topic/14425514458542452,data/research/updates/2026-10-07-views-002.csv
2026-09-03T09:31:49,2026-09,策略会上市公司核心要点整理如下：,"策略会上市公司核心要点整理如下：

[玫瑰]凯文教育。海淀AI订单已进入最后决策环节，相关部门对方案及预算基本形成一致意见；拟采用三年合作、按年付费模式，2026年预算已有安排，公司争取年内落地，但招采及收入确认时间仍有不确定性。

[玫瑰]学大教育。全年收入仍以双位数增长为主要目标。全日制是主要结构性增量，股东回报方面，后续更倾向通过回购注销增厚每股收益。

[玫瑰]传智教育。2026H1短期培训收入1.54亿元，同比+74.2%；毛利率73.7%，同比提升13.3pct。若7—9月招生旺季延续较好，增量收入将主要在4Q26及1Q27确认；交流口径下，短训全年收入乐观情形有望向4亿元靠拢。

[玫瑰]兰生股份： 上半年广印展承压，但7月WAIC超预期、上海马拉松冲击大满贯以及“十五五”3+2+1战略逐步清晰，增长重心正从传统会展向AI生态服务、体育赛事和出海延伸；公司现金及金融资产充裕，高分红仍是重要底色。

[玫瑰]汇通达:布局下沉折扣连锁、高毛利AI‑SaaS双主线，AI业务高增，收购标的明年有望并表。公司现金充足，完成金通灵控股权收购，阿里持股减持压力出清，拟分红及5亿元回购，新业务与产业投资带来业绩弹性，存在分部估值重估机会。

[玫瑰]百果园:转向高性价比定位，调整商品结构后客流修复、同店小幅转正，客单价承压；稳健拓店、试点体验大店并拓展To B业务；凭借供应链、损耗管控与数字化构筑壁垒，中长期净利率目标3%‑5%。

[玫瑰]永辉:门店调改接近尾声，同店持续改善，严控新店扩张、出清低效门店；二阶改革发力自有品牌（目标占比20%）、场景打造和供应链优化以提升毛利。Q3‑Q4主业有望迎来盈利拐点，还可处置海外股权增厚利润，标杆门店净利率4%‑5%。

[玫瑰]万物新生：苹果新机9月10日发售，售价预计上涨，可能进一步推动以旧换新需求。2027年业绩展望：收入增速预计为23%-25%。non-GAAP经营利润率预计较2026年提升0.4-0.5个百分点，达到3.6%，对应non-GAAP经营利润接近11亿元。后续重点战略会考虑C端品牌建设和消费者心智养成，同时海外业务正快速起量，海外带来巨大增量空间。

[玫瑰]古茗：2026年7-8月同店GMV微正；2026年上半年加盟商利润好于2025年下半年，7-8月利润也好于2025年同期；2025年下半年受外卖大战影响，出现增收不增利的情况，2026年回归堂食后实收率企稳，加盟商信心处于逐步修复过程中。

[玫瑰]沪上阿姨：7-8月经营环比逐步改善，收入下跌幅度收窄，核心驱动因素包括新品表现较好、“秋一杯”节点销售表现不错，Q3预期好于Q2。2026年全年目标同店收入维持持平，其中Q3仍存在一定压力，后续月份将逐步修复。Q3起单店利润同比趋势持续向好。

[玫瑰]锅圈：7月同店表现明显改善，客流量已回正，客单价仍有小幅下滑。全年净新增门店1500家，同店增长目标为高个位数，全年收入增长目标为15%-20%，利润实现稳定增长。

[玫瑰]途虎：行业整体处于收缩阶段，头部集中趋势提速。当前行业价格已接近底部，7-8月行业线下终端价格已经开始上涨，途虎与京东处于互相试探价格调整的阶段，若9-10月消费旺季价格能够站稳，价格端有望进入回升通道。

[玫瑰]周六福：全年收入目标50亿元，同比下滑10%+，净利润8亿元，同比增长4%。7月同店同比增长约10%，8月同比基本持平。分红率不低于50%，股息率7-8%。

[玫瑰]周大生：7-8月自营店实现约28%-30%的销售同比增长，加盟渠道也为正增长，增速慢于直营渠道，自营+加盟合计增长约10%。

[玫瑰]中国黄金：首家高端独立品牌店“金叙”4月于王府中环开业，预计9月在南京德基开店，全年开店计划5-6家。7-8月加盟渠道拿货仍然偏淡。",水木调研纪要,周大生|学大教育|永辉|教育|外卖|传智教育|中国黄金|古茗|沪上阿姨,1,0,319,https://wx.zsxq.com/group/88888142214212/topic/55521145514881824,data/research/updates/2026-10-07-views-002.csv
2026-09-03T09:20:33,2026-09,最近AI影视行业因为芒果AI长剧《后西游记》的大火带动整个AI影视板块集体大涨，我们在前期市场对AI应用彻底绝望时，始终坚定的强推AI短剧板块（7月8月连写三篇看好AI应用和AI短剧的感思录），可以说…,最近AI影视行业因为芒果AI长剧《后西游记》的大火带动整个AI影视板块集体大涨，我们在前期市场对AI应用彻底绝望时，始终坚定的强推AI短剧板块（7月8月连写三篇看好AI应用和AI短剧的感思录），可以说，这波的反弹我们也算完成了任务，昨天很多投资者也跟我交流，觉得这次AI影视是不是又跟之前一样，炒几天就结束了，像芒果这样开创先河的AI剧播放觉得涨40%多也差不多了，基本都不看好AI影视持续性。在这里，我们的态度非常坚定：我们继续坚定看好以【芒果超媒】【MINIMAX】为代表的AI影视多模态板块，以及像【易点天下】等为代表的TOKEN运营板块，近期若有调整，坚定强推。我们昨日也跟芒果做了一定的交流，公司第一部AI长剧《后西游记》连续三天在卫视排名收视率第一，这个其实给了公司非常大信心，我们预计后期公司一定会加大AI中长剧的购买和制作，而且边播边审也是政策一直在鼓励的，AI中长剧的出现也给了各家电视台一个非常好的困境逆转的绝佳机会，相信未来各家卫视都会全力发力AI中长剧，同时我们也了解到，AI中长剧的制作成本确实大幅下降，但广告主的热情并不改变（后西游记已经得到很多广告主的青睐），并且随着IP衍生品开发，所以整个AI中长剧的盈利回报会非常可观，可以说，芒果《后西游记》的播出，不亚于当时《盗墓笔记》付费观看带来的视频网站付费用户大增加，以及微信上线打飞机小游戏带动手游的爆发。同样，AI影视产业链，卖铲子的视频工具公司：字节SD，MINIMAX也是非常受益，在海外视频大模型相对稀缺的情况下，MINIMAX拥有非常广阔的发展空间，而近期即将上线的新模型也非常值得期待。另外，周末我们也写了OPENROUTER为代表的TOKEN运营业务，堪比大模型的携程，受到用户的特别欢迎，易点天下近期有调整，我们继续坚定看好。最后，还是想说，AI应用的发展一旦过了临界点，渗透率和盈利模式会快速提升，也才会让AI投入拥有可观的回报，AI形成正循环，需要更多像芒果，MINIMAX，易点以及腾讯阿里字节的发力，要对AI应用有信心，这次，我们非常坚定。,水木调研纪要,携程,0,0,307,https://wx.zsxq.com/group/88888142214212/topic/82258842284284152,data/research/updates/2026-10-07-views-002.csv
2026-09-03T09:13:41,2026-09,8月品牌流水跟踪,"8月品牌流水跟踪

总的来说，大部分品牌8月较7月改善，主要驱动为线上；三夫经过7月装修后增速恢复高增长。
[玫瑰]户外：三夫户外XB+38%
[玫瑰]男装：某高端男装专家7/8月+26%/20%；报喜鸟环比降速：主品牌双位数下降（线下影响）、HAZZYS高单（线上影响）、乐飞叶高单（线下影响）；海澜之家10%+；九牧王8月直营零售中单位数增长，加盟双位数下降，线上双位数增长；
[玫瑰]休闲：森马8月+8.01%，其中，森马1.03%，巴拉巴拉1.95%，其他65.81%。1-8月+7.5%。锦泓：TW和VG7月下滑，8月持平，云锦加速，IP授权保持上半年增速
[玫瑰]女装：江南布衣中单（较1-7月放缓）；
[玫瑰]百隆东方：7/8月出货-18%/-15%、但7月越南净利7900万、环比改善，得益于价格+2.5%
其余陆续更新中
[太阳]投资建议：推荐Q3有望迎来改善、具备中长期成长逻辑、以及估值处于底部品种：（1）Q3拐点推荐新澳股份、学大教育。（2）中长期成长品种：推荐三夫户外、晶苑国际、中国东方教育、开润股份。（3）底部品种：推荐锦泓集团、特步国际。",水木调研纪要,学大教育|零售|教育|中国东方教育,0,0,272,https://wx.zsxq.com/group/88888142214212/topic/45548825588248858,data/research/updates/2026-10-07-views-002.csv
2026-09-03T09:13:17,2026-09,🌸美妆个护8月抖音数据跟踪,"🌸美妆个护8月抖音数据跟踪

🔔# 跟踪总结：❶8月抖音美妆处大促后的常规淡季，大盘延续平淡，同时品牌自播占比进一步提升，护肤品类表现相对稳固；❷品牌端，# 东方甄选、绽家、林清轩、佰草集、薇诺娜、玉泽、可丽金、敷尔佳、安敏优、lancy from 25表现亮眼，可复美、珀莱雅8月同比转正；海外品牌整体走弱，预计主因平淡期达播效率偏弱。

⭐大盘：8月抖音美妆大盘同比+1.9%，护肤同比+3.8%，自播占比45%(环比+3pct)，彩妆同比-1.9%整体走弱，自播占比40%（环比+3.5pct）；

⭐重点国货品牌：
✔毛戈平：毛戈平+14%，# 高基数下延续双位数增长，7-8月GMV合计+22%，随着9月基数回落Q3增长有望加速；
✔巨子生物：可复美+4%，# 同比由负转正；# 可丽金+58%增长环比显著加速，主系积极与孙坚、韩雪、邓家佳等合作实现放量。
✔珀莱雅：珀莱雅+3%，同比由负转正；悦芙媞-21%；彩棠-18%；花知晓+40%；原色波塔+84%，OR+2%；
✔上美股份：韩束-17%；newpage+33%；一叶子持平；安敏优+100%；聚光白-92%主系达播调整。
✔贝泰妮：薇诺娜+35%，# 度过7月高基数后8月增长迎来显著恢复； 薇诺娜宝贝+33%；泊美-50%；姬芮-20%。
✔丸美生物：丸美-38%；恋火+6%。
✔华熙生物：润百颜-37%；夸迪-25%。
✔水羊股份：伊菲丹+27%；佩尔赫乔+22%；ReVive+140%，
✔若羽臣：# 绽家+54%； 斐萃# 据公司口径7-8月在高基数下同比已实现持平微增； 美斯蒂克-24%、奥伦纳素-14%（调整期）。
✔上海家化：佰草集+77%，合作舒畅、涂磊等达人实现放量；玉泽+119%# 低基数延续翻番增长； 美加净持平；六神-17%。
✔福瑞达：瑷尔博士-55%；颐莲+25%；珂谧+378%。
✔敷尔佳：敷尔佳+63%，增长环比加速，湿敷膜＆控油次抛表现亮眼；
✔逸仙电商：科兰黎-15%；完美日记-44%。
✔林清轩：林清轩+41%，小金珠及水乳放量显著。
✔润本：润本+27%。
✔东方甄选：# 东方甄选自营+96%增长持续加速，同时品类进一步拓展，# 8月抖音保健品占比达20%，超越食品饮料成为TOP2品类；东方甄选达人号+18%，增长由负转正。
✔朗姿股份：lancy from 25+58%。

⭐重点海外品牌：8月海外龙头整体偏弱，仅雅诗兰黛同比+8%增长由负转正，雅漾同比+69%增长环比加速，其余表现平淡，主因海外龙头大促期以达播为核心驱动，淡季增长承压。

🔔投资建议：8月整体美妆β仍偏弱，同时店播占比提升成为核心趋势，抖音自播处调整期、Q2直播间供给过剩致自播承压，后续流量扶持+结构出清有望带来效率边际修复，因此后续核心关注两条投资主线： 一是在当前激烈竞争环境下，凭借自身品牌＆运营力，无需依赖激进费用投放即可延续高增长的标的，核心推荐东方甄选、若羽臣；第二是关注抖音渠道调整结束后，头部品牌带来的自播业务边际改善机会，核心推荐巨子生物，关注珀莱雅、毛戈平、润本股份、登康口腔；",水木调研纪要,毛戈平|若羽臣|珀莱雅|上美股份|贝泰妮|巨子生物|华熙生物|电商|上海家化|水羊股份|登康口腔|美妆|敷尔佳|东方甄选,0,0,273,https://wx.zsxq.com/group/88888142214212/topic/14425514455488442,data/research/updates/2026-10-07-views-002.csv
2026-09-03T09:09:04,2026-09,三峡游轮行业：2026年8月，长江三峡省际游轮发船同比-3%；客运量同比+9%；平均载客率84.1%，+4.8pct。豪华型游轮发船艘次、客运量分别同比增长9%、17%，经济型游轮发船艘次同比下降28…,"三峡游轮行业：2026年8月，长江三峡省际游轮发船同比-3%；客运量同比+9%；平均载客率84.1%，+4.8pct。豪华型游轮发船艘次、客运量分别同比增长9%、17%，经济型游轮发船艘次同比下降28%、客运量持平。
2026年1—8月，长江三峡游轮累计发船同比-10%；客运量同比+6%；游轮平均载客率80.23%，+3.2pct。豪华型游轮发船艘次、客运量分别同比增长约8%、13%，经济型游轮发船艘次、客运量分别同比下降约38%、17%。

长白山：8月主景区共接待游客99.34万人次，同比增长20.4%。2026年1-8月，长白山主景区共接待游客292.03万人次，同比增长9.3%",水木调研纪要,长白山,1,0,284,https://wx.zsxq.com/group/88888142214212/topic/45548825588821528,data/research/updates/2026-10-07-views-002.csv
