日期,时间,类型,标题,摘要,相关标的,下载链接,原文链接,文件名,覆盖板块,内容状态,更新批次
2026-09-28,2026-09-28T13:18:13,会议音频,开市客20260927.mp3,会议音频，未转写。文件：开市客20260927.mp3,开市客,https://wx.zsxq.com/group/88888142214212/topic/45548584444452818,https://wx.zsxq.com/group/88888142214212/topic/45548584444452818,开市客20260927.mp3,,会议音频，未转写,data/research/updates/2026-10-07-minutes-001.csv
2026-09-27,2026-09-27T22:03:30,研究附件,AI-电商-从技术叙事到业绩兑现20260926.pdf,附件索引，正文未提取。文件：AI-电商-从技术叙事到业绩兑现20260926.pdf,,https://wx.zsxq.com/group/88888142214212/topic/22258251182884581,https://wx.zsxq.com/group/88888142214212/topic/22258251182884581,AI-电商-从技术叙事到业绩兑现20260926.pdf,电商,附件索引，正文未提取,data/research/updates/2026-10-07-minutes-001.csv
2026-09-27,2026-09-27T00:23:44,会议音频,毛戈平20260924.mp3,会议音频，未转写。文件：毛戈平20260924.mp3,毛戈平,https://wx.zsxq.com/group/88888142214212/topic/45548541524112548,https://wx.zsxq.com/group/88888142214212/topic/45548541524112548,毛戈平20260924.mp3,,会议音频，未转写,data/research/updates/2026-10-07-minutes-001.csv
2026-09-27,2026-09-27T00:00:04,会议音频,国新办新闻发布会介绍“十五五”时期推进文化和旅游高质量发展有关情况20260924.mp3,会议音频，未转写。文件：国新办新闻发布会介绍“十五五”时期推进文化和旅游高质量发展有关情况20260924.mp3,,https://wx.zsxq.com/group/88888142214212/topic/55521528542482244,https://wx.zsxq.com/group/88888142214212/topic/55521528542482244,国新办新闻发布会介绍“十五五”时期推进文化和旅游高质量发展有关情况20260924.mp3,旅游,会议音频，未转写,data/research/updates/2026-10-07-minutes-001.csv
2026-09-24,2026-09-24T22:16:41,研究附件,毛戈平20260924.pdf,附件索引，正文未提取。文件：毛戈平20260924.pdf,毛戈平,https://wx.zsxq.com/group/88888142214212/topic/14425428545552282,https://wx.zsxq.com/group/88888142214212/topic/14425428545552282,毛戈平20260924.pdf,,附件索引，正文未提取,data/research/updates/2026-10-07-minutes-001.csv
2026-09-24,2026-09-24T22:15:27,研究附件,医美连锁-轻医美撬动大需求20260924.pdf,附件索引，正文未提取。文件：医美连锁-轻医美撬动大需求20260924.pdf,,https://wx.zsxq.com/group/88888142214212/topic/45548541858841588,https://wx.zsxq.com/group/88888142214212/topic/45548541858841588,医美连锁-轻医美撬动大需求20260924.pdf,医美,附件索引，正文未提取,data/research/updates/2026-10-07-minutes-001.csv
2026-09-24,2026-09-24T10:10:56,会议音频,若羽臣20260923.mp3,会议音频，未转写。文件：若羽臣20260923.mp3,若羽臣,https://wx.zsxq.com/group/88888142214212/topic/22258254115554121,https://wx.zsxq.com/group/88888142214212/topic/22258254115554121,若羽臣20260923.mp3,,会议音频，未转写,data/research/updates/2026-10-07-minutes-001.csv
2026-09-24,2026-09-24T10:07:23,会议音频,零售美护：中报总结及下半年投资策略20260923.mp3；科技早七点（商贸零售&计算机&综合）20260924.mp3,会议音频，未转写。文件：零售美护：中报总结及下半年投资策略20260923.mp3；科技早七点（商贸零售&计算机&综合）20260924.mp3,,https://wx.zsxq.com/group/88888142214212/topic/22258254141118821,https://wx.zsxq.com/group/88888142214212/topic/22258254141118821,零售美护：中报总结及下半年投资策略20260923.mp3；科技早七点（商贸零售&计算机&综合）20260924.mp3,零售|商贸零售,会议音频，未转写,data/research/updates/2026-10-07-minutes-001.csv
2026-09-24,2026-09-24T10:02:14,会议音频,零售美护：中报总结及下半年投资策略 - 线上精选12讲20260923.mp3,会议音频，未转写。文件：零售美护：中报总结及下半年投资策略 - 线上精选12讲20260923.mp3,,https://wx.zsxq.com/group/88888142214212/topic/55521524848484584,https://wx.zsxq.com/group/88888142214212/topic/55521524848484584,零售美护：中报总结及下半年投资策略 - 线上精选12讲20260923.mp3,零售,会议音频，未转写,data/research/updates/2026-10-07-minutes-001.csv
2026-09-24,2026-09-24T00:32:27,会议音频,古茗20260922.mp3,会议音频，未转写。文件：古茗20260922.mp3,古茗,https://wx.zsxq.com/group/88888142214212/topic/14425421842548112,https://wx.zsxq.com/group/88888142214212/topic/14425421842548112,古茗20260922.mp3,,会议音频，未转写,data/research/updates/2026-10-07-minutes-001.csv
2026-09-24,2026-09-24T00:26:57,会议音频,解读精酿2：零售变革，自有品牌重构精酿格局20260922.mp3,会议音频，未转写。文件：解读精酿2：零售变革，自有品牌重构精酿格局20260922.mp3,,https://wx.zsxq.com/group/88888142214212/topic/55521524852152424,https://wx.zsxq.com/group/88888142214212/topic/55521524852152424,解读精酿2：零售变革，自有品牌重构精酿格局20260922.mp3,零售,会议音频，未转写,data/research/updates/2026-10-07-minutes-001.csv
2026-09-23,2026-09-23T23:10:27,研究附件,若羽臣20260923.pdf,附件索引，正文未提取。文件：若羽臣20260923.pdf,若羽臣,https://wx.zsxq.com/group/88888142214212/topic/45548542185584558,https://wx.zsxq.com/group/88888142214212/topic/45548542185584558,若羽臣20260923.pdf,,附件索引，正文未提取,data/research/updates/2026-10-07-minutes-001.csv
2026-09-23,2026-09-23T23:09:50,研究附件,致欧科技20260923.pdf；东方甄选20260923.pdf,附件索引，正文未提取。文件：致欧科技20260923.pdf；东方甄选20260923.pdf,致欧科技|东方甄选,https://wx.zsxq.com/group/88888142214212/topic/14425421854428242,https://wx.zsxq.com/group/88888142214212/topic/14425421854428242,致欧科技20260923.pdf；东方甄选20260923.pdf,,附件索引，正文未提取,data/research/updates/2026-10-07-minutes-001.csv
2026-09-23,2026-09-23T11:22:43,会议音频,华熙生物20290907.mp3,会议音频，未转写。文件：华熙生物20290907.mp3,华熙生物,https://wx.zsxq.com/group/88888142214212/topic/82258254424245112,https://wx.zsxq.com/group/88888142214212/topic/82258254424245112,华熙生物20290907.mp3,,会议音频，未转写,data/research/updates/2026-10-07-minutes-001.csv
2026-09-23,2026-09-23T11:19:55,会议音频,周生生20260916.mp3,会议音频，未转写。文件：周生生20260916.mp3,周生生,https://wx.zsxq.com/group/88888142214212/topic/55521524451822854,https://wx.zsxq.com/group/88888142214212/topic/55521524451822854,周生生20260916.mp3,,会议音频，未转写,data/research/updates/2026-10-07-minutes-001.csv
2026-09-23,2026-09-23T10:19:27,会议音频,新食代 - 解读精酿2：零售变革，自有品牌重构精酿格局20260922.mp3,会议音频，未转写。文件：新食代 - 解读精酿2：零售变革，自有品牌重构精酿格局20260922.mp3,,https://wx.zsxq.com/group/88888142214212/topic/45548542254822428,https://wx.zsxq.com/group/88888142214212/topic/45548542254822428,新食代 - 解读精酿2：零售变革，自有品牌重构精酿格局20260922.mp3,零售,会议音频，未转写,data/research/updates/2026-10-07-minutes-001.csv
2026-09-22,2026-09-22T22:46:43,研究附件,小菜园20260922.pdf,附件索引，正文未提取。文件：小菜园20260922.pdf,小菜园,https://wx.zsxq.com/group/88888142214212/topic/45548542821222188,https://wx.zsxq.com/group/88888142214212/topic/45548542821222188,小菜园20260922.pdf,,附件索引，正文未提取,data/research/updates/2026-10-07-minutes-001.csv
2026-09-22,2026-09-22T22:46:33,研究附件,巨子生物20260922.pdf,附件索引，正文未提取。文件：巨子生物20260922.pdf,巨子生物,https://wx.zsxq.com/group/88888142214212/topic/82258254841444452,https://wx.zsxq.com/group/88888142214212/topic/82258254841444452,巨子生物20260922.pdf,,附件索引，正文未提取,data/research/updates/2026-10-07-minutes-001.csv
2026-09-22,2026-09-22T22:44:51,研究附件,零售变革-自有品牌重构精酿格局20260922.pdf,附件索引，正文未提取。文件：零售变革-自有品牌重构精酿格局20260922.pdf,,https://wx.zsxq.com/group/88888142214212/topic/22258254841445121,https://wx.zsxq.com/group/88888142214212/topic/22258254841445121,零售变革-自有品牌重构精酿格局20260922.pdf,零售,附件索引，正文未提取,data/research/updates/2026-10-07-minutes-001.csv
2026-09-22,2026-09-22T14:06:23,研究附件,携程集团：业绩后管理层电话会最新信息.pdf,附件索引，正文未提取。文件：携程集团：业绩后管理层电话会最新信息.pdf,携程,https://wx.zsxq.com/group/88888142214212/topic/45548542888588158,https://wx.zsxq.com/group/88888142214212/topic/45548542888588158,携程集团：业绩后管理层电话会最新信息.pdf,,附件索引，正文未提取,data/research/updates/2026-10-07-minutes-001.csv
2026-09-21,2026-09-21T23:00:27,研究附件,AI教育-产品加速落地-业绩有望兑现20260921.pdf,附件索引，正文未提取。文件：AI教育-产品加速落地-业绩有望兑现20260921.pdf,,https://wx.zsxq.com/group/88888142214212/topic/14425424852844842,https://wx.zsxq.com/group/88888142214212/topic/14425424852844842,AI教育-产品加速落地-业绩有望兑现20260921.pdf,教育,附件索引，正文未提取,data/research/updates/2026-10-07-minutes-001.csv
2026-09-21,2026-09-21T13:24:41,会议音频,爱美客20260917.mp3,会议音频，未转写。文件：爱美客20260917.mp3,爱美客,https://wx.zsxq.com/group/88888142214212/topic/55521525454541854,https://wx.zsxq.com/group/88888142214212/topic/55521525454541854,爱美客20260917.mp3,,会议音频，未转写,data/research/updates/2026-10-07-minutes-001.csv
2026-09-21,2026-09-21T13:23:58,会议音频,医美行业更新20260918.mp3,会议音频，未转写。文件：医美行业更新20260918.mp3,,https://wx.zsxq.com/group/88888142214212/topic/82258252424245182,https://wx.zsxq.com/group/88888142214212/topic/82258252424245182,医美行业更新20260918.mp3,医美,会议音频，未转写,data/research/updates/2026-10-07-minutes-001.csv
2026-09-21,2026-09-21T13:15:32,会议音频,新股精选第6期：林平发展、陕西旅游、尚水智能值得重点跟踪20260917.mp3,会议音频，未转写。文件：新股精选第6期：林平发展、陕西旅游、尚水智能值得重点跟踪20260917.mp3,,https://wx.zsxq.com/group/88888142214212/topic/22258252424828581,https://wx.zsxq.com/group/88888142214212/topic/22258252424828581,新股精选第6期：林平发展、陕西旅游、尚水智能值得重点跟踪20260917.mp3,旅游,会议音频，未转写,data/research/updates/2026-10-07-minutes-001.csv
2026-09-21,2026-09-21T00:28:52,会议音频,古茗20260920.mp3,会议音频，未转写。文件：古茗20260920.mp3,古茗,https://wx.zsxq.com/group/88888142214212/topic/45548545825288188,https://wx.zsxq.com/group/88888142214212/topic/45548545825288188,古茗20260920.mp3,,会议音频，未转写,data/research/updates/2026-10-07-minutes-001.csv
2026-09-21,2026-09-21T00:28:26,会议音频,医美行业更新20260918.m4a,会议音频，未转写。文件：医美行业更新20260918.m4a,,https://wx.zsxq.com/group/88888142214212/topic/45548545825288288,https://wx.zsxq.com/group/88888142214212/topic/45548545825288288,医美行业更新20260918.m4a,医美,会议音频，未转写,data/research/updates/2026-10-07-minutes-001.csv
2026-09-20,2026-09-20T22:20:07,研究附件,泡泡玛特20260920.pdf；古茗20260920.pdf,附件索引，正文未提取。文件：泡泡玛特20260920.pdf；古茗20260920.pdf,泡泡玛特|古茗,https://wx.zsxq.com/group/88888142214212/topic/55521525154551824,https://wx.zsxq.com/group/88888142214212/topic/55521525154551824,泡泡玛特20260920.pdf；古茗20260920.pdf,,附件索引，正文未提取,data/research/updates/2026-10-07-minutes-001.csv
2026-09-19,2026-09-19T11:50:13,研究附件,周大生20260918.pdf,附件索引，正文未提取。文件：周大生20260918.pdf,周大生,https://wx.zsxq.com/group/88888142214212/topic/82258252581218152,https://wx.zsxq.com/group/88888142214212/topic/82258252581218152,周大生20260918.pdf,,附件索引，正文未提取,data/research/updates/2026-10-07-minutes-001.csv
2026-09-19,2026-09-19T11:50:04,研究附件,泡泡玛特20260918.pdf,附件索引，正文未提取。文件：泡泡玛特20260918.pdf,泡泡玛特,https://wx.zsxq.com/group/88888142214212/topic/14425424258485822,https://wx.zsxq.com/group/88888142214212/topic/14425424258485822,泡泡玛特20260918.pdf,,附件索引，正文未提取,data/research/updates/2026-10-07-minutes-001.csv
2026-09-18,2026-09-18T23:14:31,研究附件,中国珠宝消费：老铺黄金调研释放积极信号-China Consumer - Jewelry_ Positive Readthrough from Laopu Survey.pdf,附件索引，正文未提取。文件：中国珠宝消费：老铺黄金调研释放积极信号-China Consumer - Jewelry_ Positive Readthrough from Laopu Survey.pdf,老铺黄金,https://wx.zsxq.com/group/88888142214212/topic/22258258151544121,https://wx.zsxq.com/group/88888142214212/topic/22258258151544121,中国珠宝消费：老铺黄金调研释放积极信号-China Consumer - Jewelry_ Positive Readthrough from Laopu Survey.pdf,,附件索引，正文未提取,data/research/updates/2026-10-07-minutes-001.csv
2026-09-18,2026-09-18T11:54:56,会议音频,小商品城20260917.mp3,会议音频，未转写。文件：小商品城20260917.mp3,小商品城,https://wx.zsxq.com/group/88888142214212/topic/55521521455552424,https://wx.zsxq.com/group/88888142214212/topic/55521521455552424,小商品城20260917.mp3,,会议音频，未转写,data/research/updates/2026-10-07-minutes-001.csv
2026-09-18,2026-09-18T11:36:39,会议音频,新股精选第6期：本批林平发展、陕西旅游、尚水智能值得重点跟踪20260917.mp3,会议音频，未转写。文件：新股精选第6期：本批林平发展、陕西旅游、尚水智能值得重点跟踪20260917.mp3,,https://wx.zsxq.com/group/88888142214212/topic/82258258422515482,https://wx.zsxq.com/group/88888142214212/topic/82258258422515482,新股精选第6期：本批林平发展、陕西旅游、尚水智能值得重点跟踪20260917.mp3,旅游,会议音频，未转写,data/research/updates/2026-10-07-minutes-001.csv
2026-09-18,2026-09-18T00:32:46,会议音频,美妆与商业行业2026中报业绩总结电话会于低迷中现韧性于分化中找方向商贸零售20260916.mp3,会议音频，未转写。文件：美妆与商业行业2026中报业绩总结电话会于低迷中现韧性于分化中找方向商贸零售20260916.mp3,,https://wx.zsxq.com/group/88888142214212/topic/22258258218484881,https://wx.zsxq.com/group/88888142214212/topic/22258258218484881,美妆与商业行业2026中报业绩总结电话会于低迷中现韧性于分化中找方向商贸零售20260916.mp3,零售|美妆|商贸零售,会议音频，未转写,data/research/updates/2026-10-07-minutes-001.csv
2026-09-18,2026-09-18T00:30:23,会议音频,毛戈平20260917.mp3,会议音频，未转写。文件：毛戈平20260917.mp3,毛戈平,https://wx.zsxq.com/group/88888142214212/topic/55521521581415414,https://wx.zsxq.com/group/88888142214212/topic/55521521581415414,毛戈平20260917.mp3,,会议音频，未转写,data/research/updates/2026-10-07-minutes-001.csv
2026-09-18,2026-09-18T00:26:35,会议音频,三峡旅游20260917.mp3；餐饮-茶饮行业投资框架20260917.mp3,会议音频，未转写。文件：三峡旅游20260917.mp3；餐饮-茶饮行业投资框架20260917.mp3,,https://wx.zsxq.com/group/88888142214212/topic/45548548518284148,https://wx.zsxq.com/group/88888142214212/topic/45548548518284148,三峡旅游20260917.mp3；餐饮-茶饮行业投资框架20260917.mp3,旅游|餐饮,会议音频，未转写,data/research/updates/2026-10-07-minutes-001.csv
2026-09-18,2026-09-18T00:25:30,会议音频,从包点连锁新业态看餐饮新机20260917.mp3,会议音频，未转写。文件：从包点连锁新业态看餐饮新机20260917.mp3,,https://wx.zsxq.com/group/88888142214212/topic/55521521581412144,https://wx.zsxq.com/group/88888142214212/topic/55521521581412144,从包点连锁新业态看餐饮新机20260917.mp3,餐饮,会议音频，未转写,data/research/updates/2026-10-07-minutes-001.csv
2026-09-17,2026-09-17T23:41:07,研究附件,敷尔佳20260917.pdf,附件索引，正文未提取。文件：敷尔佳20260917.pdf,敷尔佳,https://wx.zsxq.com/group/88888142214212/topic/55521521581248544,https://wx.zsxq.com/group/88888142214212/topic/55521521581248544,敷尔佳20260917.pdf,,附件索引，正文未提取,data/research/updates/2026-10-07-minutes-001.csv
2026-09-17,2026-09-17T23:40:57,研究附件,毛戈平20260917.pdf,附件索引，正文未提取。文件：毛戈平20260917.pdf,毛戈平,https://wx.zsxq.com/group/88888142214212/topic/14425425485218452,https://wx.zsxq.com/group/88888142214212/topic/14425425485218452,毛戈平20260917.pdf,,附件索引，正文未提取,data/research/updates/2026-10-07-minutes-001.csv
2026-09-17,2026-09-17T00:28:47,会议音频,携程集团20260916.mp3；跨境电商行业框架20260916.mp3,会议音频，未转写。文件：携程集团20260916.mp3；跨境电商行业框架20260916.mp3,携程,https://wx.zsxq.com/group/88888142214212/topic/22258258584848141,https://wx.zsxq.com/group/88888142214212/topic/22258258584848141,携程集团20260916.mp3；跨境电商行业框架20260916.mp3,跨境电商|电商,会议音频，未转写,data/research/updates/2026-10-07-minutes-001.csv
2026-09-17,2026-09-17T00:26:32,会议音频,黄金珠宝：中报总结&秋季订货会观察20260916.mp3；潮玩行业-多重周期嵌套，静待审美碰撞、品类突围20260916.mp3,会议音频，未转写。文件：黄金珠宝：中报总结&秋季订货会观察20260916.mp3；潮玩行业-多重周期嵌套，静待审美碰撞、品类突围20260916.mp3,,https://wx.zsxq.com/group/88888142214212/topic/82258258584845842,https://wx.zsxq.com/group/88888142214212/topic/82258258584845842,黄金珠宝：中报总结&秋季订货会观察20260916.mp3；潮玩行业-多重周期嵌套，静待审美碰撞、品类突围20260916.mp3,黄金珠宝|潮玩,会议音频，未转写,data/research/updates/2026-10-07-minutes-001.csv
2026-09-16,2026-09-16T23:24:33,研究附件,携程20260916.pdf；东方甄选20260916.pdf,附件索引，正文未提取。文件：携程20260916.pdf；东方甄选20260916.pdf,携程|东方甄选,https://wx.zsxq.com/group/88888142214212/topic/55521521215542124,https://wx.zsxq.com/group/88888142214212/topic/55521521215542124,携程20260916.pdf；东方甄选20260916.pdf,,附件索引，正文未提取,data/research/updates/2026-10-07-minutes-001.csv
2026-09-16,2026-09-16T23:22:57,研究附件,美团20260916.pdf,附件索引，正文未提取。文件：美团20260916.pdf,美团,https://wx.zsxq.com/group/88888142214212/topic/55521521215554244,https://wx.zsxq.com/group/88888142214212/topic/55521521215554244,美团20260916.pdf,,附件索引，正文未提取,data/research/updates/2026-10-07-minutes-001.csv
2026-09-16,2026-09-16T12:48:22,研究附件,珀莱雅20260915.pdf,附件索引，正文未提取。文件：珀莱雅20260915.pdf,珀莱雅,https://wx.zsxq.com/group/88888142214212/topic/55521522455588214,https://wx.zsxq.com/group/88888142214212/topic/55521522455588214,珀莱雅20260915.pdf,,附件索引，正文未提取,data/research/updates/2026-10-07-minutes-001.csv
2026-09-16,2026-09-16T12:47:28,研究附件,布鲁可20260915.pdf,附件索引，正文未提取。文件：布鲁可20260915.pdf,布鲁可,https://wx.zsxq.com/group/88888142214212/topic/82258255422212842,https://wx.zsxq.com/group/88888142214212/topic/82258255422212842,布鲁可20260915.pdf,,附件索引，正文未提取,data/research/updates/2026-10-07-minutes-001.csv
2026-09-16,2026-09-16T11:18:08,会议音频,携程集团20260915.mp3,会议音频，未转写。文件：携程集团20260915.mp3,携程,https://wx.zsxq.com/group/88888142214212/topic/55521522414442484,https://wx.zsxq.com/group/88888142214212/topic/55521522414442484,携程集团20260915.mp3,,会议音频，未转写,data/research/updates/2026-10-07-minutes-001.csv
2026-09-16,2026-09-16T00:15:17,会议音频,中国黄金20260915.mp3,会议音频，未转写。文件：中国黄金20260915.mp3,,https://wx.zsxq.com/group/88888142214212/topic/82258255215544482,https://wx.zsxq.com/group/88888142214212/topic/82258255215544482,中国黄金20260915.mp3,中国黄金,会议音频，未转写,data/research/updates/2026-10-07-minutes-001.csv
2026-09-16,2026-09-16T00:04:47,会议音频,8月乘用车海外零售数据解读20260915.mp3；食饮行业 - 零食量贩的3.0时代20260915.mp3,会议音频，未转写。文件：8月乘用车海外零售数据解读20260915.mp3；食饮行业 - 零食量贩的3.0时代20260915.mp3,,https://wx.zsxq.com/group/88888142214212/topic/22258255215525241,https://wx.zsxq.com/group/88888142214212/topic/22258255215525241,8月乘用车海外零售数据解读20260915.mp3；食饮行业 - 零食量贩的3.0时代20260915.mp3,零售|量贩|零食量贩,会议音频，未转写,data/research/updates/2026-10-07-minutes-001.csv
2026-09-15,2026-09-15T22:33:48,研究附件,携程集团20260915.pdf,附件索引，正文未提取。文件：携程集团20260915.pdf,携程,https://wx.zsxq.com/group/88888142214212/topic/82258255248181552,https://wx.zsxq.com/group/88888142214212/topic/82258255248181552,携程集团20260915.pdf,,附件索引，正文未提取,data/research/updates/2026-10-07-minutes-001.csv
2026-09-15,2026-09-15T22:32:53,研究附件,零食量贩的3.0时代20260915.pdf,附件索引，正文未提取。文件：零食量贩的3.0时代20260915.pdf,,https://wx.zsxq.com/group/88888142214212/topic/55521522541448584,https://wx.zsxq.com/group/88888142214212/topic/55521522541448584,零食量贩的3.0时代20260915.pdf,量贩|零食量贩,附件索引，正文未提取,data/research/updates/2026-10-07-minutes-001.csv
2026-09-15,2026-09-15T22:30:28,研究附件,社区零售-品牌化重塑定位-硬折扣提升效率20260915.pdf,附件索引，正文未提取。文件：社区零售-品牌化重塑定位-硬折扣提升效率20260915.pdf,,https://wx.zsxq.com/group/88888142214212/topic/55521522541442284,https://wx.zsxq.com/group/88888142214212/topic/55521522541442284,社区零售-品牌化重塑定位-硬折扣提升效率20260915.pdf,零售,附件索引，正文未提取,data/research/updates/2026-10-07-minutes-001.csv
2026-09-15,2026-09-15T00:51:27,会议音频,OTA专家交流20260914.mp3,会议音频，未转写。文件：OTA专家交流20260914.mp3,,https://wx.zsxq.com/group/88888142214212/topic/14425585851524522,https://wx.zsxq.com/group/88888142214212/topic/14425585851524522,OTA专家交流20260914.mp3,OTA,会议音频，未转写,data/research/updates/2026-10-07-minutes-001.csv
2026-09-14,2026-09-14T22:38:38,研究附件,OTA-新监管趋势下的旅游平台生态20260914.pdf,附件索引，正文未提取。文件：OTA-新监管趋势下的旅游平台生态20260914.pdf,,https://wx.zsxq.com/group/88888142214212/topic/14425585828114552,https://wx.zsxq.com/group/88888142214212/topic/14425585828114552,OTA-新监管趋势下的旅游平台生态20260914.pdf,旅游|OTA,附件索引，正文未提取,data/research/updates/2026-10-07-minutes-001.csv
2026-09-14,2026-09-14T12:19:48,研究附件,美护零售流量之后-增量从哪里来20260913.pdf,附件索引，正文未提取。文件：美护零售流量之后-增量从哪里来20260913.pdf,,https://wx.zsxq.com/group/88888142214212/topic/22258818422254221,https://wx.zsxq.com/group/88888142214212/topic/22258818422254221,美护零售流量之后-增量从哪里来20260913.pdf,零售,附件索引，正文未提取,data/research/updates/2026-10-07-minutes-001.csv
2026-09-14,2026-09-14T01:02:04,会议音频,华住集团20260913.mp3,会议音频，未转写。文件：华住集团20260913.mp3,华住,https://wx.zsxq.com/group/88888142214212/topic/82258818815858112,https://wx.zsxq.com/group/88888142214212/topic/82258818815858112,华住集团20260913.mp3,,会议音频，未转写,data/research/updates/2026-10-07-minutes-001.csv
2026-09-14,2026-09-14T00:56:34,会议音频,酒店行业投资框架 20260912.mp3,会议音频，未转写。文件：酒店行业投资框架 20260912.mp3,,https://wx.zsxq.com/group/88888142214212/topic/82258818815525212,https://wx.zsxq.com/group/88888142214212/topic/82258818815525212,酒店行业投资框架 20260912.mp3,酒店,会议音频，未转写,data/research/updates/2026-10-07-minutes-001.csv
2026-09-14,2026-09-14T00:42:30,会议音频,美护-零售-流量之后，增量从哪里来.--寻找线上盈利增长路径20260913.mp3,会议音频，未转写。文件：美护-零售-流量之后，增量从哪里来.--寻找线上盈利增长路径20260913.mp3,,https://wx.zsxq.com/group/88888142214212/topic/45548818814445288,https://wx.zsxq.com/group/88888142214212/topic/45548818814445288,美护-零售-流量之后，增量从哪里来.--寻找线上盈利增长路径20260913.mp3,零售,会议音频，未转写,data/research/updates/2026-10-07-minutes-001.csv
2026-09-13,2026-09-13T22:45:10,研究附件,头部医美机构专家交流20260913.pdf,附件索引，正文未提取。文件：头部医美机构专家交流20260913.pdf,,https://wx.zsxq.com/group/88888142214212/topic/22258818848411821,https://wx.zsxq.com/group/88888142214212/topic/22258818848411821,头部医美机构专家交流20260913.pdf,医美,附件索引，正文未提取,data/research/updates/2026-10-07-minutes-001.csv
2026-09-12,2026-09-12T22:41:59,会议音频,张家界20260911.mp3,会议音频，未转写。文件：张家界20260911.mp3,张家界,https://wx.zsxq.com/group/88888142214212/topic/82258818512858142,https://wx.zsxq.com/group/88888142214212/topic/82258818512858142,张家界20260911.mp3,,会议音频，未转写,data/research/updates/2026-10-07-minutes-001.csv
2026-09-12,2026-09-12T22:32:59,会议音频,复盘美妆百年并购史20260911.mp3,会议音频，未转写。文件：复盘美妆百年并购史20260911.mp3,,https://wx.zsxq.com/group/88888142214212/topic/55521181285244444,https://wx.zsxq.com/group/88888142214212/topic/55521181285244444,复盘美妆百年并购史20260911.mp3,美妆,会议音频，未转写,data/research/updates/2026-10-07-minutes-001.csv
2026-09-11,2026-09-11T13:19:01,研究附件,三峡旅游20260910.pdf；若羽臣20260910.pdf,附件索引，正文未提取。文件：三峡旅游20260910.pdf；若羽臣20260910.pdf,若羽臣,https://wx.zsxq.com/group/88888142214212/topic/55521182482218584,https://wx.zsxq.com/group/88888142214212/topic/55521182482218584,三峡旅游20260910.pdf；若羽臣20260910.pdf,旅游,附件索引，正文未提取,data/research/updates/2026-10-07-minutes-001.csv
2026-09-11,2026-09-11T11:43:23,会议音频,行动教育20260910.mp3；桂林旅游20260909.mp3,会议音频，未转写。文件：行动教育20260910.mp3；桂林旅游20260909.mp3,行动教育|桂林旅游,https://wx.zsxq.com/group/88888142214212/topic/14425582115844512,https://wx.zsxq.com/group/88888142214212/topic/14425582115844512,行动教育20260910.mp3；桂林旅游20260909.mp3,教育|旅游,会议音频，未转写,data/research/updates/2026-10-07-minutes-001.csv
2026-09-11,2026-09-11T01:13:55,会议音频,跨境电商：中报总结20260910.mp3；古茗调研一线反馈20260910.mp3,会议音频，未转写。文件：跨境电商：中报总结20260910.mp3；古茗调研一线反馈20260910.mp3,古茗,https://wx.zsxq.com/group/88888142214212/topic/45548814242554818,https://wx.zsxq.com/group/88888142214212/topic/45548814242554818,跨境电商：中报总结20260910.mp3；古茗调研一线反馈20260910.mp3,跨境电商|电商,会议音频，未转写,data/research/updates/2026-10-07-minutes-001.csv
2026-09-11,2026-09-11T00:24:08,会议音频,行动教育：企业培训现金龙头，业绩提速迎新阶段20260910.mp3,会议音频，未转写。文件：行动教育：企业培训现金龙头，业绩提速迎新阶段20260910.mp3,行动教育,https://wx.zsxq.com/group/88888142214212/topic/82258815454582852,https://wx.zsxq.com/group/88888142214212/topic/82258815454582852,行动教育：企业培训现金龙头，业绩提速迎新阶段20260910.mp3,教育,会议音频，未转写,data/research/updates/2026-10-07-minutes-001.csv
2026-09-10,2026-09-10T11:46:30,研究附件,东方甄选20260909.pdf；美妆推新研究框架20260909.pdf,附件索引，正文未提取。文件：东方甄选20260909.pdf；美妆推新研究框架20260909.pdf,东方甄选,https://wx.zsxq.com/group/88888142214212/topic/82258815882588212,https://wx.zsxq.com/group/88888142214212/topic/82258815882588212,东方甄选20260909.pdf；美妆推新研究框架20260909.pdf,美妆,附件索引，正文未提取,data/research/updates/2026-10-07-minutes-001.csv
2026-09-10,2026-09-10T00:34:22,会议音频,中国中免20260909.mp3,会议音频，未转写。文件：中国中免20260909.mp3,中免,https://wx.zsxq.com/group/88888142214212/topic/14425582215424412,https://wx.zsxq.com/group/88888142214212/topic/14425582215424412,中国中免20260909.mp3,,会议音频，未转写,data/research/updates/2026-10-07-minutes-001.csv
2026-09-10,2026-09-10T00:21:21,会议音频,三峡旅游20260909.mp3,会议音频，未转写。文件：三峡旅游20260909.mp3,,https://wx.zsxq.com/group/88888142214212/topic/22258815548841421,https://wx.zsxq.com/group/88888142214212/topic/22258815548841421,三峡旅游20260909.mp3,旅游,会议音频，未转写,data/research/updates/2026-10-07-minutes-001.csv
2026-09-10,2026-09-10T00:20:38,会议音频,古茗20260909.mp3；东方甄选20260909.mp3,会议音频，未转写。文件：古茗20260909.mp3；东方甄选20260909.mp3,古茗|东方甄选,https://wx.zsxq.com/group/88888142214212/topic/82258815548841282,https://wx.zsxq.com/group/88888142214212/topic/82258815548841282,古茗20260909.mp3；东方甄选20260909.mp3,,会议音频，未转写,data/research/updates/2026-10-07-minutes-001.csv
2026-09-10,2026-09-10T00:17:50,会议音频,中国东方教育20260909.mp3,会议音频，未转写。文件：中国东方教育20260909.mp3,中国东方教育,https://wx.zsxq.com/group/88888142214212/topic/55521182241145454,https://wx.zsxq.com/group/88888142214212/topic/55521182241145454,中国东方教育20260909.mp3,教育,会议音频，未转写,data/research/updates/2026-10-07-minutes-001.csv
2026-09-09,2026-09-09T22:45:11,研究附件,中国中免20260909.pdf,附件索引，正文未提取。文件：中国中免20260909.pdf,中免,https://wx.zsxq.com/group/88888142214212/topic/55521182254224424,https://wx.zsxq.com/group/88888142214212/topic/55521182254224424,中国中免20260909.pdf,,附件索引，正文未提取,data/research/updates/2026-10-07-minutes-001.csv
2026-09-09,2026-09-09T10:26:56,会议音频,教育：K12五年记 - EDU与TAL现状如何20260908.mp3,会议音频，未转写。文件：教育：K12五年记 - EDU与TAL现状如何20260908.mp3,,https://wx.zsxq.com/group/88888142214212/topic/45548821228822248,https://wx.zsxq.com/group/88888142214212/topic/45548821228822248,教育：K12五年记 - EDU与TAL现状如何20260908.mp3,教育,会议音频，未转写,data/research/updates/2026-10-07-minutes-001.csv
2026-09-09,2026-09-09T10:20:40,会议音频,出口持续爆发，服务消费分化——社服零售行业 26 年中报综述20260907.mp3,会议音频，未转写。文件：出口持续爆发，服务消费分化——社服零售行业 26 年中报综述20260907.mp3,,https://wx.zsxq.com/group/88888142214212/topic/14425518115212542,https://wx.zsxq.com/group/88888142214212/topic/14425518115212542,出口持续爆发，服务消费分化——社服零售行业 26 年中报综述20260907.mp3,零售,会议音频，未转写,data/research/updates/2026-10-07-minutes-001.csv
2026-09-09,2026-09-09T00:32:52,会议音频,社服零售行业中报综述20260907.mp3,会议音频，未转写。文件：社服零售行业中报综述20260907.mp3,,https://wx.zsxq.com/group/88888142214212/topic/22258841454855111,https://wx.zsxq.com/group/88888142214212/topic/22258841454855111,社服零售行业中报综述20260907.mp3,零售,会议音频，未转写,data/research/updates/2026-10-07-minutes-001.csv
2026-09-09,2026-09-09T00:28:18,会议音频,致欧科技20260907.mp3,会议音频，未转写。文件：致欧科技20260907.mp3,致欧科技,https://wx.zsxq.com/group/88888142214212/topic/45548821242412488,https://wx.zsxq.com/group/88888142214212/topic/45548821242412488,致欧科技20260907.mp3,,会议音频，未转写,data/research/updates/2026-10-07-minutes-001.csv
2026-09-08,2026-09-08T22:30:56,研究附件,人工智能-教育-行动计划落地-教育大模型与智能体的商业化路径20260908.pdf,附件索引，正文未提取。文件：人工智能-教育-行动计划落地-教育大模型与智能体的商业化路径20260908.pdf,,https://wx.zsxq.com/group/88888142214212/topic/22258841211418551,https://wx.zsxq.com/group/88888142214212/topic/22258841211418551,人工智能-教育-行动计划落地-教育大模型与智能体的商业化路径20260908.pdf,教育,附件索引，正文未提取,data/research/updates/2026-10-07-minutes-001.csv
2026-09-08,2026-09-08T12:35:12,研究附件,老铺黄金20260907.pdf,附件索引，正文未提取。文件：老铺黄金20260907.pdf,老铺黄金,https://wx.zsxq.com/group/88888142214212/topic/45548821885244588,https://wx.zsxq.com/group/88888142214212/topic/45548821885244588,老铺黄金20260907.pdf,,附件索引，正文未提取,data/research/updates/2026-10-07-minutes-001.csv
2026-09-08,2026-09-08T01:07:59,会议音频,三峡旅游20260907.mp3；老铺黄金20260907.mp3,会议音频，未转写。文件：三峡旅游20260907.mp3；老铺黄金20260907.mp3,老铺黄金,https://wx.zsxq.com/group/88888142214212/topic/22258841545848441,https://wx.zsxq.com/group/88888142214212/topic/22258841545848441,三峡旅游20260907.mp3；老铺黄金20260907.mp3,旅游,会议音频，未转写,data/research/updates/2026-10-07-minutes-001.csv
2026-09-08,2026-09-08T01:07:19,会议音频,商社新消费周观点20260907.mp3,会议音频，未转写。文件：商社新消费周观点20260907.mp3,,https://wx.zsxq.com/group/88888142214212/topic/45548821424828528,https://wx.zsxq.com/group/88888142214212/topic/45548821424828528,商社新消费周观点20260907.mp3,商社,会议音频，未转写,data/research/updates/2026-10-07-minutes-001.csv
2026-09-07,2026-09-07T23:10:04,研究附件,三峡旅游20260907.pdf,附件索引，正文未提取。文件：三峡旅游20260907.pdf,,https://wx.zsxq.com/group/88888142214212/topic/14425518248225812,https://wx.zsxq.com/group/88888142214212/topic/14425518248225812,三峡旅游20260907.pdf,旅游,附件索引，正文未提取,data/research/updates/2026-10-07-minutes-001.csv
2026-09-07,2026-09-07T23:09:21,研究附件,致欧科技20260907.pdf,附件索引，正文未提取。文件：致欧科技20260907.pdf,致欧科技,https://wx.zsxq.com/group/88888142214212/topic/22258841521555581,https://wx.zsxq.com/group/88888142214212/topic/22258841521555581,致欧科技20260907.pdf,,附件索引，正文未提取,data/research/updates/2026-10-07-minutes-001.csv
2026-09-07,2026-09-07T12:58:00,研究附件,安克创新20260906.pdf；登康口腔20260906.pdf,附件索引，正文未提取。文件：安克创新20260906.pdf；登康口腔20260906.pdf,安克创新|登康口腔,https://wx.zsxq.com/group/88888142214212/topic/14425511118845122,https://wx.zsxq.com/group/88888142214212/topic/14425511118845122,安克创新20260906.pdf；登康口腔20260906.pdf,,附件索引，正文未提取,data/research/updates/2026-10-07-minutes-001.csv
2026-09-07,2026-09-07T00:52:53,会议音频,美团20260906.mp3；海底捞20260906.mp3；珀莱雅20260906.mp3,会议音频，未转写。文件：美团20260906.mp3；海底捞20260906.mp3；珀莱雅20260906.mp3,海底捞|珀莱雅|美团,https://wx.zsxq.com/group/88888142214212/topic/22258844452814521,https://wx.zsxq.com/group/88888142214212/topic/22258844452814521,美团20260906.mp3；海底捞20260906.mp3；珀莱雅20260906.mp3,,会议音频，未转写,data/research/updates/2026-10-07-minutes-001.csv
2026-09-06,2026-09-06T22:57:14,研究附件,高盛闭门会-美联储加息概率五五开-AI从算力扩散至机器人自动驾驶和电商-众议院或易主AI与并购周期加速20260906.pdf,附件索引，正文未提取。文件：高盛闭门会-美联储加息概率五五开-AI从算力扩散至机器人自动驾驶和电商-众议院或易主AI与并购周期加速20260906.pdf,,https://wx.zsxq.com/group/88888142214212/topic/82258844211858512,https://wx.zsxq.com/group/88888142214212/topic/82258844211858512,高盛闭门会-美联储加息概率五五开-AI从算力扩散至机器人自动驾驶和电商-众议院或易主AI与并购周期加速20260906.pdf,电商,附件索引，正文未提取,data/research/updates/2026-10-07-minutes-001.csv
2026-09-06,2026-09-06T22:54:26,研究附件,海底捞20260906.pdf；珀莱雅20260906.pdf,附件索引，正文未提取。文件：海底捞20260906.pdf；珀莱雅20260906.pdf,海底捞|珀莱雅,https://wx.zsxq.com/group/88888142214212/topic/82258844211518242,https://wx.zsxq.com/group/88888142214212/topic/82258844211518242,海底捞20260906.pdf；珀莱雅20260906.pdf,,附件索引，正文未提取,data/research/updates/2026-10-07-minutes-001.csv
2026-09-06,2026-09-06T13:49:19,研究附件,六福集团20260904.pdf,附件索引，正文未提取。文件：六福集团20260904.pdf,六福集团,https://wx.zsxq.com/group/88888142214212/topic/82258844228858822,https://wx.zsxq.com/group/88888142214212/topic/82258844228858822,六福集团20260904.pdf,,附件索引，正文未提取,data/research/updates/2026-10-07-minutes-001.csv
2026-09-06,2026-09-06T00:05:58,会议音频,周大福20260904.mp3,会议音频，未转写。文件：周大福20260904.mp3,周大福,https://wx.zsxq.com/group/88888142214212/topic/82258844888585112,https://wx.zsxq.com/group/88888142214212/topic/82258844888585112,周大福20260904.mp3,,会议音频，未转写,data/research/updates/2026-10-07-minutes-001.csv
2026-09-06,2026-09-06T00:04:50,会议音频,华凯易佰20260905.mp3,会议音频，未转写。文件：华凯易佰20260905.mp3,华凯易佰,https://wx.zsxq.com/group/88888142214212/topic/14425511555252112,https://wx.zsxq.com/group/88888142214212/topic/14425511555252112,华凯易佰20260905.mp3,,会议音频，未转写,data/research/updates/2026-10-07-minutes-001.csv
2026-09-06,2026-09-06T00:01:49,会议音频,线下零售行业框架20260905.mp3,会议音频，未转写。文件：线下零售行业框架20260905.mp3,,https://wx.zsxq.com/group/88888142214212/topic/82258844888554142,https://wx.zsxq.com/group/88888142214212/topic/82258844888554142,线下零售行业框架20260905.mp3,零售,会议音频，未转写,data/research/updates/2026-10-07-minutes-001.csv
2026-09-05,2026-09-05T23:58:21,会议音频,医美产业：底部渐起，如何看产业链价值再分配趋势？_20260904.mp3,会议音频，未转写。文件：医美产业：底部渐起，如何看产业链价值再分配趋势？_20260904.mp3,,https://wx.zsxq.com/group/88888142214212/topic/22258844888555281,https://wx.zsxq.com/group/88888142214212/topic/22258844888555281,医美产业：底部渐起，如何看产业链价值再分配趋势？_20260904.mp3,医美,会议音频，未转写,data/research/updates/2026-10-07-minutes-001.csv
2026-09-04,2026-09-04T21:38:24,研究附件,老铺黄金20260904.pdf,附件索引，正文未提取。文件：老铺黄金20260904.pdf,老铺黄金,https://wx.zsxq.com/group/88888142214212/topic/82258844521554842,https://wx.zsxq.com/group/88888142214212/topic/82258844521554842,老铺黄金20260904.pdf,,附件索引，正文未提取,data/research/updates/2026-10-07-minutes-001.csv
2026-09-04,2026-09-04T21:35:10,研究附件,黄金珠宝专家交流20260904.pdf,附件索引，正文未提取。文件：黄金珠宝专家交流20260904.pdf,,https://wx.zsxq.com/group/88888142214212/topic/82258844524114442,https://wx.zsxq.com/group/88888142214212/topic/82258844524114442,黄金珠宝专家交流20260904.pdf,黄金珠宝,附件索引，正文未提取,data/research/updates/2026-10-07-minutes-001.csv
2026-09-04,2026-09-04T21:33:26,研究附件,医美产业-底部渐起-如何看产业链价值再分配趋势-20260904.pdf,附件索引，正文未提取。文件：医美产业-底部渐起-如何看产业链价值再分配趋势-20260904.pdf,,https://wx.zsxq.com/group/88888142214212/topic/45548822452118528,https://wx.zsxq.com/group/88888142214212/topic/45548822452118528,医美产业-底部渐起-如何看产业链价值再分配趋势-20260904.pdf,医美,附件索引，正文未提取,data/research/updates/2026-10-07-minutes-001.csv
2026-09-04,2026-09-04T12:16:13,会议音频,布鲁可20260903.mp3,会议音频，未转写。文件：布鲁可20260903.mp3,布鲁可,https://wx.zsxq.com/group/88888142214212/topic/22258844558481541,https://wx.zsxq.com/group/88888142214212/topic/22258844558481541,布鲁可20260903.mp3,,会议音频，未转写,data/research/updates/2026-10-07-minutes-001.csv
2026-09-04,2026-09-04T12:13:54,会议音频,万辰集团20260902.mp3,会议音频，未转写。文件：万辰集团20260902.mp3,万辰集团,https://wx.zsxq.com/group/88888142214212/topic/45548822448284518,https://wx.zsxq.com/group/88888142214212/topic/45548822448284518,万辰集团20260902.mp3,,会议音频，未转写,data/research/updates/2026-10-07-minutes-001.csv
2026-09-04,2026-09-04T00:13:45,会议音频,周大生20260903.mp3,会议音频，未转写。文件：周大生20260903.mp3,周大生,https://wx.zsxq.com/group/88888142214212/topic/14425514158115222,https://wx.zsxq.com/group/88888142214212/topic/14425514158115222,周大生20260903.mp3,,会议音频，未转写,data/research/updates/2026-10-07-minutes-001.csv
2026-09-03,2026-09-03T22:42:14,研究附件,布鲁可20260903.pdf；毛戈平20260903.pdf,附件索引，正文未提取。文件：布鲁可20260903.pdf；毛戈平20260903.pdf,毛戈平|布鲁可,https://wx.zsxq.com/group/88888142214212/topic/82258842488215242,https://wx.zsxq.com/group/88888142214212/topic/82258842488215242,布鲁可20260903.pdf；毛戈平20260903.pdf,,附件索引，正文未提取,data/research/updates/2026-10-07-minutes-001.csv
2026-09-03,2026-09-03T10:28:33,研究附件,美团：2026年第二季度业绩后管理层—投资者电话会议核心要点.pdf,附件索引，正文未提取。文件：美团：2026年第二季度业绩后管理层—投资者电话会议核心要点.pdf,美团,https://wx.zsxq.com/group/88888142214212/topic/45548825554242158,https://wx.zsxq.com/group/88888142214212/topic/45548825554242158,美团：2026年第二季度业绩后管理层—投资者电话会议核心要点.pdf,,附件索引，正文未提取,data/research/updates/2026-10-07-minutes-001.csv
2026-09-03,2026-09-03T00:37:53,会议音频,社服-中报后投资方向展望：重点推荐古茗、东方甄选20260901.mp3,会议音频，未转写。文件：社服-中报后投资方向展望：重点推荐古茗、东方甄选20260901.mp3,古茗|东方甄选,https://wx.zsxq.com/group/88888142214212/topic/82258842514541252,https://wx.zsxq.com/group/88888142214212/topic/82258842514541252,社服-中报后投资方向展望：重点推荐古茗、东方甄选20260901.mp3,,会议音频，未转写,data/research/updates/2026-10-07-minutes-001.csv
2026-09-03,2026-09-03T00:16:49,会议音频,逸仙电商20260902.mp3,会议音频，未转写。文件：逸仙电商20260902.mp3,,https://wx.zsxq.com/group/88888142214212/topic/55521145284218184,https://wx.zsxq.com/group/88888142214212/topic/55521145284218184,逸仙电商20260902.mp3,电商,会议音频，未转写,data/research/updates/2026-10-07-minutes-001.csv
2026-09-03,2026-09-03T00:11:42,会议音频,潮宏基20260902.mp3,会议音频，未转写。文件：潮宏基20260902.mp3,潮宏基,https://wx.zsxq.com/group/88888142214212/topic/22258842514585141,https://wx.zsxq.com/group/88888142214212/topic/22258842514585141,潮宏基20260902.mp3,,会议音频，未转写,data/research/updates/2026-10-07-minutes-001.csv
