year,holiday,daily_sales_cny_100m,yoy_pct,source,period,days,sales_cny_100m,shoppers_10k,spend_per_shopper_cny,daily_shoppers_10k,status,quality,source_sheet,source_sales_cell
2026,元旦,2.3733333333333335,83.2478087649402,【国金商社】离岛免税数据库 20260908.xlsx,1.1-1.3,3,7.12,8.35,8526.946107784432,2.783333333333333,available,原表录入值,元旦假期,C42
2025,元旦,1.2951496388028896,-18.201075444027992,【国金商社】离岛免税数据库 20260908.xlsx,1.1,1,1.2951496388028896,2.1947873799725652,5901.025541795666,2.1947873799725652,available,原表公式值,元旦假期,D16
2024,元旦,1.5833333333333333,12.559241706161139,【国金商社】离岛免税数据库 20260908.xlsx,12.30-1.1,3,4.75,6.57,7228,2.19,available,原表录入值,元旦假期,E42
2023,元旦,1.4066666666666665,-29.666666666666675,【国金商社】离岛免税数据库 20260908.xlsx,12.31-1.2,3,4.22,4.3,9816,1.4333333333333333,available,原表录入值,元旦假期,F42
2022,元旦,2.0,11.111111111111116,【国金商社】离岛免税数据库 20260908.xlsx,1.1-1.3,3,6,6.160164271047228,9740,2.053388090349076,available,原表公式值,元旦假期,G42
2021,元旦,1.8,195.16,【国金商社】离岛免税数据库 20260908.xlsx,1.1-1.3,3,5.4,7.6,7105.263157894738,2.533333333333333,available,原表录入值,元旦假期,H42
2020,元旦,0.6098387315354384,,【国金商社】离岛免税数据库 20260908.xlsx,1.1-1.3,3,1.8295161946063154,4.2012161415146485,4354.729994793191,1.4004053805048828,available,原表公式值,元旦假期,I42
2026,春节,3.022222222222222,15.462167038098261,【国金商社】离岛免税数据库 20260908.xlsx,2.15-2.23,9,27.2,32.5,8369.23076923077,3.611111111111111,available,原表录入值,春节假期,C17
2025,春节,2.6175,-15.869827239855361,【国金商社】离岛免税数据库 20260908.xlsx,1.28-2.4,8,20.94,24.05,8706,3.00625,available,原表录入值,春节假期,D17
2024,春节,3.11125,39.607371794871796,【国金商社】离岛免税数据库 20260908.xlsx,2.10-2.17,8,24.89,29.77,8358,3.72125,available,原表录入值,春节假期,E17
2023,春节,2.2285714285714286,5.879999999999996,【国金商社】离岛免税数据库 20260908.xlsx,1.21-1.27,7,15.6,15.7,9959,2.242857142857143,available,原表录入值,春节假期,F17
2022,春节,2.104808678288089,,【国金商社】离岛免税数据库 20260908.xlsx,1.31-2.6,7,14.733660748016623,14.336590265729157,10276.962984173888,2.0480843236755937,available,原表公式值,春节假期,G17
2026,五一,1.108,8.62745098039217,【国金商社】离岛免税数据库 20260908.xlsx,5.1-5.5,5,5.54,8.46,6548.463356973994,1.6920000000000002,available,原表录入值,五一假期,C28
2025,五一,1.02,-6.764168190127961,【国金商社】离岛免税数据库 20260908.xlsx,5.1-5.5,5,5.1,7.91,6447.534766118836,1.582,available,原表录入值,五一假期,D28
2024,五一,1.0939999999999999,-38.05209513023783,【国金商社】离岛免税数据库 20260908.xlsx,5.1-5.5,5,5.47,8.58,6378,1.716,available,原表录入值,五一假期,E28
2023,五一,1.766,120.00000000000001,【国金商社】离岛免税数据库 20260908.xlsx,4.29-5.3,5,8.83,10.9,8101,2.18,available,原表录入值,五一假期,F28
2022,五一,0.8027272727272727,-59.580701272544175,【国金商社】离岛免税数据库 20260908.xlsx,5.1-5.5,5,4.013636363636364,4.224806201550388,9500.166805671392,0.8449612403100776,available,原表公式值,五一假期,G28
2021,五一,1.986,248.0,【国金商社】离岛免税数据库 20260908.xlsx,5.1-5.5,5,9.93,12.1,8206.611570247933,2.42,available,原表录入值,五一假期,H28
2020,五一,0.5706896551724138,,【国金商社】离岛免税数据库 20260908.xlsx,5.1-5.5,5,2.853448275862069,5.020746887966805,5683.314334568254,1.004149377593361,available,原表公式值,五一假期,I28
2026,清明,0.93,14.799999999999999,【国金商社】离岛免税数据库 20260908.xlsx,4.4-4.6,3,2.79,4.76,5861.344537815126,1.5866666666666667,available,原表录入值,清明假期,C22
2024,清明,0.9033333333333333,,【国金商社】离岛免税数据库 20260908.xlsx,4.4-4.6,3,2.71,4.7,5767,1.5666666666666667,available,原表录入值,清明假期,E22
2026,端午,0.6733333333333333,8.021390374331538,【国金商社】离岛免税数据库 20260908.xlsx,6.19-6.21,3,2.02,3.47,5821.325648414985,1.1566666666666667,available,原表录入值,端午假期,C22
2025,端午,0.6233333333333334,-8.780487804878023,【国金商社】离岛免税数据库 20260908.xlsx,5.31-6.2,3,1.87,3.13,5974.440894568691,1.0433333333333332,available,原表录入值,端午假期,D22
2024,端午,0.6833333333333332,,【国金商社】离岛免税数据库 20260908.xlsx,6.8-6.10,3,2.05,3.86,5310.880829015544,1.2866666666666666,available,原表录入值,端午假期,E22
2026,中秋,,,【国金商社】离岛免税数据库 20260908.xlsx,9.25-9.27,3,,,,,pending,原表录入值,国庆中秋假期,C30
2024,中秋,0.6866666666666666,,【国金商社】离岛免税数据库 20260908.xlsx,9.15-9.17,3,2.06,3.47,5943,1.1566666666666667,available,原表录入值,国庆中秋假期,E30
2026,国庆,,,【国金商社】离岛免税数据库 20260908.xlsx,10.1-10.7,7,,,,,pending,原表录入值,国庆中秋假期,C34
2025,国庆中秋,1.18,5.222929936305731,【国金商社】离岛免税数据库 20260908.xlsx,10.1-10.8,8,9.44,12.29,7685,1.53625,available,原表录入值,国庆中秋假期,D34
2024,国庆,1.1214285714285714,-32.54564983888293,【国金商社】离岛免税数据库 20260908.xlsx,10.1-10.7,7,7.85,11.02,7124,1.5742857142857143,available,原表录入值,国庆中秋假期,E34
2023,国庆中秋,1.6625,,【国金商社】离岛免税数据库 20260908.xlsx,9.29-10.6,8,13.3,17,7823.529411764705,2.125,available,原表录入值,国庆中秋假期,F34
2022,国庆,,,【国金商社】离岛免税数据库 20260908.xlsx,9.29-10.6,,6.129032258064517,6.995884773662551,8760.91081593928,,available,原表公式值,国庆中秋假期,G34
