period_id,year,month,shopping_sales_cny_100m,shoppers_10k,items_10k,tourists_10k,sales_yoy_pct,shoppers_yoy_pct,items_yoy_pct,tourists_yoy_pct,conversion_rate_pct,spend_per_shopper_cny,spend_per_shopper_yoy_pct,items_per_shopper,unit_price_cny,source
2011-04,2011,4,0.183836,0.8501,6.106,,,,,,,2162.518645,,7.182684,301.073878,海口海关/海南省统计局/同花顺iFinD
2011-05,2011,5,1.072785,5.2314,12.9465,,,,,,,2050.665137,,2.474768,828.629328,海口海关/海南省统计局/同花顺iFinD
2011-06,2011,6,0.808941,4.4431,10.472,,,,,,,1820.667282,,2.356913,772.479641,海口海关/海南省统计局/同花顺iFinD
2011-07,2011,7,0.802437,4.2166,12.4448,,,,,,,1903.042238,,2.951383,644.796855,海口海关/海南省统计局/同花顺iFinD
2011-08,2011,8,1.034543,4.9785,15.8185,,,,,,,2078.021633,,3.177363,654.008326,海口海关/海南省统计局/同花顺iFinD
2011-09,2011,9,0.865537,4.3767,14.0696,,,,,,,1977.601184,,3.214659,615.182173,海口海关/海南省统计局/同花顺iFinD
2011-10,2011,10,1.243533,6.2817,20.8361,,,,,,,1979.611761,,3.316952,596.816448,海口海关/海南省统计局/同花顺iFinD
2011-11,2011,11,1.697458,8.331,28.0358,,,,,,,2037.52055,,3.365238,605.461007,海口海关/海南省统计局/同花顺iFinD
2011-12,2011,12,1.997641,9.9923,32.5649,,,,,,,1999.180079,,3.258999,613.4337,海口海关/海南省统计局/同花顺iFinD
2012-01,2012,1,2.275489,11.1868,36.6485,,,,,,,2034.083938,,3.276049,620.89554,海口海关/海南省统计局/同花顺iFinD
2012-02,2012,2,2.875111,13.5987,44.6615,,,,,,,2114.254223,,3.284248,643.756007,海口海关/海南省统计局/同花顺iFinD
2012-03,2012,3,2.192186,11.926,38.7083,,,,,,,1838.156809,,3.245707,566.33482,海口海关/海南省统计局/同花顺iFinD
2012-04,2012,4,1.690685,8.7456,29.8339,,,,,,,1933.183898,,3.411304,566.699396,海口海关/海南省统计局/同花顺iFinD
2012-05,2012,5,1.63898,8.0592,22.6603,,52.778019,54.054364,75.030317,,,2033.675315,-0.828503,2.811731,723.282397,海口海关/海南省统计局/同花顺iFinD
2012-06,2012,6,1.211921,5.5878,17.1144,,49.815804,25.763543,63.430099,,,2168.869645,19.124986,3.062815,708.1294,海口海关/海南省统计局/同花顺iFinD
2012-07,2012,7,1.264923,5.7002,17.3432,,57.635216,35.184746,39.361018,,,2219.085243,16.607251,3.04256,729.348085,海口海关/海南省统计局/同花顺iFinD
2012-08,2012,8,1.532468,6.3518,19.8249,,48.129928,27.584614,25.327307,,,2412.651374,16.103285,3.121147,773.001579,海口海关/海南省统计局/同花顺iFinD
2012-09,2012,9,1.323242,5.8911,18.3782,,52.881118,34.601412,30.623472,,,2246.171683,13.58062,3.119655,720.006421,海口海关/海南省统计局/同花顺iFinD
2012-10,2012,10,2.081384,8.6171,27.9026,,67.376729,37.177834,33.914696,,,2415.41167,22.014413,3.23805,745.946396,海口海关/海南省统计局/同花顺iFinD
2012-11,2012,11,2.707999,10.034,39.1589,,59.532592,20.441724,39.67463,,,2698.823331,32.456251,3.902621,691.541215,海口海关/海南省统计局/同花顺iFinD
2012-12,2012,12,2.83379,10.2906,39.1727,,41.856821,2.985299,20.291172,,,2753.765184,37.744729,3.806649,723.409313,海口海关/海南省统计局/同花顺iFinD
2013-01,2013,1,3.237746,10.6126,41.5994,,42.287922,-5.132835,13.509148,,,3050.850922,49.986481,3.919812,778.315565,海口海关/海南省统计局/同花顺iFinD
2013-02,2013,2,5.068972,14.0093,61.2167,,76.305286,3.019406,37.068168,,,3618.291057,71.137937,4.369719,828.037527,海口海关/海南省统计局/同花顺iFinD
2013-03,2013,3,3.393414,11.8295,47.8114,,54.795898,-0.809156,23.517178,,,2868.602823,56.058657,4.041709,709.749915,海口海关/海南省统计局/同花顺iFinD
2013-04,2013,4,2.386011,8.7271,32.6265,,41.126832,-0.211535,9.360493,,,2734.024613,41.425998,3.738527,731.310628,海口海关/海南省统计局/同花顺iFinD
2013-05,2013,5,2.06451,7.8109,29.247,,25.963141,-3.080951,29.067135,,,2643.114353,29.967372,3.744383,705.887848,海口海关/海南省统计局/同花顺iFinD
2013-06,2013,6,1.677111,6.622,24.4176,,38.384526,18.508179,42.672837,,,2532.635307,16.772131,3.687345,686.845185,海口海关/海南省统计局/同花顺iFinD
2013-07,2013,7,1.694042,6.503,24.1291,,33.92452,14.083716,39.127151,,,2605.016162,17.391442,3.710457,702.074263,海口海关/海南省统计局/同花顺iFinD
2013-08,2013,8,2.163308,7.6361,29.72,,41.164982,20.219465,49.912484,,,2833.001179,17.422733,3.892039,727.896376,海口海关/海南省统计局/同花顺iFinD
2013-09,2013,9,1.996556,6.9791,26.532,,50.883624,18.468537,44.366695,,,2860.763967,27.361768,3.801636,752.508586,海口海关/海南省统计局/同花顺iFinD
2013-10,2013,10,2.645271,8.9437,35.0054,,27.091911,3.790138,25.455692,,,2957.692219,22.450854,3.913973,755.675179,海口海关/海南省统计局/同花顺iFinD
2013-11,2013,11,3.011293,10.1728,39.412,,11.199912,1.383297,0.646341,,,2960.141613,9.682675,3.874253,764.054821,海口海关/海南省统计局/同花顺iFinD
2013-12,2013,12,3.578119,11.8436,45.4281,,26.266236,15.091443,15.968774,,,3021.141756,9.709491,3.835667,787.644531,海口海关/海南省统计局/同花顺iFinD
2014-01,2014,1,4.023177,12.7981,50.332,,24.258583,20.593446,20.99213,,,3143.573937,3.039251,3.932771,799.327935,海口海关/海南省统计局/同花顺iFinD
2014-02,2014,2,7.289883,19.9123,83.8456,,43.813826,42.136295,36.96524,,,3660.995093,1.180227,4.210744,869.441361,海口海关/海南省统计局/同花顺iFinD
2014-03,2014,3,3.829425,13.4372,50.3179,,12.848743,13.5906,5.242474,,,2849.868068,-0.653097,3.744672,761.046212,海口海关/海南省统计局/同花顺iFinD
2014-04,2014,4,2.800423,10.2468,37.3881,,17.368425,17.413574,14.594272,,,2732.973299,-0.038453,3.648759,749.014547,海口海关/海南省统计局/同花顺iFinD
2014-05,2014,5,2.438415,9.1022,33.1239,,18.111059,16.532026,13.255719,,,2678.929105,1.355021,3.639109,736.149683,海口海关/海南省统计局/同花顺iFinD
2014-06,2014,6,2.018972,7.95,28.7182,,20.383898,20.054364,17.612706,,,2539.587069,0.274487,3.612352,703.028644,海口海关/海南省统计局/同花顺iFinD
2014-07,2014,7,2.140817,8.1054,29.4574,,26.373295,24.640935,22.082465,,,2641.222777,1.389881,3.634293,726.750056,海口海关/海南省统计局/同花顺iFinD
2014-08,2014,8,2.464202,9.0663,33.81,,13.908969,18.729456,13.761777,,,2717.979628,-4.06006,3.729195,728.838175,海口海关/海南省统计局/同花顺iFinD
2014-09,2014,9,3.636403,9.4331,38.5018,,82.133791,35.162127,45.114579,,,3854.939235,34.75209,4.081564,944.476032,海口海关/海南省统计局/同花顺iFinD
2014-10,2014,10,3.539457,11.0001,41.4437,,33.803186,22.992721,18.392305,,,3217.659049,8.789516,3.767575,854.039849,海口海关/海南省统计局/同花顺iFinD
2014-11,2014,11,4.14826,13.278,49.917,,37.756774,30.524536,26.654318,,,3124.16019,5.540903,3.759376,831.031492,海口海关/海南省统计局/同花顺iFinD
2014-12,2014,12,4.84244,14.6421,55.5908,539.16,35.334769,23.628795,22.370955,,,3307.202983,9.468646,3.796641,871.086525,海口海关/海南省统计局/同花顺iFinD
2015-01,2015,1,5.546447,16.2539,63.0022,434.24,37.862347,27.002446,25.17325,,,3412.379029,8.550939,3.876128,880.35763,海口海关/海南省统计局/同花顺iFinD
2015-02,2015,2,8.644109,23.263,91.7691,566.41,18.576787,16.827288,9.450108,,,3715.818837,1.497509,3.944852,941.941172,海口海关/海南省统计局/同花顺iFinD
2015-03,2015,3,7.11451,20.2495,78.2898,419.3,85.785351,50.697318,55.590357,,,3513.425107,23.283781,3.866258,908.740368,海口海关/海南省统计局/同花顺iFinD
2015-04,2015,4,4.166799,13.1449,50.2968,366.2,48.791766,28.282976,34.526226,,,3169.897808,15.987149,3.826336,828.442161,海口海关/海南省统计局/同花顺iFinD
2015-05,2015,5,3.58021,11.597,44.0666,380.07,46.825293,27.408758,33.035663,,,3087.186134,15.239561,3.799828,812.454276,海口海关/海南省统计局/同花顺iFinD
2015-06,2015,6,2.870164,9.6297,36.8348,324.29,42.159709,21.128302,28.262913,,,2980.533475,17.362917,3.825124,779.199105,海口海关/海南省统计局/同花顺iFinD
2015-07,2015,7,2.853712,9.4286,36.8825,373.26,33.300149,16.324919,25.20623,,,3026.654933,14.592944,3.911768,773.730596,海口海关/海南省统计局/同花顺iFinD
2015-08,2015,8,3.732668,10.9266,44.5502,406.55,51.47574,20.518845,31.766341,,,3416.129464,25.686353,4.077224,837.856625,海口海关/海南省统计局/同花顺iFinD
2015-09,2015,9,2.918122,8.8535,36.4353,369.66,-19.752502,-6.144322,-5.367282,,,3296.009702,-14.499049,4.115356,800.905218,海口海关/海南省统计局/同花顺iFinD
2015-10,2015,10,4.010233,11.5789,47.1554,532.13,13.300796,5.26177,13.781829,,,3463.3973,7.637175,4.072528,850.42924,海口海关/海南省统计局/同花顺iFinD
2015-11,2015,11,4.351704,12.9457,54.317,554.31,4.904315,-2.502636,8.814632,,,3361.505094,7.597079,4.195756,801.167894,海口海关/海南省统计局/同花顺iFinD
2015-12,2015,12,5.590222,16.0798,65.5445,609.27,15.442258,9.818947,17.905301,13.003561,2.639191,3476.549273,5.120529,4.076201,852.889518,海口海关/海南省统计局/同花顺iFinD
2016-01,2016,1,5.934827,16.2974,65.3863,489.12,7.002329,0.267628,3.784154,12.638172,3.331984,3641.57916,6.716725,4.012069,907.656072,海口海关/海南省统计局/同花顺iFinD
2016-02,2016,2,11.090523,25.0243,113.5667,650.19,28.301509,7.57125,23.752657,14.791406,3.848767,4431.901288,19.271188,4.538257,976.564674,海口海关/海南省统计局/同花顺iFinD
2016-03,2016,3,5.56429,15.5694,67.8897,471.38,-21.789563,-23.112176,-13.284106,12.420701,3.30294,3573.862519,1.720185,4.360457,819.60732,海口海关/海南省统计局/同花顺iFinD
2016-04,2016,4,3.993384,13.3933,52.6193,403.38,-4.161835,1.889706,4.61759,10.152922,3.320269,2981.627881,-5.939306,3.928778,758.919953,海口海关/海南省统计局/同花顺iFinD
2016-05,2016,5,3.486338,11.2689,47.1148,418.29,-2.621972,-2.82918,6.917257,10.056042,2.69404,3093.769268,0.213241,4.180958,739.96656,海口海关/海南省统计局/同花顺iFinD
2016-06,2016,6,3.284421,10.4955,46.2115,363.95,14.433219,8.990934,25.45609,12.229794,2.883775,3129.361555,4.993337,4.402982,710.736812,海口海关/海南省统计局/同花顺iFinD
2016-07,2016,7,3.108813,9.9147,43.7188,413.93,8.939265,5.15559,18.535349,10.89589,2.39526,3135.559069,3.598168,4.409493,711.092882,海口海关/海南省统计局/同花顺iFinD
2016-08,2016,8,3.757343,11.5165,48.2442,448.92,0.661065,5.398752,8.29177,10.421842,2.565379,3262.574037,-4.495012,4.189137,778.817638,海口海关/海南省统计局/同花顺iFinD
2016-09,2016,9,3.422311,11.2554,46.6076,417.75,17.277838,27.129384,27.918804,13.009252,2.694291,3040.594399,-7.749228,4.14091,734.281667,海口海关/海南省统计局/同花顺iFinD
2016-10,2016,10,4.65455,13.9254,57.9723,676.4,16.066827,20.26531,22.938836,27.111796,2.058752,3342.489501,-3.491017,4.163062,802.892128,海口海关/海南省统计局/同花顺iFinD
2016-11,2016,11,5.171074,15.1346,64.3639,611.09,18.828727,16.908317,18.496787,10.243366,2.476656,3416.723316,1.642664,4.252765,803.412172,海口海关/海南省统计局/同花顺iFinD
2016-12,2016,12,7.244348,19.3378,86.9077,659.27,29.589629,20.261446,32.593429,8.206542,2.933214,3746.21081,7.756586,4.494188,833.567974,海口海关/海南省统计局/同花顺iFinD
2017-01,2017,1,7.561011,20.5595,89.825,652.28,27.400699,26.152024,37.375872,33.357867,3.151944,3677.624145,0.989817,4.369026,841.749108,海口海关/海南省统计局/同花顺iFinD
2017-02,2017,2,12.379683,28.7295,136.4132,628.7,11.623983,14.806408,20.117253,-3.305188,4.569668,4309.049322,-2.771992,4.748193,907.513587,海口海关/海南省统计局/同花顺iFinD
2017-03,2017,3,6.999338,20.4539,91.2365,528.44,25.790335,31.372436,34.389311,12.104884,3.870619,3422.006766,-4.249065,4.460592,767.164284,海口海关/海南省统计局/同花顺iFinD
2017-04,2017,4,5.563505,17.5355,74.0726,452.06,39.318068,30.927404,40.770782,12.068025,3.87902,3172.709629,6.408638,4.224151,751.088118,海口海关/海南省统计局/同花顺iFinD
2017-05,2017,5,5.241111,17.1962,73.1386,473.39,50.332844,52.598745,55.234873,13.172679,3.632565,3047.830643,-1.484876,4.253184,716.599789,海口海关/海南省统计局/同花顺iFinD
2017-06,2017,6,4.584875,15.6228,67.5297,410.85,39.594596,48.852365,46.131807,12.886385,3.802556,2934.733095,-6.21943,4.322509,678.94198,海口海关/海南省统计局/同花顺iFinD
2017-07,2017,7,4.525984,14.8618,63.7726,463.38,45.5856,49.896618,45.869969,11.946464,3.20726,3045.38056,-2.875995,4.291041,709.706626,海口海关/海南省统计局/同花顺iFinD
2017-08,2017,8,5.821245,17.9548,79.8956,505.23,54.929824,55.905006,65.606643,12.543438,3.553787,3242.166713,-0.625498,4.449818,728.606518,海口海关/海南省统计局/同花顺iFinD
2017-09,2017,9,5.194331,16.7139,76.8349,469.34,51.778473,48.496722,64.854873,12.349491,3.56115,3107.791006,2.209983,4.597066,676.037948,海口海关/海南省统计局/同花顺iFinD
2017-10,2017,10,6.451501,19.1153,87.246,761.07,38.606324,37.269306,50.496013,12.517741,2.511635,3375.045691,0.97401,4.564197,739.46096,海口海关/海南省统计局/同花顺iFinD
2017-11,2017,11,6.786104,20.005,92.3757,671.39,31.232011,32.180566,43.52098,9.867614,2.979639,3392.204184,-0.717621,4.617631,734.620086,海口海关/海南省统计局/同花顺iFinD
2017-12,2017,12,8.9367,24.6505,117.6708,728.86,23.361006,27.473136,35.397439,10.555615,3.382062,3625.362569,-3.225879,4.773566,759.46624,海口海关/海南省统计局/同花顺iFinD
2018-01,2018,1,9.0838,24.7641,113.1763,625.51,20.140013,20.450886,25.996438,-4.104066,3.959025,3668.132498,-0.258092,4.570176,802.623871,海口海关/海南省统计局/同花顺iFinD
2018-02,2018,2,14.1195,33.0918,165.0474,908.23,14.053807,15.184044,20.990784,44.461587,3.643548,4266.766994,-0.981245,4.987562,855.481516,海口海关/海南省统计局/同花顺iFinD
2018-03,2018,3,10.2251,27.8631,133.2987,589.01,46.086664,36.223899,46.102382,11.462039,4.730497,3669.763953,7.240114,4.784058,767.081749,海口海关/海南省统计局/同花顺iFinD
2018-04,2018,4,7.1987,21.9939,104.811,506.95,29.391454,25.424995,41.497666,12.142194,4.338475,3273.043889,3.162415,4.765458,686.826764,海口海关/海南省统计局/同花顺iFinD
2018-05,2018,5,6.5914,20.6864,99.3363,504.73,25.763423,20.296345,35.819253,6.620334,4.098508,3186.344652,4.544675,4.80201,663.543941,海口海关/海南省统计局/同花顺iFinD
2018-06,2018,6,5.6298,18.8788,87.7383,472.07,22.790702,20.841334,29.925499,14.900815,3.999153,2982.075132,1.613163,4.647451,641.658204,海口海关/海南省统计局/同花顺iFinD
2018-07,2018,7,5.7007,17.2974,80.6916,510.58,25.954939,16.388324,26.530203,10.186024,3.387794,3295.697619,8.219566,4.664955,706.479981,海口海关/海南省统计局/同花顺iFinD
2018-08,2018,8,7.4931,22.1588,106.2977,547.36,28.719876,23.414352,33.04575,8.338776,4.048305,3381.545932,4.298953,4.797087,704.916475,海口海关/海南省统计局/同花顺iFinD
2018-09,2018,9,6.1873,19.8455,97.0839,533.99,19.116403,18.736501,26.353909,13.774662,3.716455,3117.734499,0.319954,4.891986,637.314735,海口海关/海南省统计局/同花顺iFinD
2018-10,2018,10,7.5542,22.6465,106.9961,842.47,17.092129,18.47316,22.637256,10.695468,2.688108,3335.703089,-1.165691,4.72462,706.025734,海口海关/海南省统计局/同花顺iFinD
2018-11,2018,11,7.5573,22.1197,102.3789,754.05,11.364333,10.570857,10.828822,12.311771,2.933453,3416.547241,0.717618,4.628404,738.169681,海口海关/海南省统计局/同花顺iFinD
2018-12,2018,12,10.127,27.2398,128.4058,799.08,13.319234,10.504047,9.122909,9.634223,3.408895,3717.721863,2.547588,4.713904,788.67154,海口海关/海南省统计局/同花顺iFinD
2019-01,2019,1,11.167924,30.5825,143.9731,654.55,22.943303,23.495302,27.211351,4.642612,4.672294,3651.736709,-0.446979,4.707696,775.695167,海口海关/海南省统计局/同花顺iFinD
2019-02,2019,2,20.209438,47.9641,241.0116,961.85,43.131398,44.942554,46.025687,5.903791,4.986651,4213.450846,-1.249568,5.024833,838.525522,海口海关/海南省统计局/同花顺iFinD
2019-03,2019,3,11.359241,33.8808,163.0546,625.25,11.091733,21.597381,22.322723,6.152697,5.41876,3352.70738,-8.639699,4.812596,696.652583,海口海关/海南省统计局/同花顺iFinD
2019-04,2019,4,8.386954,26.0674,121.8064,543.19,16.506513,18.521044,16.215283,7.148634,4.798947,3217.411165,-1.699724,4.672748,688.547924,海口海关/海南省统计局/同花顺iFinD
2019-05,2019,5,8.168353,25.7147,119.3229,571.39,23.924402,24.307274,20.120137,13.207061,4.500376,3176.530549,-0.308005,4.64026,684.558707,海口海关/海南省统计局/同花顺iFinD
2019-06,2019,6,7.081895,24.112,108.0548,500.75,25.793017,27.719982,23.155794,6.07537,4.815177,2937.083299,-1.508742,4.48137,655.398488,海口海关/海南省统计局/同花顺iFinD
2019-07,2019,7,7.586151,24.8928,109.951,559.71,33.074024,43.910646,36.260776,9.62239,4.447446,3047.528161,-7.530104,4.41698,689.957426,海口海关/海南省统计局/同花顺iFinD
2019-08,2019,8,9.756007,28.8628,137.6378,593.86,30.199872,30.254346,29.483328,8.495323,4.860203,3380.131737,-0.041821,4.768692,708.817391,海口海关/海南省统计局/同花顺iFinD
2019-09,2019,9,8.932516,25.9097,130.9444,590.13,44.368556,30.557053,34.877565,10.513305,4.390507,3447.556587,10.578902,5.053876,682.160955,海口海关/海南省统计局/同花顺iFinD
2019-10,2019,10,11.971033,32.5589,158.3959,932.39,58.46858,43.770119,48.038947,10.673377,3.491983,3676.731548,10.223586,4.864903,755.766625,海口海关/海南省统计局/同花顺iFinD
2019-11,2019,11,13.244994,35.8482,173.0251,856.97,75.260924,62.064585,69.004648,13.648962,4.183134,3694.744456,8.142642,4.826605,765.495516,海口海关/海南省统计局/同花顺iFinD
2019-12,2019,12,17.057858,39.7959,212.7613,921.16,68.439395,46.094685,65.694462,15.277569,4.320194,4286.335401,15.294677,5.346312,801.736853,海口海关/海南省统计局/同花顺iFinD
2020-01,2020,1,15.521765,39.4879,207.0482,503.77,38.98523,29.119268,43.810337,-23.035673,7.838478,3930.764746,7.640968,5.243333,749.669136,海口海关/海南省统计局/同花顺iFinD
2020-02,2020,2,4.310114,8.4791,67.3021,128.75,-78.672764,-82.321987,-72.075162,-86.614337,6.585709,5083.22158,20.642717,7.937411,640.413064,海口海关/海南省统计局/同花顺iFinD
2020-03,2020,3,9.949401,16.5594,140.6853,222.03,-12.411395,-51.124531,-13.718902,-64.489404,7.458181,6008.309854,79.207702,8.495797,707.209681,海口海关/海南省统计局/同花顺iFinD
2020-04,2020,4,13.809451,22.5513,182.9584,304.43,64.653944,-13.488495,50.204259,-43.955154,7.407713,6123.572091,90.326066,8.112987,754.786396,海口海关/海南省统计局/同花顺iFinD
2020-05,2020,5,14.791532,29.4388,212.2302,411.01,81.083412,14.482378,77.862087,-28.068395,7.162551,5024.502473,58.175796,7.2092,696.957,海口海关/海南省统计局/同花顺iFinD
2020-06,2020,6,16.554967,32.5568,218.0324,396.44,133.764636,35.023225,101.779467,-20.830754,8.212289,5084.948963,73.129205,6.696985,759.289291,海口海关/海南省统计局/同花顺iFinD
2020-07,2020,7,24.8741,38.3707,287.6715,503.12,227.888284,54.143768,161.636092,-10.110593,7.62655,6482.576549,112.715887,7.497166,864.670292,海口海关/海南省统计局/同花顺iFinD
2020-08,2020,8,30.9499,44.8267,324.614,584.5,217.239432,55.309603,135.846548,-1.576129,7.669239,6904.344955,104.2626,7.241532,953.437005,海口海关/海南省统计局/同花顺iFinD
2020-09,2020,9,30.2336,45.8327,322.1701,592.03,238.4668,76.893982,146.035798,0.321963,7.741618,6596.51297,91.338787,7.029263,938.435938,海口海关/海南省统计局/同花顺iFinD
2020-10,2020,10,34.072,49.2298,352.4438,960.84,184.620372,51.202283,122.508158,3.051298,5.123621,6921.011257,88.238145,7.159156,966.735689,海口海关/海南省统计局/同花顺iFinD
2020-11,2020,11,37.1487,56.5641,517.2117,887.46,180.473517,57.787839,198.922931,3.557884,6.373707,6567.540189,77.75357,9.143816,718.249413,海口海关/海南省统计局/同花顺iFinD
2020-12,2020,12,42.5767,64.4685,577.8796,957.19,149.601686,61.997844,171.609358,3.911373,6.735183,6604.264098,54.077166,8.963751,736.774581,海口海关/海南省统计局/同花顺iFinD
2021-01,2021,1,37.807,50.9364,510.6048,588.46,143.574111,28.992426,146.611562,16.811243,8.655881,7422.393416,88.828228,10.02436,740.435656,海口海关/海南省统计局/同花顺iFinD
2021-02,2021,2,45.4337,52.0898,544.6397,977.99,954.11819,514.33171,709.24622,659.603883,5.32621,8722.187453,71.587788,10.455784,834.19736,海口海关/海南省统计局/同花顺iFinD
2021-03,2021,3,52.4706,75.5788,719.6584,724.86,427.374482,356.410256,411.537737,226.469396,10.426675,6942.502395,15.548342,9.521961,729.104253,海口海关/海南省统计局/同花顺iFinD
2021-04,2021,4,46.7366,71.631,679.9097,715.53,238.439229,217.63579,271.619833,135.039254,10.010901,6524.63319,6.549463,9.491836,687.394223,海口海关/海南省统计局/同花顺iFinD
2021-05,2021,5,49.8255,75.3298,714.0126,722.3,236.85151,155.886109,236.433081,75.737817,10.429157,6614.314654,31.641186,9.478488,697.82382,海口海关/海南省统计局/同花顺iFinD
2021-06,2021,6,35.3962,56.7637,521.1329,591.95,113.810156,74.352823,139.016265,49.316416,9.589273,6235.710498,22.630739,9.180742,679.216376,海口海关/海南省统计局/同花顺iFinD
2021-07,2021,7,36.62,61.4664,536.1749,602.81,47.221407,60.190979,86.384435,19.814358,10.196646,5957.726498,-8.096319,8.723057,682.986093,海口海关/海南省统计局/同花顺iFinD
2021-08,2021,8,16.9882,22.3983,270.6437,334.26,-45.110647,-50.033574,-16.625993,-42.81266,6.700862,7584.593474,9.85247,12.083225,627.696119,海口海关/海南省统计局/同花顺iFinD
2021-09,2021,9,34.1664,46.8603,575.8515,501.12,13.008044,2.242067,78.741447,-15.355641,9.351114,7291.118495,10.529889,12.288686,593.319632,海口海关/海南省统计局/同花顺iFinD
2021-10,2021,10,49.805,60.4188,748.122,851.44,46.175745,22.728104,112.267034,-11.385871,7.096073,8243.295133,19.105357,12.382272,665.733664,海口海关/海南省统计局/同花顺iFinD
2021-11,2021,11,37.0383,41.9224,537.8044,675.3,-0.297184,-25.885146,3.981484,-23.90643,6.207967,8834.96651,34.524742,12.828569,688.694626,海口海关/海南省统计局/同花顺iFinD
2021-12,2021,12,52.4088,56.0625,686.8475,814.39,23.092677,-13.038926,18.856506,-14.918668,6.883987,9348.280936,41.549169,12.25146,763.034007,海口海关/海南省统计局/同花顺iFinD
2022-01,2022,1,52.0602,63.9462,736.825,665.41,37.699897,25.541263,44.304362,13.076505,9.610045,8141.249988,9.68497,11.522577,706.547688,海口海关/海南省统计局/同花顺iFinD
2022-02,2022,2,68.656,75.6199,852.5691,1103.21,51.1125,45.172183,56.538185,12.803812,6.854534,9079.091615,4.091911,11.274401,805.283701,海口海关/海南省统计局/同花顺iFinD
2022-03,2022,3,26.4392,36.2088,437.8802,465.11,-49.611401,-52.091327,-39.154438,-35.834506,7.784997,7301.871368,5.176361,12.093198,603.799852,海口海关/海南省统计局/同花顺iFinD
2022-04,2022,4,10.5826,14.083,174.0343,312.65,-77.356932,-80.339518,-74.403321,-56.305116,4.504398,7514.450046,15.17046,12.357758,608.075535,海口海关/海南省统计局/同花顺iFinD
2022-05,2022,5,22.3423,25.9264,344.323,432.43,-55.158905,-65.582811,-51.776341,-40.131524,5.995514,8617.586707,30.286918,13.280787,648.876201,海口海关/海南省统计局/同花顺iFinD
2022-06,2022,6,31.5083,40.9957,504.9381,490.34,-10.983947,-27.778316,-3.107614,-17.165301,8.360668,7685.757287,23.253915,12.316855,624.003219,海口海关/海南省统计局/同花顺iFinD
2022-07,2022,7,39.809,47.5337,520.7108,604.16,8.708356,-22.667181,-2.884152,0.223951,7.867734,8374.900334,40.572085,10.954561,764.512662,海口海关/海南省统计局/同花顺iFinD
2022-08,2022,8,9.6457,15.0438,134.1986,158.2,-43.221177,-32.835081,-50.415029,-52.671573,9.509355,6411.744373,-15.463572,8.920525,718.763087,海口海关/海南省统计局/同花顺iFinD
2022-09,2022,9,10.5646,16.578,183.3739,183.79,-69.078978,-64.622506,-68.156044,-63.324154,9.020077,6372.662565,-12.596914,11.06128,576.123429,海口海关/海南省统计局/同花顺iFinD
2022-10,2022,10,23.0707,24.9219,338.9249,449.67,-53.677944,-58.751415,-54.696574,-47.187118,5.542264,9257.199491,12.299746,13.599481,680.702421,海口海关/海南省统计局/同花顺iFinD
2022-11,2022,11,27.7799,29.1774,366.4203,486.35,-24.996828,-30.401408,-31.867367,-27.980157,5.99926,9521.033403,7.765359,12.55836,758.14304,海口海关/海南省统计局/同花顺iFinD
2022-12,2022,12,26.5281,32.3803,349.8966,652.69,-49.382356,-42.242497,-49.0576,-19.855352,4.961053,8192.666529,-12.361785,10.805848,758.169699,海口海关/海南省统计局/同花顺iFinD
2023-01,2023,1,63.7966,78.2722,711.1303,1145,22.543901,22.403208,-3.487219,72.07436,6.836,8150.607751,0.114943,9.08535,897.115479,海口海关/海南省统计局/同花顺iFinD
2023-02,2023,2,59.4648,79.9481,708.4475,859.34,-13.387322,5.723626,-16.904389,-22.105492,9.303431,7437.925354,-18.076327,8.861343,839.367772,海口海关/海南省统计局/同花顺iFinD
2023-03,2023,3,45.4376,65.3789,548.06,732.61,71.85694,80.560803,25.162088,57.513276,8.924107,6949.887502,-4.820461,8.382827,829.062511,海口海关/海南省统计局/同花顺iFinD
2023-04,2023,4,39.1475,59.2725,474.0418,661.41,269.92327,320.879784,172.384122,111.549656,8.961537,6604.664895,-12.107142,7.997668,825.823799,海口海关/海南省统计局/同花顺iFinD
2023-05,2023,5,31.9855,49.866,375.2077,609.85,43.161179,92.336769,8.969688,41.028606,8.176765,6414.290298,-25.567441,7.524319,852.474509,海口海关/海南省统计局/同花顺iFinD
2023-06,2023,6,23.0675,40.6058,269.362,598.37,-26.789132,-0.951075,-46.654451,22.031652,6.786069,5680.838698,-26.086155,6.633584,856.375435,海口海关/海南省统计局/同花顺iFinD
2023-07,2023,7,26.1338,46.5983,317.231,646.49,-34.352031,-1.967867,-39.077315,7.006422,7.207892,5608.316183,-33.034234,6.807781,823.809779,海口海关/海南省统计局/同花顺iFinD
2023-08,2023,8,32.85,54.6636,400.6819,611.93,240.566263,263.36298,198.57383,286.807838,8.932983,6009.483459,-6.273814,7.329958,819.852357,海口海关/海南省统计局/同花顺iFinD
2023-09,2023,9,27.1995,50.4318,345.3894,533.34,157.458872,204.209193,88.352541,190.189891,9.455844,5393.32326,-15.36782,6.848643,787.502454,海口海关/海南省统计局/同花顺iFinD
2023-10,2023,10,33.1723,54.2271,377.7785,794.93,43.785407,117.588145,11.463779,76.78075,6.82162,6117.291908,-33.918547,6.9666,878.088615,海口海关/海南省统计局/同花顺iFinD
2023-11,2023,11,24.126,43.4225,272.1567,818.13,-13.153035,48.822376,-25.72554,68.218361,5.307531,5556.105706,-41.64388,6.267642,886.474593,海口海关/海南省统计局/同花顺iFinD
2023-12,2023,12,30.9667,52.9136,330.9512,989.21,16.731692,63.412939,-5.414571,51.558933,5.349077,5852.313961,-28.566433,6.254558,935.687799,海口海关/海南省统计局/同花顺iFinD
2024-01,2024,1,36.079587,61.8706,390.4965,998.32,-43.445909,-20.954566,-45.087911,-12.81048,6.197472,5831.459032,-28.453691,6.311503,923.941365,海口海关/海南省统计局/同花顺iFinD
2024-02,2024,2,60.9331,91.6334,590.755,1417.52,2.469192,14.616107,-16.612734,64.9545,6.464346,6649.660495,-10.597913,6.44694,1031.444507,海口海关/海南省统计局/同花顺iFinD
2024-03,2024,3,30.6234,59.8139,341.1466,790.3,-32.603395,-8.511921,-37.753786,7.874585,7.568506,5119.779851,-26.33291,5.703467,897.661006,海口海关/海南省统计局/同花顺iFinD
2024-04,2024,4,21.7211,45.2028,240.1427,644.92,-44.51472,-23.737315,-49.34145,-2.493159,7.009055,4805.255427,-27.244523,5.312562,904.508028,海口海关/海南省统计局/同花顺iFinD
2024-05,2024,5,19.743,41.8776,230.8805,651.57,-38.275156,-16.019733,-38.465948,6.841026,6.427184,4714.45355,-26.500777,5.513222,855.117691,海口海关/海南省统计局/同花顺iFinD
2024-06,2024,6,15.4683,35.7,183.7648,606.14,-32.943319,-12.081525,-31.777756,1.298528,5.889728,4332.857143,-23.728566,5.147473,841.744447,海口海关/海南省统计局/同花顺iFinD
2024-07,2024,7,16.759,36.9727,205.9437,654.65,-35.872319,-20.656548,-35.08084,1.2622,5.647705,4532.803934,-19.177097,5.570156,813.766092,海口海关/海南省统计局/同花顺iFinD
2024-08,2024,8,21.9701,43.3046,252.6712,658.28,-33.119939,-20.779824,-36.939702,7.574396,6.578447,5073.387123,-15.576985,5.834743,869.513423,海口海关/海南省统计局/同花顺iFinD
2024-09,2024,9,16.7619,30.2,165.9,571.88,-38.374235,-40.117148,-51.967258,7.22616,5.280828,5550.298013,2.910539,5.493377,1010.361664,海口海关/海南省统计局/同花顺iFinD
2024-10,2024,10,21.4388,38.7452,222.4899,851.47,-35.371379,-28.550116,-41.105727,7.112576,4.550389,5533.278961,-9.54692,5.742386,963.585313,海口海关/海南省统计局/同花顺iFinD
2024-11,2024,11,18.7188,36.4833,211.1247,842.09,-22.412335,-15.980655,-22.425316,2.92863,4.33247,5130.785866,-7.654999,5.786886,886.622929,海口海关/海南省统计局/同花顺iFinD
2024-12,2024,12,29.1726,46.4183,272.9758,1033.64,-5.793643,-12.275294,-17.517809,4.491463,4.490761,6284.719604,7.388627,5.88078,1068.68814,海口海关/海南省统计局/同花顺iFinD
2025-01,2025,1,31.2826,46.2541,295.3572,1105.89,-13.295571,-25.240583,-24.363675,10.775102,4.182523,6763.205856,15.977937,6.385536,1059.144656,海口海关/海南省统计局/同花顺iFinD
2025-02,2025,2,52.7975,63.463,433.3903,1383.21,-13.351692,-30.742502,-26.637896,-2.420424,4.588096,8319.414462,25.110364,6.829023,1218.243694,海口海关/海南省统计局/同花顺iFinD
2025-03,2025,3,28.9861,44.2585,251.6408,897.35,-5.346565,-26.00633,-26.236756,13.545489,4.932134,6549.273021,27.920989,5.685706,1151.883955,海口海关/海南省统计局/同花顺iFinD
2025-04,2025,4,20.234,34.8047,189.5627,704.44,-6.846338,-23.003221,-21.062477,9.229052,4.940761,5813.582648,20.983842,5.446468,1067.404083,海口海关/海南省统计局/同花顺iFinD
2025-05,2025,5,19.5723,33.0902,177.2969,756.65,-0.86461,-20.983533,-23.20837,16.1272,4.373251,5914.83279,25.461683,5.357988,1103.927931,海口海关/海南省统计局/同花顺iFinD
2025-06,2025,6,14.7393,26.2964,140.2281,673.74,-4.712864,-26.340616,-23.691534,11.152539,3.903049,5605.063811,29.361842,5.332597,1051.094609,海口海关/海南省统计局/同花顺iFinD
2025-07,2025,7,15.6437,29.7396,163.4615,706.87,-6.654932,-19.563354,-20.628065,7.976781,4.207223,5260.225423,16.047936,5.496426,957.026578,海口海关/海南省统计局/同花顺iFinD
2025-08,2025,8,21.0534,36.94,216.1332,725.11,-4.172489,-14.697284,-14.46069,10.152215,5.094399,5699.350298,12.338171,5.850926,974.093753,海口海关/海南省统计局/同花顺iFinD
2025-09,2025,9,17.3344,28.0438,149.7046,597.46,3.415484,-7.139735,-9.762146,4.472966,4.693837,6181.187999,11.366777,5.338242,1157.906971,海口海关/海南省统计局/同花顺iFinD
2025-10,2025,10,24.2521,33.5874,197.3994,942.38,13.12247,-13.312101,-11.277141,10.676829,3.564104,7220.594628,30.493956,5.877186,1228.580229,海口海关/海南省统计局/同花顺iFinD
2025-11,2025,11,23.7947,32.9238,190.4894,943.5,27.116589,-9.756519,-9.773987,12.042656,3.489539,7227.203421,40.85958,5.785766,1249.135122,海口海关/海南省统计局/同花顺iFinD
2025-12,2025,12,34.1524,44.8206,262.5539,1170.87,17.070127,-3.441961,-3.817884,13.276382,3.827974,7619.799824,21.243274,5.857885,1300.776717,海口海关/海南省统计局/同花顺iFinD
2026-01,2026,1,45.2835,55.973,336.6639,1711.63,44.75619,21.011975,13.985337,-11.767897,,8090.239937,19.621376,6.014755,1345.065509,海口海关/海南省统计局/同花顺iFinD
2026-02,2026,2,60.5822,71.9237,464.569,975.75,14.744448,13.331705,7.194139,-100,7.37112,8423.120613,1.246556,6.459192,1304.051712,海口海关/海南省统计局/同花顺iFinD
2026-03,2026,3,36.215,53.7362,296.5026,,24.939195,21.414418,17.827713,,,6739.404722,2.903096,5.517744,1221.405816,海口海关/海南省统计局/同花顺iFinD
2026-04,2026,4,22.1618,38.0272,194.3057,,9.527528,9.258807,2.502075,,,5827.881096,0.245949,5.10965,1140.563555,海口海关/海南省统计局/同花顺iFinD
2026-05,2026,5,19.6443,32.5063,168.6376,,0.367867,-1.764571,-4.884067,,,6043.228543,2.170742,5.187844,1164.882565,海口海关/海南省统计局/同花顺iFinD
2026-06,2026,6,15.1033,26.7826,133.3221,,2.469588,1.848922,-4.924833,,,5639.220987,0.609399,4.977937,1132.842942,海口海关/海南省统计局/同花顺iFinD
2026-07,2026,7,16.8072,31.7601,168.8263,,7.437499,6.793972,3.281996,,,5291.922884,0.602588,5.315673,995.532094,海口海关/海南省统计局/同花顺iFinD
2026-08,2026,8,21.3928,37.2399,212.0737,,1.612091,0.811857,-1.87824,,,5744.591151,0.79379,5.694798,1008.743658,海口海关/海南省统计局/同花顺iFinD

