period_id,start_date,end_date,yoy_pct,amount_cny_100m,release_date,publisher,provider,indicator_id,source_url,amount_source_url
2017-02,2017-01-01,2017-02-28,-2.8,,,国家统计局,东方财富Choice,EMM01013000,https://choicew2z.eastmoney.com/dataDisplay/macroEDB/#/index?macroids=EMM01013000,
2017-03,2017-01-01,2017-03-31,-1.9,,,国家统计局,东方财富Choice,EMM01013000,https://choicew2z.eastmoney.com/dataDisplay/macroEDB/#/index?macroids=EMM01013000,
2017-04,2017-01-01,2017-04-30,-0.5,,,国家统计局,东方财富Choice,EMM01013000,https://choicew2z.eastmoney.com/dataDisplay/macroEDB/#/index?macroids=EMM01013000,
2017-05,2017-01-01,2017-05-31,3.2,,,国家统计局,东方财富Choice,EMM01013000,https://choicew2z.eastmoney.com/dataDisplay/macroEDB/#/index?macroids=EMM01013000,
2017-06,2017-01-01,2017-06-30,4.6,,,国家统计局,东方财富Choice,EMM01013000,https://choicew2z.eastmoney.com/dataDisplay/macroEDB/#/index?macroids=EMM01013000,
2017-07,2017-01-01,2017-07-31,5.1,,,国家统计局,东方财富Choice,EMM01013000,https://choicew2z.eastmoney.com/dataDisplay/macroEDB/#/index?macroids=EMM01013000,
2017-08,2017-01-01,2017-08-31,3,,,国家统计局,东方财富Choice,EMM01013000,https://choicew2z.eastmoney.com/dataDisplay/macroEDB/#/index?macroids=EMM01013000,
2017-09,2017-01-01,2017-09-30,4.4,,,国家统计局,东方财富Choice,EMM01013000,https://choicew2z.eastmoney.com/dataDisplay/macroEDB/#/index?macroids=EMM01013000,
2017-10,2017-01-01,2017-10-31,4.5,,,国家统计局,东方财富Choice,EMM01013000,https://choicew2z.eastmoney.com/dataDisplay/macroEDB/#/index?macroids=EMM01013000,
2017-11,2017-01-01,2017-11-30,4.1,,,国家统计局,东方财富Choice,EMM01013000,https://choicew2z.eastmoney.com/dataDisplay/macroEDB/#/index?macroids=EMM01013000,
2017-12,2017-01-01,2017-12-31,3.9,6107,,国家统计局,东方财富Choice,EMM01013000,https://choicew2z.eastmoney.com/dataDisplay/macroEDB/#/index?macroids=EMM01013000,https://www.stats.gov.cn/xxgk/sjfb/tjgb2020/201802/t20180228_1768641.html
2018-02,2018-01-01,2018-02-28,14.7,,,国家统计局,东方财富Choice,EMM01013000,https://choicew2z.eastmoney.com/dataDisplay/macroEDB/#/index?macroids=EMM01013000,
2018-03,2018-01-01,2018-03-31,12.3,,,国家统计局,东方财富Choice,EMM01013000,https://choicew2z.eastmoney.com/dataDisplay/macroEDB/#/index?macroids=EMM01013000,
2018-04,2018-01-01,2018-04-30,8.2,,,国家统计局,东方财富Choice,EMM01013000,https://choicew2z.eastmoney.com/dataDisplay/macroEDB/#/index?macroids=EMM01013000,
2018-05,2018-01-01,2018-05-31,0.4,,,国家统计局,东方财富Choice,EMM01013000,https://choicew2z.eastmoney.com/dataDisplay/macroEDB/#/index?macroids=EMM01013000,
2018-06,2018-01-01,2018-06-30,1.7,,,国家统计局,东方财富Choice,EMM01013000,https://choicew2z.eastmoney.com/dataDisplay/macroEDB/#/index?macroids=EMM01013000,
2018-07,2018-01-01,2018-07-31,0.7,,,国家统计局,东方财富Choice,EMM01013000,https://choicew2z.eastmoney.com/dataDisplay/macroEDB/#/index?macroids=EMM01013000,
2018-08,2018-01-01,2018-08-31,0.6,,,国家统计局,东方财富Choice,EMM01013000,https://choicew2z.eastmoney.com/dataDisplay/macroEDB/#/index?macroids=EMM01013000,
2018-09,2018-01-01,2018-09-30,-0.7,,,国家统计局,东方财富Choice,EMM01013000,https://choicew2z.eastmoney.com/dataDisplay/macroEDB/#/index?macroids=EMM01013000,
2018-10,2018-01-01,2018-10-31,-1.3,,,国家统计局,东方财富Choice,EMM01013000,https://choicew2z.eastmoney.com/dataDisplay/macroEDB/#/index?macroids=EMM01013000,
2018-11,2018-01-01,2018-11-30,-2.2,,,国家统计局,东方财富Choice,EMM01013000,https://choicew2z.eastmoney.com/dataDisplay/macroEDB/#/index?macroids=EMM01013000,
2018-12,2018-01-01,2018-12-31,-3.4,,,国家统计局,东方财富Choice,EMM01013000,https://choicew2z.eastmoney.com/dataDisplay/macroEDB/#/index?macroids=EMM01013000,
2019-02,2019-01-01,2019-02-28,-6.9,,,国家统计局,东方财富Choice,EMM01013000,https://choicew2z.eastmoney.com/dataDisplay/macroEDB/#/index?macroids=EMM01013000,
2019-03,2019-01-01,2019-03-31,-8.6,,,国家统计局,东方财富Choice,EMM01013000,https://choicew2z.eastmoney.com/dataDisplay/macroEDB/#/index?macroids=EMM01013000,
2019-04,2019-01-01,2019-04-30,-9,,,国家统计局,东方财富Choice,EMM01013000,https://choicew2z.eastmoney.com/dataDisplay/macroEDB/#/index?macroids=EMM01013000,
2019-05,2019-01-01,2019-05-31,-8.3,,,国家统计局,东方财富Choice,EMM01013000,https://choicew2z.eastmoney.com/dataDisplay/macroEDB/#/index?macroids=EMM01013000,
2019-06,2019-01-01,2019-06-30,-7.9,,,国家统计局,东方财富Choice,EMM01013000,https://choicew2z.eastmoney.com/dataDisplay/macroEDB/#/index?macroids=EMM01013000,
2019-07,2019-01-01,2019-07-31,-8.3,,,国家统计局,东方财富Choice,EMM01013000,https://choicew2z.eastmoney.com/dataDisplay/macroEDB/#/index?macroids=EMM01013000,
2019-08,2019-01-01,2019-08-31,-6.7,,,国家统计局,东方财富Choice,EMM01013000,https://choicew2z.eastmoney.com/dataDisplay/macroEDB/#/index?macroids=EMM01013000,
2019-09,2019-01-01,2019-09-30,-5.1,,,国家统计局,东方财富Choice,EMM01013000,https://choicew2z.eastmoney.com/dataDisplay/macroEDB/#/index?macroids=EMM01013000,
2019-10,2019-01-01,2019-10-31,-5,,,国家统计局,东方财富Choice,EMM01013000,https://choicew2z.eastmoney.com/dataDisplay/macroEDB/#/index?macroids=EMM01013000,
2019-11,2019-01-01,2019-11-30,-2,,,国家统计局,东方财富Choice,EMM01013000,https://choicew2z.eastmoney.com/dataDisplay/macroEDB/#/index?macroids=EMM01013000,
2019-12,2019-01-01,2019-12-31,-1.2,,,国家统计局,东方财富Choice,EMM01013000,https://choicew2z.eastmoney.com/dataDisplay/macroEDB/#/index?macroids=EMM01013000,
2020-02,2020-01-01,2020-02-29,-32,,,国家统计局,东方财富Choice,EMM01013000,https://choicew2z.eastmoney.com/dataDisplay/macroEDB/#/index?macroids=EMM01013000,
2020-03,2020-01-01,2020-03-31,-19.3,,,国家统计局,东方财富Choice,EMM01013000,https://choicew2z.eastmoney.com/dataDisplay/macroEDB/#/index?macroids=EMM01013000,
2020-04,2020-01-01,2020-04-30,-15.1,,,国家统计局,东方财富Choice,EMM01013000,https://choicew2z.eastmoney.com/dataDisplay/macroEDB/#/index?macroids=EMM01013000,
2020-05,2020-01-01,2020-05-31,-12.6,,,国家统计局,东方财富Choice,EMM01013000,https://choicew2z.eastmoney.com/dataDisplay/macroEDB/#/index?macroids=EMM01013000,
2020-06,2020-01-01,2020-06-30,-9.6,,,国家统计局,东方财富Choice,EMM01013000,https://choicew2z.eastmoney.com/dataDisplay/macroEDB/#/index?macroids=EMM01013000,
2020-07,2020-01-01,2020-07-31,-7.6,,,国家统计局,东方财富Choice,EMM01013000,https://choicew2z.eastmoney.com/dataDisplay/macroEDB/#/index?macroids=EMM01013000,
2020-08,2020-01-01,2020-08-31,-5.5,,,国家统计局,东方财富Choice,EMM01013000,https://choicew2z.eastmoney.com/dataDisplay/macroEDB/#/index?macroids=EMM01013000,
2020-09,2020-01-01,2020-09-30,-7.2,,,国家统计局,东方财富Choice,EMM01013000,https://choicew2z.eastmoney.com/dataDisplay/macroEDB/#/index?macroids=EMM01013000,
2020-10,2020-01-01,2020-10-31,-5.8,,,国家统计局,东方财富Choice,EMM01013000,https://choicew2z.eastmoney.com/dataDisplay/macroEDB/#/index?macroids=EMM01013000,
2020-11,2020-01-01,2020-11-30,-6.2,,,国家统计局,东方财富Choice,EMM01013000,https://choicew2z.eastmoney.com/dataDisplay/macroEDB/#/index?macroids=EMM01013000,
2020-12,2020-01-01,2020-12-31,-5.5,,,国家统计局,东方财富Choice,EMM01013000,https://choicew2z.eastmoney.com/dataDisplay/macroEDB/#/index?macroids=EMM01013000,
2021-02,2021-01-01,2021-02-28,27.4,,,国家统计局,东方财富Choice,EMM01013000,https://choicew2z.eastmoney.com/dataDisplay/macroEDB/#/index?macroids=EMM01013000,
2021-03,2021-01-01,2021-03-31,16.6,,,国家统计局,东方财富Choice,EMM01013000,https://choicew2z.eastmoney.com/dataDisplay/macroEDB/#/index?macroids=EMM01013000,
2021-04,2021-01-01,2021-04-30,13.8,,,国家统计局,东方财富Choice,EMM01013000,https://choicew2z.eastmoney.com/dataDisplay/macroEDB/#/index?macroids=EMM01013000,
2021-05,2021-01-01,2021-05-31,14.3,,,国家统计局,东方财富Choice,EMM01013000,https://choicew2z.eastmoney.com/dataDisplay/macroEDB/#/index?macroids=EMM01013000,
2021-06,2021-01-01,2021-06-30,11,,,国家统计局,东方财富Choice,EMM01013000,https://choicew2z.eastmoney.com/dataDisplay/macroEDB/#/index?macroids=EMM01013000,
2021-07,2021-01-01,2021-07-31,8.7,,,国家统计局,东方财富Choice,EMM01013000,https://choicew2z.eastmoney.com/dataDisplay/macroEDB/#/index?macroids=EMM01013000,
2021-08,2021-01-01,2021-08-31,5.7,,,国家统计局,东方财富Choice,EMM01013000,https://choicew2z.eastmoney.com/dataDisplay/macroEDB/#/index?macroids=EMM01013000,
2021-09,2021-01-01,2021-09-30,6.6,,,国家统计局,东方财富Choice,EMM01013000,https://choicew2z.eastmoney.com/dataDisplay/macroEDB/#/index?macroids=EMM01013000,
2021-10,2021-01-01,2021-10-31,6.2,,,国家统计局,东方财富Choice,EMM01013000,https://choicew2z.eastmoney.com/dataDisplay/macroEDB/#/index?macroids=EMM01013000,
2021-11,2021-01-01,2021-11-30,6.4,,,国家统计局,东方财富Choice,EMM01013000,https://choicew2z.eastmoney.com/dataDisplay/macroEDB/#/index?macroids=EMM01013000,
2021-12,2021-01-01,2021-12-31,6.6,,,国家统计局,东方财富Choice,EMM01013000,https://choicew2z.eastmoney.com/dataDisplay/macroEDB/#/index?macroids=EMM01013000,
2022-02,2022-01-01,2022-02-28,14.6,,,国家统计局,东方财富Choice,EMM01013000,https://choicew2z.eastmoney.com/dataDisplay/macroEDB/#/index?macroids=EMM01013000,
2022-03,2022-01-01,2022-03-31,16.2,,,国家统计局,东方财富Choice,EMM01013000,https://choicew2z.eastmoney.com/dataDisplay/macroEDB/#/index?macroids=EMM01013000,
2022-04,2022-01-01,2022-04-30,17.5,,,国家统计局,东方财富Choice,EMM01013000,https://choicew2z.eastmoney.com/dataDisplay/macroEDB/#/index?macroids=EMM01013000,
2022-05,2022-01-01,2022-05-31,16.7,,,国家统计局,东方财富Choice,EMM01013000,https://choicew2z.eastmoney.com/dataDisplay/macroEDB/#/index?macroids=EMM01013000,
2022-06,2022-01-01,2022-06-30,14,,,国家统计局,东方财富Choice,EMM01013000,https://choicew2z.eastmoney.com/dataDisplay/macroEDB/#/index?macroids=EMM01013000,
2022-07,2022-01-01,2022-07-31,14,,,国家统计局,东方财富Choice,EMM01013000,https://choicew2z.eastmoney.com/dataDisplay/macroEDB/#/index?macroids=EMM01013000,
2022-08,2022-01-01,2022-08-31,12.9,,,国家统计局,东方财富Choice,EMM01013000,https://choicew2z.eastmoney.com/dataDisplay/macroEDB/#/index?macroids=EMM01013000,
2022-09,2022-01-01,2022-09-30,11.6,,,国家统计局,东方财富Choice,EMM01013000,https://choicew2z.eastmoney.com/dataDisplay/macroEDB/#/index?macroids=EMM01013000,
2022-10,2022-01-01,2022-10-31,10.3,,,国家统计局,东方财富Choice,EMM01013000,https://choicew2z.eastmoney.com/dataDisplay/macroEDB/#/index?macroids=EMM01013000,
2022-11,2022-01-01,2022-11-30,8.1,,,国家统计局,东方财富Choice,EMM01013000,https://choicew2z.eastmoney.com/dataDisplay/macroEDB/#/index?macroids=EMM01013000,
2022-12,2022-01-01,2022-12-31,7.5,,,国家统计局,东方财富Choice,EMM01013000,https://choicew2z.eastmoney.com/dataDisplay/macroEDB/#/index?macroids=EMM01013000,
2023-02,2023-01-01,2023-02-28,7,,,国家统计局,东方财富Choice,EMM01013000,https://choicew2z.eastmoney.com/dataDisplay/macroEDB/#/index?macroids=EMM01013000,
2023-03,2023-01-01,2023-03-31,1.8,,,国家统计局,东方财富Choice,EMM01013000,https://choicew2z.eastmoney.com/dataDisplay/macroEDB/#/index?macroids=EMM01013000,
2023-04,2023-01-01,2023-04-30,0.3,,,国家统计局,东方财富Choice,EMM01013000,https://choicew2z.eastmoney.com/dataDisplay/macroEDB/#/index?macroids=EMM01013000,
2023-05,2023-01-01,2023-05-31,-1.4,,,国家统计局,东方财富Choice,EMM01013000,https://choicew2z.eastmoney.com/dataDisplay/macroEDB/#/index?macroids=EMM01013000,
2023-06,2023-01-01,2023-06-30,0.5,,,国家统计局,东方财富Choice,EMM01013000,https://choicew2z.eastmoney.com/dataDisplay/macroEDB/#/index?macroids=EMM01013000,
2023-07,2023-01-01,2023-07-31,1.6,,,国家统计局,东方财富Choice,EMM01013000,https://choicew2z.eastmoney.com/dataDisplay/macroEDB/#/index?macroids=EMM01013000,
2023-08,2023-01-01,2023-08-31,3.4,,,国家统计局,东方财富Choice,EMM01013000,https://choicew2z.eastmoney.com/dataDisplay/macroEDB/#/index?macroids=EMM01013000,
2023-09,2023-01-01,2023-09-30,5.5,,,国家统计局,东方财富Choice,EMM01013000,https://choicew2z.eastmoney.com/dataDisplay/macroEDB/#/index?macroids=EMM01013000,
2023-10,2023-01-01,2023-10-31,6.2,,,国家统计局,东方财富Choice,EMM01013000,https://choicew2z.eastmoney.com/dataDisplay/macroEDB/#/index?macroids=EMM01013000,
2023-11,2023-01-01,2023-11-30,7.9,,,国家统计局,东方财富Choice,EMM01013000,https://choicew2z.eastmoney.com/dataDisplay/macroEDB/#/index?macroids=EMM01013000,
2023-12,2023-01-01,2023-12-31,8.2,,,国家统计局,东方财富Choice,EMM01013000,https://choicew2z.eastmoney.com/dataDisplay/macroEDB/#/index?macroids=EMM01013000,
2024-02,2024-01-01,2024-02-29,19,,,国家统计局,东方财富Choice,EMM01013000,https://choicew2z.eastmoney.com/dataDisplay/macroEDB/#/index?macroids=EMM01013000,
2024-03,2024-01-01,2024-03-31,25.8,,,国家统计局,东方财富Choice,EMM01013000,https://choicew2z.eastmoney.com/dataDisplay/macroEDB/#/index?macroids=EMM01013000,
2024-04,2024-01-01,2024-04-30,29.6,,,国家统计局,东方财富Choice,EMM01013000,https://choicew2z.eastmoney.com/dataDisplay/macroEDB/#/index?macroids=EMM01013000,
2024-05,2024-01-01,2024-05-31,30.1,,,国家统计局,东方财富Choice,EMM01013000,https://choicew2z.eastmoney.com/dataDisplay/macroEDB/#/index?macroids=EMM01013000,
2024-06,2024-01-01,2024-06-30,36.3,,,国家统计局,东方财富Choice,EMM01013000,https://choicew2z.eastmoney.com/dataDisplay/macroEDB/#/index?macroids=EMM01013000,
2024-07,2024-01-01,2024-07-31,34.9,,,国家统计局,东方财富Choice,EMM01013000,https://choicew2z.eastmoney.com/dataDisplay/macroEDB/#/index?macroids=EMM01013000,
2024-08,2024-01-01,2024-08-31,34.5,,,国家统计局,东方财富Choice,EMM01013000,https://choicew2z.eastmoney.com/dataDisplay/macroEDB/#/index?macroids=EMM01013000,
2024-09,2024-01-01,2024-09-30,35.6,,,国家统计局,东方财富Choice,EMM01013000,https://choicew2z.eastmoney.com/dataDisplay/macroEDB/#/index?macroids=EMM01013000,
2024-10,2024-01-01,2024-10-31,33.5,,,国家统计局,东方财富Choice,EMM01013000,https://choicew2z.eastmoney.com/dataDisplay/macroEDB/#/index?macroids=EMM01013000,
2024-11,2024-01-01,2024-11-30,34.6,,,国家统计局,东方财富Choice,EMM01013000,https://choicew2z.eastmoney.com/dataDisplay/macroEDB/#/index?macroids=EMM01013000,
2024-12,2024-01-01,2024-12-31,34.1,,,国家统计局,东方财富Choice,EMM01013000,https://choicew2z.eastmoney.com/dataDisplay/macroEDB/#/index?macroids=EMM01013000,
2025-02,2025-01-01,2025-02-28,19.9,,,国家统计局,东方财富Choice,EMM01013000,https://choicew2z.eastmoney.com/dataDisplay/macroEDB/#/index?macroids=EMM01013000,
2025-03,2025-01-01,2025-03-31,23.3,,,国家统计局,东方财富Choice,EMM01013000,https://choicew2z.eastmoney.com/dataDisplay/macroEDB/#/index?macroids=EMM01013000,
2025-04,2025-01-01,2025-04-30,22,,,国家统计局,东方财富Choice,EMM01013000,https://choicew2z.eastmoney.com/dataDisplay/macroEDB/#/index?macroids=EMM01013000,
2025-05,2025-01-01,2025-05-31,24.8,,,国家统计局,东方财富Choice,EMM01013000,https://choicew2z.eastmoney.com/dataDisplay/macroEDB/#/index?macroids=EMM01013000,
2025-06,2025-01-01,2025-06-30,19.7,,,国家统计局,东方财富Choice,EMM01013000,https://choicew2z.eastmoney.com/dataDisplay/macroEDB/#/index?macroids=EMM01013000,
2025-07,2025-01-01,2025-07-31,18.6,,,国家统计局,东方财富Choice,EMM01013000,https://choicew2z.eastmoney.com/dataDisplay/macroEDB/#/index?macroids=EMM01013000,
2025-08,2025-01-01,2025-08-31,15.5,,,国家统计局,东方财富Choice,EMM01013000,https://choicew2z.eastmoney.com/dataDisplay/macroEDB/#/index?macroids=EMM01013000,
2025-09,2025-01-01,2025-09-30,13,,,国家统计局,东方财富Choice,EMM01013000,https://choicew2z.eastmoney.com/dataDisplay/macroEDB/#/index?macroids=EMM01013000,
2025-10,2025-01-01,2025-10-31,10.5,,,国家统计局,东方财富Choice,EMM01013000,https://choicew2z.eastmoney.com/dataDisplay/macroEDB/#/index?macroids=EMM01013000,
2025-11,2025-01-01,2025-11-30,7.1,,,国家统计局,东方财富Choice,EMM01013000,https://choicew2z.eastmoney.com/dataDisplay/macroEDB/#/index?macroids=EMM01013000,
2025-12,2025-01-01,2025-12-31,5.5,,,国家统计局,东方财富Choice,EMM01013000,https://choicew2z.eastmoney.com/dataDisplay/macroEDB/#/index?macroids=EMM01013000,
2026-02,2026-01-01,2026-02-28,1.5,,,国家统计局,东方财富Choice,EMM01013000,https://choicew2z.eastmoney.com/dataDisplay/macroEDB/#/index?macroids=EMM01013000,
2026-03,2026-01-01,2026-03-31,-1.3,,,国家统计局,东方财富Choice,EMM01013000,https://choicew2z.eastmoney.com/dataDisplay/macroEDB/#/index?macroids=EMM01013000,
2026-04,2026-01-01,2026-04-30,-3.9,,,国家统计局,东方财富Choice,EMM01013000,https://choicew2z.eastmoney.com/dataDisplay/macroEDB/#/index?macroids=EMM01013000,
2026-05,2026-01-01,2026-05-31,-9.7,,,国家统计局,东方财富Choice,EMM01013000,https://choicew2z.eastmoney.com/dataDisplay/macroEDB/#/index?macroids=EMM01013000,
2026-06,2026-01-01,2026-06-30,-13,,,国家统计局,东方财富Choice,EMM01013000,https://choicew2z.eastmoney.com/dataDisplay/macroEDB/#/index?macroids=EMM01013000,
2026-07,2026-01-01,2026-07-31,-13.9,,,国家统计局,东方财富Choice,EMM01013000,https://choicew2z.eastmoney.com/dataDisplay/macroEDB/#/index?macroids=EMM01013000,
2026-08,2026-01-01,2026-08-31,-15.1,,,国家统计局,东方财富Choice,EMM01013000,https://choicew2z.eastmoney.com/dataDisplay/macroEDB/#/index?macroids=EMM01013000,
