period_id,year,week,start_date,end_date,group,region,hotel_count,room_count,price_index,heat_index,stay_price_index,stay_heat_index,adr,stay_adr,source
2024W01,2024,1,2024-01-01,2024-01-07,华住,全国,9052,886559,1.11,2.92,1.09,2.85,250.82,245.29,酒店之家
2024W02,2024,2,2024-01-08,2024-01-14,华住,全国,9085,889796,1.17,3.28,1.14,3.25,258.99,251.7,酒店之家
2024W03,2024,3,2024-01-15,2024-01-21,华住,全国,9114,892542,1.19,3.26,1.17,3.23,266.24,260.34,酒店之家
2024W04,2024,4,2024-01-22,2024-01-28,华住,全国,9162,897162,1.2,3.22,1.2,3.23,266.97,263.73,酒店之家
2024W05,2024,5,2024-01-29,2024-02-04,华住,全国,9235,904866,1.23,3.3,1.19,3.22,271.94,260.46,酒店之家
2024W06,2024,6,2024-02-05,2024-02-11,华住,全国,9375,918116,1.31,2.66,1.33,2.71,290.77,294.35,酒店之家
2024W07,2024,7,2024-02-12,2024-02-18,华住,全国,9385,918872,1.25,3.79,1.35,4.19,286.02,307.42,酒店之家
2024W08,2024,8,2024-02-19,2024-02-25,华住,全国,9390,920508,1.09,3.52,1.09,3.65,249.6,247.6,酒店之家
2024W09,2024,9,2024-02-26,2024-03-03,华住,全国,9389,919552,1.19,3.6,1.16,3.59,261,256.11,酒店之家
2024W10,2024,10,2024-03-04,2024-03-10,华住,全国,9411,921676,1.21,3.53,1.2,3.43,273.69,269.63,酒店之家
2024W11,2024,11,2024-03-11,2024-03-17,华住,全国,9409,922333,1.23,3.66,1.22,3.57,278.75,274.88,酒店之家
2024W12,2024,12,2024-03-18,2024-03-24,华住,全国,9413,922987,1.31,3.56,1.29,3.33,287.67,282.43,酒店之家
2024W13,2024,13,2024-03-25,2024-03-31,华住,全国,9454,926953,1.3,3.75,1.3,3.68,296.67,294.1,酒店之家
2024W14,2024,14,2024-04-01,2024-04-07,华住,全国,9473,928970,1.38,4.15,1.36,4.29,296.59,293.43,酒店之家
2024W15,2024,15,2024-04-08,2024-04-14,华住,全国,9492,930602,1.36,4.37,1.33,4.28,307.14,300.58,酒店之家
2024W16,2024,16,2024-04-15,2024-04-21,华住,全国,9516,933307,1.37,4.53,1.39,4.38,313.86,303.87,酒店之家
2024W17,2024,17,2024-04-22,2024-04-28,华住,全国,9582,939532,1.4,4.08,1.36,3.86,312.88,295.72,酒店之家
2024W18,2024,18,2024-04-29,2024-05-05,华住,全国,9675,948860,1.55,4.61,1.71,5.78,347.5,371.11,酒店之家
2024W19,2024,19,2024-05-06,2024-05-12,华住,全国,9685,950466,1.25,3.95,1.24,3.86,278.31,273.2,酒店之家
2024W20,2024,20,2024-05-13,2024-05-19,华住,全国,9701,952408,1.28,3.8,1.29,3.89,288.9,289.03,酒店之家
2024W21,2024,21,2024-05-20,2024-05-26,华住,全国,9727,955018,1.23,3.59,1.23,3.6,277.52,278.4,酒店之家
2024W22,2024,22,2024-05-27,2024-06-02,华住,全国,9756,958236,1.22,3.67,1.22,3.49,273.12,269.78,酒店之家
2024W23,2024,23,2024-06-03,2024-06-09,华住,全国,9791,962155,1.25,3.71,1.3,4.09,282.07,284.83,酒店之家
2024W24,2024,24,2024-06-10,2024-06-16,华住,全国,9816,964544,1.23,3.85,1.22,3.81,274.91,269.74,酒店之家
2024W25,2024,25,2024-06-17,2024-06-23,华住,全国,9847,967499,1.24,3.8,1.24,3.83,283.31,281.03,酒店之家
2024W26,2024,26,2024-06-24,2024-06-30,华住,全国,9860,968758,1.25,3.82,1.23,3.78,285.93,280.52,酒店之家
2024W27,2024,27,2024-07-01,2024-07-07,华住,全国,9910,974630,1.32,3.9,1.33,3.87,296.64,291.67,酒店之家
2024W28,2024,28,2024-07-08,2024-07-14,华住,全国,9954,979123,1.35,4.3,1.4,4.36,309.07,306.22,酒店之家
2024W29,2024,29,2024-07-15,2024-07-21,华住,全国,10008,984604,1.41,4.23,1.43,4.33,314.02,313.58,酒店之家
2024W30,2024,30,2024-07-22,2024-07-28,华住,全国,10048,988901,1.36,4.45,1.42,4.44,311.77,310.74,酒店之家
2024W31,2024,31,2024-07-29,2024-08-04,华住,全国,10108,994376,1.37,4.45,1.43,4.44,314.39,314.37,酒店之家
2024W32,2024,32,2024-08-05,2024-08-11,华住,全国,10158,999179,1.4,4.54,1.49,4.65,320.84,325.95,酒店之家
2024W33,2024,33,2024-08-12,2024-08-18,华住,全国,10198,1002784,1.42,4.5,1.46,4.55,314.57,319.53,酒店之家
2024W34,2024,34,2024-08-19,2024-08-25,华住,全国,10238,1006060,1.34,3.54,1.42,3.84,297.47,309.1,酒店之家
2024W35,2024,35,2024-08-26,2024-09-01,华住,全国,10258,1008452,1.2,3.22,1.27,3.42,273.62,277.8,酒店之家
2024W36,2024,36,2024-09-02,2024-09-08,华住,全国,10281,1011070,1.19,3.35,1.21,3.44,266.81,265.36,酒店之家
2024W37,2024,37,2024-09-09,2024-09-15,华住,全国,10323,1015761,1.18,3.08,1.21,3.2,266.48,265.73,酒店之家
2024W38,2024,38,2024-09-16,2024-09-22,华住,全国,10352,1018764,1.18,3.35,1.16,3.15,268.53,254.4,酒店之家
2024W39,2024,39,2024-09-23,2024-09-29,华住,全国,10432,1026457,1.3,3.33,1.19,2.89,287.95,261.29,酒店之家
2024W40,2024,40,2024-09-30,2024-10-06,华住,全国,10549,1037491,1.44,3.72,1.59,4.69,327.25,349.31,酒店之家
2024W41,2024,41,2024-10-07,2024-10-13,华住,全国,10531,1036533,1.15,3.22,1.14,3.1,257.55,251.1,酒店之家
2024W42,2024,42,2024-10-14,2024-10-20,华住,全国,10541,1037791,1.2,3.39,1.23,3.46,268.3,269.45,酒店之家
2024W43,2024,43,2024-10-21,2024-10-27,华住,全国,10565,1040407,1.19,3.21,1.23,3.29,268.76,269.99,酒店之家
2024W44,2024,44,2024-10-28,2024-11-03,华住,全国,10575,1041997,1.2,3.17,1.21,3.19,262.84,262.11,酒店之家
2024W45,2024,45,2024-11-04,2024-11-10,华住,全国,10585,1043742,1.19,3.44,1.21,3.43,261.8,262.05,酒店之家
2024W46,2024,46,2024-11-11,2024-11-17,华住,全国,10602,1045838,1.14,3.51,1.19,3.5,260.27,260.16,酒店之家
2024W47,2024,47,2024-11-18,2024-11-24,华住,全国,10623,1048084,1.14,3.46,1.18,3.45,259.01,257.97,酒店之家
2024W48,2024,48,2024-11-25,2024-12-01,华住,全国,10635,1049770,1.14,3.53,1.18,3.47,257.58,257.6,酒店之家
2024W49,2024,49,2024-12-02,2024-12-08,华住,全国,10668,1053180,1.16,3.79,1.16,3.6,257.68,256.34,酒店之家
2024W50,2024,50,2024-12-09,2024-12-15,华住,全国,10697,1056560,1.18,3.59,1.15,3.09,258.68,252.94,酒店之家
2024W51,2024,51,2024-12-16,2024-12-22,华住,全国,10722,1059326,1.17,3.56,1.19,3.48,255.33,258.8,酒店之家
2024W52,2024,52,2024-12-23,2024-12-29,华住,全国,10733,1060604,1.13,3.86,1.14,3.46,254.04,251.63,酒店之家
2025W01,2025,1,2024-12-30,2025-01-05,华住,全国,10802,1067168,1.14,3.92,1.14,3.91,251.92,249.2,酒店之家
2025W02,2025,2,2025-01-06,2025-01-12,华住,全国,10864,1073295,1.05,3.6,1.13,3.41,257.02,248.72,酒店之家
2025W03,2025,3,2025-01-13,2025-01-19,华住,全国,10925,1079095,1.08,3.81,1.18,3.69,265.1,258.25,酒店之家
2025W04,2025,4,2025-01-20,2025-01-26,华住,全国,11053,1091309,1.11,3.9,1.15,3.6,268.55,252.9,酒店之家
2025W05,2025,5,2025-01-27,2025-02-02,华住,全国,11144,1099864,1.33,4.1,1.6,4.25,321.04,348.12,酒店之家
2025W06,2025,6,2025-02-03,2025-02-09,华住,全国,11038,1089503,1.04,5.11,1.2,5.05,257.66,262.86,酒店之家
2025W07,2025,7,2025-02-10,2025-02-16,华住,全国,11184,1102989,1.05,4.64,1.15,4.59,256.07,253.69,酒店之家
2025W08,2025,8,2025-02-17,2025-02-23,华住,全国,11192,1103460,1.08,4.45,1.19,4.34,262.71,259.95,酒店之家
2025W09,2025,9,2025-02-24,2025-03-02,华住,全国,11195,1104026,1.06,3.89,1.19,3.87,260.96,258.75,酒店之家
2025W10,2025,10,2025-03-03,2025-03-09,华住,全国,11199,1104469,1.07,3.92,1.18,3.69,261.36,257.46,酒店之家
2025W11,2025,11,2025-03-10,2025-03-16,华住,全国,11232,1107991,1.07,4.15,1.19,3.93,267.48,260.94,酒店之家
2025W12,2025,12,2025-03-17,2025-03-23,华住,全国,11256,1110526,1.12,3.83,1.25,3.62,278.06,273.96,酒店之家
2025W13,2025,13,2025-03-24,2025-03-30,华住,全国,11283,1112789,1.14,3.83,1.25,3.73,280.25,275.09,酒店之家
2025W14,2025,14,2025-03-31,2025-04-06,华住,全国,11317,1116018,1.16,3.55,1.3,3.58,283.1,280.74,酒店之家
2025W15,2025,15,2025-04-07,2025-04-13,华住,全国,11332,1117481,1.16,4.05,1.25,3.78,286.89,275.55,酒店之家
2025W16,2025,16,2025-04-14,2025-04-20,华住,全国,11365,1120479,1.24,4,1.31,3.61,304.93,286.69,酒店之家
2025W17,2025,17,2025-04-21,2025-04-27,华住,全国,11419,1126166,1.27,4.15,1.3,3.48,314.33,283.17,酒店之家
2025W18,2025,18,2025-04-28,2025-05-04,华住,全国,11540,1136741,1.45,5.62,1.76,6.35,364.45,384.06,酒店之家
2025W19,2025,19,2025-05-05,2025-05-11,华住,全国,11541,1137383,1.12,4.66,1.22,4.34,273.9,265.75,酒店之家
2025W20,2025,20,2025-05-12,2025-05-18,华住,全国,11559,1139094,1.18,4.32,1.29,4.03,285.23,279.64,酒店之家
2025W21,2025,21,2025-05-19,2025-05-25,华住,全国,11580,1141541,1.17,4.15,1.28,3.78,286.35,278.21,酒店之家
2025W22,2025,22,2025-05-26,2025-06-01,华住,全国,11629,1146143,1.16,4.28,1.3,4.14,287.54,284.24,酒店之家
2025W23,2025,23,2025-06-02,2025-06-08,华住,全国,11651,1148366,1.11,4.31,1.24,4.24,274.26,272.04,酒店之家
2025W24,2025,24,2025-06-09,2025-06-15,华住,全国,11681,1151258,1.16,4.61,1.27,4.34,283.19,275.67,酒店之家
2025W25,2025,25,2025-06-16,2025-06-22,华住,全国,11717,1155052,1.18,4.23,1.28,4.08,287.27,279.88,酒店之家
2025W26,2025,26,2025-06-23,2025-06-29,华住,全国,11755,1159232,1.19,4.67,1.31,4.47,295.56,287.4,酒店之家
2025W27,2025,27,2025-06-30,2025-07-06,华住,全国,11793,1163242,1.22,4.52,1.34,4.25,303.44,293.52,酒店之家
2025W28,2025,28,2025-07-07,2025-07-13,华住,全国,11852,1169131,1.28,4.73,1.41,4.54,316.6,309.49,酒店之家
2025W29,2025,29,2025-07-14,2025-07-20,华住,全国,11918,1175810,1.28,4.95,1.43,4.74,320.44,314.59,酒店之家
2025W30,2025,30,2025-07-21,2025-07-27,华住,全国,11970,1181065,1.33,5.05,1.46,4.73,326.29,318.85,酒店之家
2025W31,2025,31,2025-07-28,2025-08-03,华住,全国,12006,1184329,1.34,5.32,1.48,4.84,331.83,324.13,酒店之家
2025W32,2025,32,2025-08-04,2025-08-10,华住,全国,12051,1189332,1.38,5.6,1.55,5.34,340.13,340.36,酒店之家
2025W33,2025,33,2025-08-11,2025-08-17,华住,全国,12105,1193530,1.36,5.2,1.57,5.05,333.62,341.79,酒店之家
2025W34,2025,34,2025-08-18,2025-08-24,华住,全国,12132,1195829,1.28,5.12,1.49,5.05,319.72,327.35,酒店之家
2025W35,2025,35,2025-08-25,2025-08-31,华住,全国,12142,1197578,1.17,4.81,1.34,4.82,294.03,294.44,酒店之家
2025W36,2025,36,2025-09-01,2025-09-07,华住,全国,12160,1199574,1.19,4.69,1.15,4.49,289.4,279.28,酒店之家
2025W37,2025,37,2025-09-08,2025-09-14,华住,全国,12187,1202269,1.22,4.96,1.18,4.59,298.29,285.6,酒店之家
2025W38,2025,38,2025-09-15,2025-09-21,华住,全国,12204,1204295,1.26,5.06,1.18,4.4,313.67,289.98,酒店之家
2025W39,2025,39,2025-09-22,2025-09-28,华住,全国,12280,1212781,1.28,5,1.13,4.07,318.58,277.37,酒店之家
2025W40,2025,40,2025-09-29,2025-10-05,华住,全国,12423,1226558,1.5,6.26,1.62,7.41,377.59,403.69,酒店之家
2025W41,2025,41,2025-10-06,2025-10-12,华住,全国,12393,1223651,1.08,4.71,1.07,4.58,271.23,266.8,酒店之家
2025W42,2025,42,2025-10-13,2025-10-19,华住,全国,12383,1222968,1.18,4.81,1.18,4.71,288.13,285.39,酒店之家
2025W43,2025,43,2025-10-20,2025-10-26,华住,全国,12395,1224152,1.16,4.77,1.17,4.72,288.46,289.23,酒店之家
2025W44,2025,44,2025-10-27,2025-11-02,华住,全国,12398,1225653,1.15,4.59,1.15,4.47,282.54,281.41,酒店之家
2025W45,2025,45,2025-11-03,2025-11-09,华住,全国,12400,1226096,1.13,4.84,1.13,4.61,281.64,279.01,酒店之家
2025W46,2025,46,2025-11-10,2025-11-16,华住,全国,12416,1227992,1.12,4.65,1.14,4.57,281.41,283.11,酒店之家
2025W47,2025,47,2025-11-17,2025-11-23,华住,全国,12431,1229632,1.1,4.78,1.1,4.57,278.44,276.18,酒店之家
2025W48,2025,48,2025-11-24,2025-11-30,华住,全国,12439,1230607,1.09,4.47,1.09,4.27,276.24,274.37,酒店之家
2025W49,2025,49,2025-12-01,2025-12-07,华住,全国,12436,1230548,1.11,4.57,1.1,4.22,273.64,269.89,酒店之家
2025W50,2025,50,2025-12-08,2025-12-14,华住,全国,12454,1231618,1.12,5.07,1.08,4.25,276.6,265.32,酒店之家
2025W51,2025,51,2025-12-15,2025-12-21,华住,全国,12474,1233982,1.1,4.92,1.09,4.66,279.18,274.85,酒店之家
2025W52,2025,52,2025-12-22,2025-12-28,华住,全国,12493,1236539,1.12,5.08,1.1,4.58,277.41,270.4,酒店之家
2026W01,2026,1,2025-12-29,2026-01-04,华住,全国,12558,1243521,1.13,4.73,1.17,5.63,279.89,286.52,酒店之家
2026W02,2026,2,2026-01-05,2026-01-11,华住,全国,12571,1245140,1.08,4.87,1.04,4.53,268.78,258.59,酒店之家
2026W03,2026,3,2026-01-12,2026-01-18,华住,全国,12583,1246348,1.1,5.2,1.06,4.88,274.99,262.06,酒店之家
2026W04,2026,4,2026-01-19,2026-01-25,华住,全国,12582,1246485,1.15,5.36,1.08,4.67,284.24,264.84,酒店之家
2026W05,2026,5,2026-01-26,2026-02-01,华住,全国,12612,1249782,1.17,5.72,1.11,4.99,289.82,272.16,酒店之家
2026W06,2026,6,2026-02-02,2026-02-08,华住,全国,12662,1255455,1.2,5.44,1.14,5.16,296.95,279.83,酒店之家
2026W07,2026,7,2026-02-09,2026-02-15,华住,全国,12817,1270931,1.2,4.9,1.11,4.67,297.11,274.12,酒店之家
2026W08,2026,8,2026-02-16,2026-02-22,华住,全国,12859,1275197,1.37,5.44,1.54,6.43,344.35,387.67,酒店之家
2026W09,2026,9,2026-02-23,2026-03-01,华住,全国,12866,1275620,1.07,5.85,1.07,5.84,263.05,259.64,酒店之家
2026W10,2026,10,2026-03-02,2026-03-08,华住,全国,12863,1275070,1.08,6.17,1.03,5.54,272.2,257.81,酒店之家
2026W11,2026,11,2026-03-09,2026-03-15,华住,全国,12867,1275235,1.15,6.11,1.12,5.66,284.55,275.08,酒店之家
2026W12,2026,12,2026-03-16,2026-03-22,华住,全国,12883,1277079,1.16,5.7,1.12,5.15,294.37,282.28,酒店之家
2026W13,2026,13,2026-03-23,2026-03-29,华住,全国,12909,1279714,1.18,5.95,1.14,5.6,299.62,289,酒店之家
2026W14,2026,14,2026-03-30,2026-04-05,华住,全国,12945,1283013,1.21,4.64,1.25,4.95,305.94,311.2,酒店之家
2026W15,2026,15,2026-04-06,2026-04-12,华住,全国,12960,1284274,1.15,5.17,1.1,4.7,297.57,281.04,酒店之家
2026W16,2026,16,2026-04-13,2026-04-19,华住,全国,12976,1285416,1.31,5.28,1.21,4.66,324.48,300.92,酒店之家
2026W17,2026,17,2026-04-20,2026-04-26,华住,全国,13017,1289381,1.31,5.34,1.2,4.64,331.04,301.03,酒店之家
2026W18,2026,18,2026-04-27,2026-05-03,华住,全国,13130,1300329,1.45,4.97,1.59,6.14,361.72,392.29,酒店之家
2026W19,2026,19,2026-05-04,2026-05-10,华住,全国,13129,1300023,1.08,4.27,1.05,4.11,278.77,271.09,酒店之家
2026W20,2026,20,2026-05-11,2026-05-17,华住,全国,13140,1301552,1.15,4.51,1.14,4.32,292.3,288.53,酒店之家
2026W21,2026,21,2026-05-18,2026-05-24,华住,全国,13156,1303402,1.13,4.38,1.11,4.17,291.93,285.38,酒店之家
2026W22,2026,22,2026-05-25,2026-05-31,华住,全国,13160,1304418,1.13,4.77,1.11,4.45,291.41,283.29,酒店之家
2026W23,2026,23,2026-06-01,2026-06-07,华住,全国,13175,1306232,1.13,4.84,1.12,4.62,287.6,282.8,酒店之家
2026W24,2026,24,2026-06-08,2026-06-14,华住,全国,13195,1308474,1.17,4.4,1.14,4.1,292.88,282.45,酒店之家
2026W25,2026,25,2026-06-15,2026-06-21,华住,全国,13226,1311231,1.15,4.41,1.15,4.6,296.53,292.03,酒店之家
2026W26,2026,26,2026-06-22,2026-06-28,华住,全国,13245,1313421,1.16,4.47,1.13,4.28,300.92,289.55,酒店之家
2026W27,2026,27,2026-06-29,2026-07-05,华住,全国,13273,1316453,1.23,4.29,1.19,4.01,307.43,294.08,酒店之家
2026W28,2026,28,2026-07-06,2026-07-12,华住,全国,13305,1319645,1.23,4.31,1.2,4.22,314.86,306.87,酒店之家
2026W29,2026,29,2026-07-13,2026-07-19,华住,全国,13350,1324088,1.28,4.54,1.27,4.47,324.01,318.13,酒店之家
2026W30,2026,30,2026-07-20,2026-07-26,华住,全国,13390,1328156,1.3,4.69,1.28,4.54,329.19,322,酒店之家
2026W31,2026,31,2026-07-27,2026-08-02,华住,全国,13428,1332235,1.31,4.65,1.29,4.45,334.86,329.27,酒店之家
2024W01,2024,1,2024-01-01,2024-01-07,首旅如家,全国,5885,441319,1.03,1.22,1.01,1.15,180.73,176.85,酒店之家
2024W02,2024,2,2024-01-08,2024-01-14,首旅如家,全国,5924,445798,1.04,1.39,1,1.33,187.95,181.22,酒店之家
2024W03,2024,3,2024-01-15,2024-01-21,首旅如家,全国,5938,446643,1.07,1.25,1.04,1.21,191.51,186.73,酒店之家
2024W04,2024,4,2024-01-22,2024-01-28,首旅如家,全国,5944,446549,1.1,1.32,1.08,1.31,194,191.71,酒店之家
2024W05,2024,5,2024-01-29,2024-02-04,首旅如家,全国,5956,446863,1.06,1.32,1.02,1.31,191.96,186.33,酒店之家
2024W06,2024,6,2024-02-05,2024-02-11,首旅如家,全国,5977,448184,1.2,0.98,1.21,0.96,216.95,220.31,酒店之家
2024W07,2024,7,2024-02-12,2024-02-18,首旅如家,全国,5990,449286,1.23,1.58,1.33,1.67,222.51,239.52,酒店之家
2024W08,2024,8,2024-02-19,2024-02-25,首旅如家,全国,5990,449044,1.03,1.47,1.03,1.47,181.77,181.63,酒店之家
2024W09,2024,9,2024-02-26,2024-03-03,首旅如家,全国,5971,447150,1.03,1.7,1.01,1.68,185.86,182.43,酒店之家
2024W10,2024,10,2024-03-04,2024-03-10,首旅如家,全国,5979,447751,1.06,1.52,1.04,1.45,191.91,188.46,酒店之家
2024W11,2024,11,2024-03-11,2024-03-17,首旅如家,全国,5988,447980,1.11,1.5,1.08,1.42,197.49,193.95,酒店之家
2024W12,2024,12,2024-03-18,2024-03-24,首旅如家,全国,5987,447935,1.16,1.54,1.13,1.39,203.3,199.13,酒店之家
2024W13,2024,13,2024-03-25,2024-03-31,首旅如家,全国,5988,447529,1.15,1.61,1.15,1.56,204.04,205.11,酒店之家
2024W14,2024,14,2024-04-01,2024-04-07,首旅如家,全国,5995,448103,1.17,1.54,1.16,1.63,208.52,207.99,酒店之家
2024W15,2024,15,2024-04-08,2024-04-14,首旅如家,全国,6001,448196,1.19,1.9,1.15,1.81,211.1,205,酒店之家
2024W16,2024,16,2024-04-15,2024-04-21,首旅如家,全国,6003,448204,1.22,1.78,1.15,1.65,215.62,204.21,酒店之家
2024W17,2024,17,2024-04-22,2024-04-28,首旅如家,全国,6045,450479,1.19,1.74,1.11,1.61,212.61,198.16,酒店之家
2024W18,2024,18,2024-04-29,2024-05-05,首旅如家,全国,6076,452239,1.45,1.82,1.55,2.26,258.76,277.43,酒店之家
2024W19,2024,19,2024-05-06,2024-05-12,首旅如家,全国,6078,452166,1.04,1.65,1.01,1.54,186.78,182.85,酒店之家
2024W20,2024,20,2024-05-13,2024-05-19,首旅如家,全国,6084,451602,1.09,1.86,1.09,1.82,195.97,196.24,酒店之家
2024W21,2024,21,2024-05-20,2024-05-26,首旅如家,全国,6081,451080,1.07,1.88,1.06,1.84,194.41,193.38,酒店之家
2024W22,2024,22,2024-05-27,2024-06-02,首旅如家,全国,6090,451779,1.05,1.67,1.03,1.55,190.66,187.7,酒店之家
2024W23,2024,23,2024-06-03,2024-06-09,首旅如家,全国,6087,451997,1.11,1.68,1.13,1.83,197.31,200.03,酒店之家
2024W24,2024,24,2024-06-10,2024-06-16,首旅如家,全国,6103,453323,1.06,1.82,1.03,1.75,192.37,188.33,酒店之家
2024W25,2024,25,2024-06-17,2024-06-23,首旅如家,全国,6110,453848,1.09,1.77,1.08,1.78,196.7,194.86,酒店之家
2024W26,2024,26,2024-06-24,2024-06-30,首旅如家,全国,6140,455227,1.13,1.76,1.11,1.72,201.8,198.29,酒店之家
2024W27,2024,27,2024-07-01,2024-07-07,首旅如家,全国,6164,456578,1.19,1.86,1.17,1.82,213.78,210.55,酒店之家
2024W28,2024,28,2024-07-08,2024-07-14,首旅如家,全国,6182,457467,1.25,1.77,1.24,1.77,221.05,219.8,酒店之家
2024W29,2024,29,2024-07-15,2024-07-21,首旅如家,全国,6212,459101,1.26,1.69,1.26,1.68,227.21,226.9,酒店之家
2024W30,2024,30,2024-07-22,2024-07-28,首旅如家,全国,6230,460701,1.26,1.79,1.24,1.74,229.56,227.79,酒店之家
2024W31,2024,31,2024-07-29,2024-08-04,首旅如家,全国,6228,460478,1.33,1.91,1.31,1.83,235.15,233.78,酒店之家
2024W32,2024,32,2024-08-05,2024-08-11,首旅如家,全国,6245,461439,1.37,2.11,1.39,2.06,243.5,246.49,酒店之家
2024W33,2024,33,2024-08-12,2024-08-18,首旅如家,全国,6260,462099,1.31,2.06,1.33,1.99,231.69,235.59,酒店之家
2024W34,2024,34,2024-08-19,2024-08-25,首旅如家,全国,6275,463013,1.2,1.87,1.23,1.91,217.43,224.18,酒店之家
2024W35,2024,35,2024-08-26,2024-09-01,首旅如家,全国,6284,463440,1.11,1.63,1.13,1.68,196.59,199.92,酒店之家
2024W36,2024,36,2024-09-02,2024-09-08,首旅如家,全国,6299,464562,1.04,1.7,1.04,1.71,189.64,189.67,酒店之家
2024W37,2024,37,2024-09-09,2024-09-15,首旅如家,全国,6320,466346,1.07,1.55,1.06,1.56,189.95,188.23,酒店之家
2024W38,2024,38,2024-09-16,2024-09-22,首旅如家,全国,6335,467576,1.1,1.52,1.04,1.43,192.52,183.36,酒店之家
2024W39,2024,39,2024-09-23,2024-09-29,首旅如家,全国,6386,470696,1.12,1.54,1.02,1.37,200.56,181.82,酒店之家
2024W40,2024,40,2024-09-30,2024-10-06,首旅如家,全国,6405,472093,1.42,1.57,1.52,1.93,252.76,268.69,酒店之家
2024W41,2024,41,2024-10-07,2024-10-13,首旅如家,全国,6382,470784,1,1.52,0.97,1.4,179.52,175.29,酒店之家
2024W42,2024,42,2024-10-14,2024-10-20,首旅如家,全国,6371,469777,1.02,1.86,1.01,1.84,185.82,185.12,酒店之家
2024W43,2024,43,2024-10-21,2024-10-27,首旅如家,全国,6367,469230,1.04,1.75,1.04,1.75,184.05,184.37,酒店之家
2024W44,2024,44,2024-10-28,2024-11-03,首旅如家,全国,6368,468681,0.99,1.68,0.99,1.63,180.45,180.43,酒店之家
2024W45,2024,45,2024-11-04,2024-11-10,首旅如家,全国,6376,469032,1.01,1.74,1.01,1.69,180.72,179.88,酒店之家
2024W46,2024,46,2024-11-11,2024-11-17,首旅如家,全国,6367,467990,1.02,1.84,1.01,1.78,179.78,179.44,酒店之家
2024W47,2024,47,2024-11-18,2024-11-24,首旅如家,全国,6383,468726,1.02,1.83,1,1.79,178.89,177.68,酒店之家
2024W48,2024,48,2024-11-25,2024-12-01,首旅如家,全国,6405,469322,1.03,1.96,1.02,1.87,180.65,180.62,酒店之家
2024W49,2024,49,2024-12-02,2024-12-08,首旅如家,全国,6416,469651,1.02,2.13,1,1.94,178.31,176.47,酒店之家
2024W50,2024,50,2024-12-09,2024-12-15,首旅如家,全国,6430,470597,1.01,2.28,0.96,1.94,177.56,173.18,酒店之家
2024W51,2024,51,2024-12-16,2024-12-22,首旅如家,全国,6446,471413,1.02,1.94,1.01,1.87,180.23,182.76,酒店之家
2024W52,2024,52,2024-12-23,2024-12-29,首旅如家,全国,6476,473371,1.01,1.97,0.98,1.76,178.82,177.65,酒店之家
2025W01,2025,1,2024-12-30,2025-01-05,首旅如家,全国,6508,475261,1.03,1.78,1.01,1.82,184.36,183.62,酒店之家
2025W02,2025,2,2025-01-06,2025-01-12,首旅如家,全国,6534,476212,1.06,1.73,1.03,1.66,182.2,178.52,酒店之家
2025W03,2025,3,2025-01-13,2025-01-19,首旅如家,全国,6555,477577,1.09,1.67,1.07,1.6,182.88,182.21,酒店之家
2025W04,2025,4,2025-01-20,2025-01-26,首旅如家,全国,6587,479586,1.02,1.53,0.96,1.45,184.4,179.25,酒店之家
2025W05,2025,5,2025-01-27,2025-02-02,首旅如家,全国,6599,480362,1.27,1.66,1.36,1.61,234.16,249.61,酒店之家
2025W06,2025,6,2025-02-03,2025-02-09,首旅如家,全国,6555,477312,1.04,2.23,1.05,2.08,188.6,191.74,酒店之家
2025W07,2025,7,2025-02-10,2025-02-16,首旅如家,全国,6625,481735,0.97,2.12,0.96,2.02,179.9,179.22,酒店之家
2025W08,2025,8,2025-02-17,2025-02-23,首旅如家,全国,6631,482163,1.06,2.06,1.04,1.99,180.03,179.13,酒店之家
2025W09,2025,9,2025-02-24,2025-03-02,首旅如家,全国,6637,482140,1.02,1.93,1,1.81,179.41,177.34,酒店之家
2025W10,2025,10,2025-03-03,2025-03-09,首旅如家,全国,6636,481749,1.03,2,0.99,1.77,182.19,177.86,酒店之家
2025W11,2025,11,2025-03-10,2025-03-16,首旅如家,全国,6654,482564,1.08,2.01,1.04,1.77,189.42,184.14,酒店之家
2025W12,2025,12,2025-03-17,2025-03-23,首旅如家,全国,6655,482076,1.19,2.17,1.13,1.88,201.5,193.6,酒店之家
2025W13,2025,13,2025-03-24,2025-03-30,首旅如家,全国,6666,482594,1.13,2.16,1.11,2.02,201.92,197.97,酒店之家
2025W14,2025,14,2025-03-31,2025-04-06,首旅如家,全国,6706,484841,1.22,2.1,1.2,2.06,208.68,206.1,酒店之家
2025W15,2025,15,2025-04-07,2025-04-13,首旅如家,全国,6716,485496,1.17,2.11,1.11,1.84,205.78,195.31,酒店之家
2025W16,2025,16,2025-04-14,2025-04-20,首旅如家,全国,6737,487141,1.15,2.3,1.09,2.05,212.84,200.65,酒店之家
2025W17,2025,17,2025-04-21,2025-04-27,首旅如家,全国,6777,490091,1.23,2,1.11,1.73,211.29,192.15,酒店之家
2025W18,2025,18,2025-04-28,2025-05-04,首旅如家,全国,6826,493468,1.46,2.05,1.59,2.37,258.43,280.7,酒店之家
2025W19,2025,19,2025-05-05,2025-05-11,首旅如家,全国,6824,493183,1.05,2.15,1.01,1.88,189.53,182.89,酒店之家
2025W20,2025,20,2025-05-12,2025-05-18,首旅如家,全国,6830,493390,1.13,2.31,1.1,2.06,196.72,191.27,酒店之家
2025W21,2025,21,2025-05-19,2025-05-25,首旅如家,全国,6843,494132,1.13,2.31,1.09,2.05,195.97,189.95,酒店之家
2025W22,2025,22,2025-05-26,2025-06-01,首旅如家,全国,6865,494857,1.09,1.95,1.08,1.94,199.24,197.84,酒店之家
2025W23,2025,23,2025-06-02,2025-06-08,首旅如家,全国,6885,495668,1.06,2.08,1.04,1.95,193.18,190.52,酒店之家
2025W24,2025,24,2025-06-09,2025-06-15,首旅如家,全国,6904,496827,1.14,2.16,1.1,1.92,198.62,191.49,酒店之家
2025W25,2025,25,2025-06-16,2025-06-22,首旅如家,全国,6915,497485,1.17,2.19,1.13,2.06,203.08,196.67,酒店之家
2025W26,2025,26,2025-06-23,2025-06-29,首旅如家,全国,6930,498168,1.22,2.22,1.18,2.11,209.37,201.54,酒店之家
2025W27,2025,27,2025-06-30,2025-07-06,首旅如家,全国,6954,499648,1.23,2.3,1.18,2.15,217.98,210.01,酒店之家
2025W28,2025,28,2025-07-07,2025-07-13,首旅如家,全国,6965,499911,1.21,2.18,1.19,2.09,224.71,222.31,酒店之家
2025W29,2025,29,2025-07-14,2025-07-20,首旅如家,全国,6986,501398,1.31,2.21,1.29,2.08,226.35,222.83,酒店之家
2025W30,2025,30,2025-07-21,2025-07-27,首旅如家,全国,6999,501815,1.33,2.3,1.31,2.14,230.28,228.18,酒店之家
2025W31,2025,31,2025-07-28,2025-08-03,首旅如家,全国,7016,502563,1.24,2.41,1.23,2.21,234.26,230.7,酒店之家
2025W32,2025,32,2025-08-04,2025-08-10,首旅如家,全国,7039,504083,1.39,3.07,1.36,2.65,253.01,248.99,酒店之家
2025W33,2025,33,2025-08-11,2025-08-17,首旅如家,全国,7057,505110,1.39,3.33,1.41,3,253.39,256.97,酒店之家
2025W34,2025,34,2025-08-18,2025-08-24,首旅如家,全国,7057,504755,1.34,2.76,1.38,2.6,234.59,242.09,酒店之家
2025W35,2025,35,2025-08-25,2025-08-31,首旅如家,全国,7060,504407,1.22,2.67,1.22,2.58,210.32,211.4,酒店之家
2025W36,2025,36,2025-09-01,2025-09-07,首旅如家,全国,7060,503875,1.12,2.53,1.07,2.34,203.64,195.32,酒店之家
2025W37,2025,37,2025-09-08,2025-09-14,首旅如家,全国,7080,505206,1.11,2.24,1.06,2.14,206.89,197.25,酒店之家
2025W38,2025,38,2025-09-15,2025-09-21,首旅如家,全国,7092,505452,1.2,2.03,1.11,1.76,213.69,198.37,酒店之家
2025W39,2025,39,2025-09-22,2025-09-28,首旅如家,全国,7129,507298,1.25,2,1.09,1.64,213.98,187.09,酒店之家
2025W40,2025,40,2025-09-29,2025-10-05,首旅如家,全国,7175,510273,1.57,1.85,1.7,2.28,269.54,292.26,酒店之家
2025W41,2025,41,2025-10-06,2025-10-12,首旅如家,全国,7168,509667,1.08,1.72,1.06,1.56,187.7,185.04,酒店之家
2025W42,2025,42,2025-10-13,2025-10-19,首旅如家,全国,7153,508693,1.03,2.06,1.01,1.92,192.37,190.24,酒店之家
2025W43,2025,43,2025-10-20,2025-10-26,首旅如家,全国,7145,508212,1.09,1.97,1.08,1.88,191.54,190.32,酒店之家
2025W44,2025,44,2025-10-27,2025-11-02,首旅如家,全国,7142,508058,1.04,1.97,1.03,1.86,188.74,187.96,酒店之家
2025W45,2025,45,2025-11-03,2025-11-09,首旅如家,全国,7124,506080,1.05,1.96,1.03,1.79,190.15,186.47,酒店之家
2025W46,2025,46,2025-11-10,2025-11-16,首旅如家,全国,7120,505704,1.02,1.96,1.01,1.82,190.02,188.53,酒店之家
2025W47,2025,47,2025-11-17,2025-11-23,首旅如家,全国,7123,505800,1.02,2.06,1.01,1.9,187.89,185.27,酒店之家
2025W48,2025,48,2025-11-24,2025-11-30,首旅如家,全国,7131,505731,1,2.1,0.98,1.92,187.98,184.93,酒店之家
2025W49,2025,49,2025-12-01,2025-12-07,首旅如家,全国,7128,505002,1.1,2.12,1.07,1.89,186.85,182.7,酒店之家
2025W50,2025,50,2025-12-08,2025-12-14,首旅如家,全国,7136,505221,1.05,2.22,0.98,1.81,187.18,175.96,酒店之家
2025W51,2025,51,2025-12-15,2025-12-21,首旅如家,全国,7140,505077,1.04,2.3,1.02,2.07,191.18,187.32,酒店之家
2025W52,2025,52,2025-12-22,2025-12-28,首旅如家,全国,7147,505481,1.06,2.16,1,1.82,192.03,183.11,酒店之家
2026W01,2026,1,2025-12-29,2026-01-04,首旅如家,全国,7183,507507,1.14,1.88,1.17,2.23,201.09,207.84,酒店之家
2026W02,2026,2,2026-01-05,2026-01-11,首旅如家,全国,7185,507491,1.07,1.99,1.03,1.77,192.08,185.15,酒店之家
2026W03,2026,3,2026-01-12,2026-01-18,首旅如家,全国,7212,508580,1.11,1.87,1.06,1.71,199.01,189.02,酒店之家
2026W04,2026,4,2026-01-19,2026-01-25,首旅如家,全国,7230,509264,1.12,2.05,1.04,1.79,205.8,191.87,酒店之家
2026W05,2026,5,2026-01-26,2026-02-01,首旅如家,全国,7227,508892,1.12,1.91,1.05,1.7,206.54,195.24,酒店之家
2026W06,2026,6,2026-02-02,2026-02-08,首旅如家,全国,7235,508925,1.13,1.73,1.08,1.64,209.18,200.23,酒店之家
2026W07,2026,7,2026-02-09,2026-02-15,首旅如家,全国,7283,511770,1.15,1.52,1.06,1.42,211.59,196.06,酒店之家
2026W08,2026,8,2026-02-16,2026-02-22,首旅如家,全国,7285,511925,1.44,1.81,1.62,1.94,259.88,292.73,酒店之家
2026W09,2026,9,2026-02-23,2026-03-01,首旅如家,全国,7292,512473,1.06,1.97,1.04,1.89,194.64,190.62,酒店之家
2026W10,2026,10,2026-03-02,2026-03-08,首旅如家,全国,7306,513008,1.11,1.81,1.02,1.54,202.81,187.34,酒店之家
2026W11,2026,11,2026-03-09,2026-03-15,首旅如家,全国,7303,513003,1.14,1.86,1.09,1.57,209.64,199.87,酒店之家
2026W12,2026,12,2026-03-16,2026-03-22,首旅如家,全国,7314,513209,1.22,2.03,1.14,1.6,218.85,203.49,酒店之家
2026W13,2026,13,2026-03-23,2026-03-29,首旅如家,全国,7325,513726,1.25,1.97,1.19,1.73,223.85,213.11,酒店之家
2026W14,2026,14,2026-03-30,2026-04-05,首旅如家,全国,7339,514170,1.26,1.13,1.27,1.19,233.47,237.86,酒店之家
2026W15,2026,15,2026-04-06,2026-04-12,首旅如家,全国,7349,514445,1.17,1.19,1.09,1.06,219.2,205.24,酒店之家
2026W16,2026,16,2026-04-13,2026-04-19,首旅如家,全国,7355,514153,1.3,1.32,1.17,1.18,235.23,215.19,酒店之家
2026W17,2026,17,2026-04-20,2026-04-26,首旅如家,全国,7373,515354,1.26,1.13,1.14,1,232.54,210.91,酒店之家
2026W18,2026,18,2026-04-27,2026-05-03,首旅如家,全国,7423,518259,1.51,1.33,1.62,1.59,284.65,306.98,酒店之家
2026W19,2026,19,2026-05-04,2026-05-10,首旅如家,全国,7423,518329,1.07,1.07,1.04,1,201.2,197.16,酒店之家
2026W20,2026,20,2026-05-11,2026-05-17,首旅如家,全国,7431,518551,1.12,1.08,1.1,1.01,206,204.26,酒店之家
2026W21,2026,21,2026-05-18,2026-05-24,首旅如家,全国,7442,518943,1.11,1.07,1.08,0.99,204.59,199.78,酒店之家
2026W22,2026,22,2026-05-25,2026-05-31,首旅如家,全国,7451,519414,1.1,1.14,1.07,1.04,203.36,197.91,酒店之家
2026W23,2026,23,2026-06-01,2026-06-07,首旅如家,全国,7456,519719,1.06,1.1,1.05,1.05,201.47,200.38,酒店之家
2026W24,2026,24,2026-06-08,2026-06-14,首旅如家,全国,7491,521852,1.08,1.01,1.03,0.93,201.85,195.13,酒店之家
2026W25,2026,25,2026-06-15,2026-06-21,首旅如家,全国,7539,524900,1.13,1.09,1.12,1.16,208.51,208.76,酒店之家
2026W26,2026,26,2026-06-22,2026-06-28,首旅如家,全国,7536,523729,1.1,0.96,1.05,0.92,206.29,198.19,酒店之家
2026W27,2026,27,2026-06-29,2026-07-05,首旅如家,全国,7556,525363,1.15,1.15,1.1,1.05,214.25,205.44,酒店之家
2026W28,2026,28,2026-07-06,2026-07-12,首旅如家,全国,7577,526678,1.21,1.09,1.17,1.06,221.12,214.85,酒店之家
2026W29,2026,29,2026-07-13,2026-07-19,首旅如家,全国,7588,526693,1.23,1.17,1.19,1.1,230.49,224.84,酒店之家
2026W30,2026,30,2026-07-20,2026-07-26,首旅如家,全国,7614,528324,1.3,1.21,1.24,1.11,241.83,232.82,酒店之家
2026W31,2026,31,2026-07-27,2026-08-02,首旅如家,全国,7630,528942,1.33,1.25,1.28,1.13,249.14,241.77,酒店之家
2024W01,2024,1,2024-01-01,2024-01-07,锦江酒店（中国区）,全国,10038,974371,1.06,2.31,1.04,2.21,214.07,209.52,酒店之家
2024W02,2024,2,2024-01-08,2024-01-14,锦江酒店（中国区）,全国,10050,975196,1.09,2.63,1.06,2.58,218.67,213.89,酒店之家
2024W03,2024,3,2024-01-15,2024-01-21,锦江酒店（中国区）,全国,10078,977356,1.08,2.52,1.06,2.47,221.3,217.45,酒店之家
2024W04,2024,4,2024-01-22,2024-01-28,锦江酒店（中国区）,全国,10086,977801,1.11,2.57,1.1,2.53,223.79,221.17,酒店之家
2024W05,2024,5,2024-01-29,2024-02-04,锦江酒店（中国区）,全国,10116,980304,1.12,2.54,1.09,2.48,224.88,219.81,酒店之家
2024W06,2024,6,2024-02-05,2024-02-11,锦江酒店（中国区）,全国,10181,986018,1.21,1.95,1.23,1.96,249.8,253.08,酒店之家
2024W07,2024,7,2024-02-12,2024-02-18,锦江酒店（中国区）,全国,10186,985894,1.32,2.99,1.38,3.23,265.29,277.82,酒店之家
2024W08,2024,8,2024-02-19,2024-02-25,锦江酒店（中国区）,全国,10210,988242,1.02,2.85,1.02,2.84,211.5,210.79,酒店之家
2024W09,2024,9,2024-02-26,2024-03-03,锦江酒店（中国区）,全国,10204,987571,1.04,3.01,1.03,2.96,213.03,211.18,酒店之家
2024W10,2024,10,2024-03-04,2024-03-10,锦江酒店（中国区）,全国,10209,987745,1.08,3.06,1.07,2.97,218.52,217.02,酒店之家
2024W11,2024,11,2024-03-11,2024-03-17,锦江酒店（中国区）,全国,10209,987623,1.09,2.81,1.08,2.8,223.25,222.37,酒店之家
2024W12,2024,12,2024-03-18,2024-03-24,锦江酒店（中国区）,全国,10206,987364,1.1,2.73,1.08,2.57,225.33,222.61,酒店之家
2024W13,2024,13,2024-03-25,2024-03-31,锦江酒店（中国区）,全国,10191,985746,1.14,3.01,1.13,2.92,231.28,230.03,酒店之家
2024W14,2024,14,2024-04-01,2024-04-07,锦江酒店（中国区）,全国,10198,986390,1.15,2.73,1.14,2.89,232.87,232.58,酒店之家
2024W15,2024,15,2024-04-08,2024-04-14,锦江酒店（中国区）,全国,10190,985650,1.14,3.07,1.12,3.01,236.47,232.1,酒店之家
2024W16,2024,16,2024-04-15,2024-04-21,锦江酒店（中国区）,全国,10190,985577,1.17,3.13,1.13,2.96,240.75,232.22,酒店之家
2024W17,2024,17,2024-04-22,2024-04-28,锦江酒店（中国区）,全国,10213,987721,1.17,3.14,1.11,2.93,238.81,225.81,酒店之家
2024W18,2024,18,2024-04-29,2024-05-05,锦江酒店（中国区）,全国,10271,992337,1.38,3.28,1.46,3.97,282.74,298.37,酒店之家
2024W19,2024,19,2024-05-06,2024-05-12,锦江酒店（中国区）,全国,10261,991299,1.07,2.74,1.05,2.64,216.93,214.27,酒店之家
2024W20,2024,20,2024-05-13,2024-05-19,锦江酒店（中国区）,全国,10261,991094,1.1,3.11,1.1,3.08,224.28,223.95,酒店之家
2024W21,2024,21,2024-05-20,2024-05-26,锦江酒店（中国区）,全国,10269,992135,1.08,3.06,1.07,3.02,223.3,222.19,酒店之家
2024W22,2024,22,2024-05-27,2024-06-02,锦江酒店（中国区）,全国,10260,991509,1.12,2.76,1.1,2.63,222.91,220.48,酒店之家
2024W23,2024,23,2024-06-03,2024-06-09,锦江酒店（中国区）,全国,10279,992930,1.13,3.04,1.14,3.27,228.5,230.44,酒店之家
2024W24,2024,24,2024-06-10,2024-06-16,锦江酒店（中国区）,全国,10289,993509,1.1,2.94,1.09,2.87,222.52,218.93,酒店之家
2024W25,2024,25,2024-06-17,2024-06-23,锦江酒店（中国区）,全国,10294,994123,1.12,2.96,1.11,2.97,225.75,224.2,酒店之家
2024W26,2024,26,2024-06-24,2024-06-30,锦江酒店（中国区）,全国,10308,995248,1.13,3,1.12,2.98,230.17,227.2,酒店之家
2024W27,2024,27,2024-07-01,2024-07-07,锦江酒店（中国区）,全国,10345,998541,1.17,3.44,1.15,3.37,239.57,236.73,酒店之家
2024W28,2024,28,2024-07-08,2024-07-14,锦江酒店（中国区）,全国,10376,1001225,1.19,3.38,1.19,3.37,246.15,245.32,酒店之家
2024W29,2024,29,2024-07-15,2024-07-21,锦江酒店（中国区）,全国,10402,1003137,1.23,3.33,1.23,3.35,253.17,253.31,酒店之家
2024W30,2024,30,2024-07-22,2024-07-28,锦江酒店（中国区）,全国,10418,1004223,1.25,3.3,1.25,3.28,252.12,251.41,酒店之家
2024W31,2024,31,2024-07-29,2024-08-04,锦江酒店（中国区）,全国,10426,1004968,1.25,3.63,1.25,3.58,256.85,257,酒店之家
2024W32,2024,32,2024-08-05,2024-08-11,锦江酒店（中国区）,全国,10434,1006089,1.32,3.8,1.33,3.83,265.55,268.03,酒店之家
2024W33,2024,33,2024-08-12,2024-08-18,锦江酒店（中国区）,全国,10440,1006525,1.24,3.62,1.25,3.6,258.51,261.01,酒店之家
2024W34,2024,34,2024-08-19,2024-08-25,锦江酒店（中国区）,全国,10443,1006803,1.22,3.64,1.24,3.68,244.84,249.11,酒店之家
2024W35,2024,35,2024-08-26,2024-09-01,锦江酒店（中国区）,全国,10446,1007191,1.09,3.16,1.1,3.23,225.47,227.41,酒店之家
2024W36,2024,36,2024-09-02,2024-09-08,锦江酒店（中国区）,全国,10453,1007899,1.07,3.14,1.07,3.16,219.82,219.53,酒店之家
2024W37,2024,37,2024-09-09,2024-09-15,锦江酒店（中国区）,全国,10470,1008988,1.07,3.2,1.06,3.18,220.56,219.62,酒店之家
2024W38,2024,38,2024-09-16,2024-09-22,锦江酒店（中国区）,全国,10480,1009825,1.08,3.04,1.05,2.88,222.29,214.57,酒店之家
2024W39,2024,39,2024-09-23,2024-09-29,锦江酒店（中国区）,全国,10508,1012442,1.13,3.19,1.05,2.87,232.16,215.68,酒店之家
2024W40,2024,40,2024-09-30,2024-10-06,锦江酒店（中国区）,全国,10541,1015331,1.41,3.22,1.47,3.89,286.04,298.04,酒店之家
2024W41,2024,41,2024-10-07,2024-10-13,锦江酒店（中国区）,全国,10524,1014088,1.06,2.88,1.04,2.74,212.58,209.68,酒店之家
2024W42,2024,42,2024-10-14,2024-10-20,锦江酒店（中国区）,全国,10508,1012362,1.09,3.13,1.09,3.13,220.99,221.03,酒店之家
2024W43,2024,43,2024-10-21,2024-10-27,锦江酒店（中国区）,全国,10500,1012212,1.09,3.02,1.09,3.04,218.69,219.66,酒店之家
2024W44,2024,44,2024-10-28,2024-11-03,锦江酒店（中国区）,全国,10488,1011206,1.06,3.12,1.06,3.08,217.44,217.06,酒店之家
2024W45,2024,45,2024-11-04,2024-11-10,锦江酒店（中国区）,全国,10496,1012387,1.08,3.21,1.07,3.16,214.7,214.25,酒店之家
2024W46,2024,46,2024-11-11,2024-11-17,锦江酒店（中国区）,全国,10465,1008811,1.07,3.24,1.07,3.22,215.51,216.01,酒店之家
2024W47,2024,47,2024-11-18,2024-11-24,锦江酒店（中国区）,全国,10462,1009336,1.03,2.9,1.03,2.88,213.39,213.52,酒店之家
2024W48,2024,48,2024-11-25,2024-12-01,锦江酒店（中国区）,全国,10457,1008611,1.04,3.07,1.04,3.02,213.11,212.41,酒店之家
2024W49,2024,49,2024-12-02,2024-12-08,锦江酒店（中国区）,全国,10453,1008524,1.06,3.45,1.05,3.27,211.3,210.51,酒店之家
2024W50,2024,50,2024-12-09,2024-12-15,锦江酒店（中国区）,全国,10457,1009924,1.06,3.53,1.03,3.17,211.6,208.24,酒店之家
2024W51,2024,51,2024-12-16,2024-12-22,锦江酒店（中国区）,全国,10451,1009788,1.06,3.39,1.05,3.35,213.02,214.24,酒店之家
2024W52,2024,52,2024-12-23,2024-12-29,锦江酒店（中国区）,全国,10459,1009428,1.06,3.27,1.04,2.99,213.97,212.37,酒店之家
2025W01,2025,1,2024-12-30,2025-01-05,锦江酒店（中国区）,全国,10474,1011029,1.08,3.58,1.07,3.57,215.67,214.28,酒店之家
2025W02,2025,2,2025-01-06,2025-01-12,锦江酒店（中国区）,全国,10485,1012243,1.03,3.35,1,3.16,213,208.92,酒店之家
2025W03,2025,3,2025-01-13,2025-01-19,锦江酒店（中国区）,全国,10504,1013930,1.12,3.49,1.09,3.33,215.95,213,酒店之家
2025W04,2025,4,2025-01-20,2025-01-26,锦江酒店（中国区）,全国,10551,1017861,1.11,3.12,1.07,2.96,221.03,214.56,酒店之家
2025W05,2025,5,2025-01-27,2025-02-02,锦江酒店（中国区）,全国,10571,1019236,1.41,2.51,1.5,2.67,279.45,295.24,酒店之家
2025W06,2025,6,2025-02-03,2025-02-09,锦江酒店（中国区）,全国,10507,1013900,1.15,3.95,1.16,3.84,224.35,226.93,酒店之家
2025W07,2025,7,2025-02-10,2025-02-16,锦江酒店（中国区）,全国,10582,1020591,1.02,3.94,1.02,3.81,212.93,212.18,酒店之家
2025W08,2025,8,2025-02-17,2025-02-23,锦江酒店（中国区）,全国,10589,1021262,1.08,4.02,1.08,3.9,213.36,212.83,酒店之家
2025W09,2025,9,2025-02-24,2025-03-02,锦江酒店（中国区）,全国,10571,1019926,1.01,3.73,1,3.58,212.18,211.26,酒店之家
2025W10,2025,10,2025-03-03,2025-03-09,锦江酒店（中国区）,全国,10570,1019619,1.1,3.54,1.08,3.32,213.89,211.54,酒店之家
2025W11,2025,11,2025-03-10,2025-03-16,锦江酒店（中国区）,全国,10577,1020394,1.04,3.78,1.02,3.54,219.66,217.06,酒店之家
2025W12,2025,12,2025-03-17,2025-03-23,锦江酒店（中国区）,全国,10568,1019814,1.07,3.93,1.05,3.59,224.87,221.32,酒店之家
2025W13,2025,13,2025-03-24,2025-03-30,锦江酒店（中国区）,全国,10572,1020248,1.09,4.05,1.08,3.86,228.13,224.58,酒店之家
2025W14,2025,14,2025-03-31,2025-04-06,锦江酒店（中国区）,全国,10568,1020032,1.19,3.45,1.18,3.47,234.45,233.04,酒店之家
2025W15,2025,15,2025-04-07,2025-04-13,锦江酒店（中国区）,全国,10571,1020108,1.13,3.69,1.09,3.41,231.17,223.74,酒店之家
2025W16,2025,16,2025-04-14,2025-04-20,锦江酒店（中国区）,全国,10562,1019662,1.24,3.93,1.19,3.62,244.61,234.63,酒店之家
2025W17,2025,17,2025-04-21,2025-04-27,锦江酒店（中国区）,全国,10572,1020658,1.26,3.79,1.15,3.32,247.03,228.28,酒店之家
2025W18,2025,18,2025-04-28,2025-05-04,锦江酒店（中国区）,全国,10617,1024109,1.55,3.79,1.62,4.42,302.02,317.64,酒店之家
2025W19,2025,19,2025-05-05,2025-05-11,锦江酒店（中国区）,全国,10615,1024277,1.03,3.53,1.01,3.28,219.93,215.65,酒店之家
2025W20,2025,20,2025-05-12,2025-05-18,锦江酒店（中国区）,全国,10613,1023744,1.09,3.8,1.08,3.58,227.58,224.92,酒店之家
2025W21,2025,21,2025-05-19,2025-05-25,锦江酒店（中国区）,全国,10604,1022280,1.11,3.6,1.09,3.34,227.47,224.42,酒店之家
2025W22,2025,22,2025-05-26,2025-06-01,锦江酒店（中国区）,全国,10627,1024402,1.13,3.68,1.13,3.64,228.39,227.2,酒店之家
2025W23,2025,23,2025-06-02,2025-06-08,锦江酒店（中国区）,全国,10632,1025443,1.05,3.5,1.04,3.41,221.67,220.45,酒店之家
2025W24,2025,24,2025-06-09,2025-06-15,锦江酒店（中国区）,全国,10642,1026178,1.13,3.71,1.11,3.5,225,220.82,酒店之家
2025W25,2025,25,2025-06-16,2025-06-22,锦江酒店（中国区）,全国,10635,1025559,1.09,3.69,1.07,3.54,227.6,223.86,酒店之家
2025W26,2025,26,2025-06-23,2025-06-29,锦江酒店（中国区）,全国,10662,1027647,1.09,3.75,1.07,3.6,230.86,226.37,酒店之家
2025W27,2025,27,2025-06-30,2025-07-06,锦江酒店（中国区）,全国,10674,1028805,1.16,3.86,1.14,3.65,237.63,233.39,酒店之家
2025W28,2025,28,2025-07-07,2025-07-13,锦江酒店（中国区）,全国,10678,1029138,1.22,3.54,1.21,3.43,245.78,243.53,酒店之家
2025W29,2025,29,2025-07-14,2025-07-20,锦江酒店（中国区）,全国,10694,1030921,1.25,3.28,1.24,3.19,249.65,248.58,酒店之家
2025W30,2025,30,2025-07-21,2025-07-27,锦江酒店（中国区）,全国,10686,1030589,1.18,3.28,1.17,3.16,252.25,250.16,酒店之家
2025W31,2025,31,2025-07-28,2025-08-03,锦江酒店（中国区）,全国,10697,1031220,1.22,3.65,1.21,3.48,256.75,254.85,酒店之家
2025W32,2025,32,2025-08-04,2025-08-10,锦江酒店（中国区）,全国,10693,1030589,1.3,3.72,1.3,3.58,265.38,265.94,酒店之家
2025W33,2025,33,2025-08-11,2025-08-17,锦江酒店（中国区）,全国,10689,1030789,1.31,3.73,1.33,3.61,260.83,263.92,酒店之家
2025W34,2025,34,2025-08-18,2025-08-24,锦江酒店（中国区）,全国,10696,1031270,1.22,3.47,1.24,3.32,246.58,250.21,酒店之家
2025W35,2025,35,2025-08-25,2025-08-31,锦江酒店（中国区）,全国,10690,1030333,1.19,3.41,1.18,3.35,231.04,229.98,酒店之家
2025W36,2025,36,2025-09-01,2025-09-07,锦江酒店（中国区）,全国,10678,1029327,1.04,3.08,1.02,2.96,222.7,218.44,酒店之家
2025W37,2025,37,2025-09-08,2025-09-14,锦江酒店（中国区）,全国,10671,1028847,1.13,3.3,1.1,3.14,228.56,222.79,酒店之家
2025W38,2025,38,2025-09-15,2025-09-21,锦江酒店（中国区）,全国,10674,1028990,1.21,3.12,1.13,2.8,237.32,223.13,酒店之家
2025W39,2025,39,2025-09-22,2025-09-28,锦江酒店（中国区）,全国,10678,1029459,1.21,3.14,1.09,2.67,242.3,217.2,酒店之家
2025W40,2025,40,2025-09-29,2025-10-05,锦江酒店（中国区）,全国,10737,1034000,1.56,3.48,1.63,3.93,306.95,321.93,酒店之家
2025W41,2025,41,2025-10-06,2025-10-12,锦江酒店（中国区）,全国,10730,1033329,1.06,2.83,1.05,2.72,216.07,214.8,酒店之家
2025W42,2025,42,2025-10-13,2025-10-19,锦江酒店（中国区）,全国,10716,1031915,1.04,3.08,1.04,2.99,222.8,222.03,酒店之家
2025W43,2025,43,2025-10-20,2025-10-26,锦江酒店（中国区）,全国,10703,1030567,1.12,2.94,1.12,2.89,222.71,222.17,酒店之家
2025W44,2025,44,2025-10-27,2025-11-02,锦江酒店（中国区）,全国,10681,1028570,1.1,2.81,1.1,2.73,218.95,218.58,酒店之家
2025W45,2025,45,2025-11-03,2025-11-09,锦江酒店（中国区）,全国,10667,1027111,1.09,2.78,1.08,2.65,217.14,214.98,酒店之家
2025W46,2025,46,2025-11-10,2025-11-16,锦江酒店（中国区）,全国,10660,1026484,1.08,3,1.07,2.89,219.34,218.35,酒店之家
2025W47,2025,47,2025-11-17,2025-11-23,锦江酒店（中国区）,全国,10623,1023137,1.03,2.73,1.03,2.63,216.06,215.18,酒店之家
2025W48,2025,48,2025-11-24,2025-11-30,锦江酒店（中国区）,全国,10613,1022051,1.1,2.88,1.09,2.74,217,214.99,酒店之家
2025W49,2025,49,2025-12-01,2025-12-07,锦江酒店（中国区）,全国,10589,1019701,1.02,2.87,1.01,2.67,216.51,214.58,酒店之家
2025W50,2025,50,2025-12-08,2025-12-14,锦江酒店（中国区）,全国,10585,1018950,1.01,2.89,0.98,2.51,213.08,207.05,酒店之家
2025W51,2025,51,2025-12-15,2025-12-21,锦江酒店（中国区）,全国,10572,1017451,1.02,2.89,1.01,2.75,215.07,212.7,酒店之家
2025W52,2025,52,2025-12-22,2025-12-28,锦江酒店（中国区）,全国,10558,1016532,1.08,3.07,1.05,2.71,217.32,210.28,酒店之家
2026W01,2026,1,2025-12-29,2026-01-04,锦江酒店（中国区）,全国,10534,1013569,1.07,2.86,1.08,3.25,227.03,230.5,酒店之家
2026W02,2026,2,2026-01-05,2026-01-11,锦江酒店（中国区）,全国,10523,1012832,1.01,2.74,0.98,2.54,210.64,204.38,酒店之家
2026W03,2026,3,2026-01-12,2026-01-18,锦江酒店（中国区）,全国,10530,1013165,1.06,3.06,1.02,2.82,214.55,205.83,酒店之家
2026W04,2026,4,2026-01-19,2026-01-25,锦江酒店（中国区）,全国,10528,1013046,1.08,3.12,1.02,2.78,219.78,208.15,酒店之家
2026W05,2026,5,2026-01-26,2026-02-01,锦江酒店（中国区）,全国,10539,1013904,1.11,3.14,1.06,2.83,222.76,212.26,酒店之家
2026W06,2026,6,2026-02-02,2026-02-08,锦江酒店（中国区）,全国,10548,1014022,1.12,3.09,1.07,2.87,227.58,217.24,酒店之家
2026W07,2026,7,2026-02-09,2026-02-15,锦江酒店（中国区）,全国,10597,1017734,1.16,2.9,1.1,2.78,234.88,222.67,酒店之家
2026W08,2026,8,2026-02-16,2026-02-22,锦江酒店（中国区）,全国,10609,1018594,1.41,2.89,1.54,3.3,294.37,321.02,酒店之家
2026W09,2026,9,2026-02-23,2026-03-01,锦江酒店（中国区）,全国,10595,1017551,1.05,3.17,1.04,3.09,213.78,212.11,酒店之家
2026W10,2026,10,2026-03-02,2026-03-08,锦江酒店（中国区）,全国,10602,1017974,1.01,3.2,0.98,2.93,209.78,203.4,酒店之家
2026W11,2026,11,2026-03-09,2026-03-15,锦江酒店（中国区）,全国,10608,1018136,1.08,3.36,1.05,3.1,218.32,213.27,酒店之家
2026W12,2026,12,2026-03-16,2026-03-22,锦江酒店（中国区）,全国,10617,1018961,1.08,3.37,1.04,3.02,221.89,214.78,酒店之家
2026W13,2026,13,2026-03-23,2026-03-29,锦江酒店（中国区）,全国,10616,1019391,1.1,3.47,1.07,3.24,224.86,219.13,酒店之家
2026W14,2026,14,2026-03-30,2026-04-05,锦江酒店（中国区）,全国,10630,1020324,1.12,2.89,1.13,3,234.64,236.35,酒店之家
2026W15,2026,15,2026-04-06,2026-04-12,锦江酒店（中国区）,全国,10618,1019183,1.06,2.83,1.03,2.63,222.39,214.18,酒店之家
2026W16,2026,16,2026-04-13,2026-04-19,锦江酒店（中国区）,全国,10621,1019597,1.13,2.95,1.08,2.72,238.9,226.84,酒店之家
2026W17,2026,17,2026-04-20,2026-04-26,锦江酒店（中国区）,全国,10633,1020478,1.15,2.68,1.07,2.42,238.39,221.34,酒店之家
2026W18,2026,18,2026-04-27,2026-05-03,锦江酒店（中国区）,全国,10689,1024374,1.35,2.86,1.43,3.29,284.07,299.8,酒店之家
2026W19,2026,19,2026-05-04,2026-05-10,锦江酒店（中国区）,全国,10686,1024385,1.02,2.45,1.01,2.34,211.05,208.2,酒店之家
2026W20,2026,20,2026-05-11,2026-05-17,锦江酒店（中国区）,全国,10686,1024354,1.03,2.47,1.02,2.35,214.71,212.73,酒店之家
2026W21,2026,21,2026-05-18,2026-05-24,锦江酒店（中国区）,全国,10681,1023854,1.03,2.49,1.02,2.4,215.3,212.77,酒店之家
2026W22,2026,22,2026-05-25,2026-05-31,锦江酒店（中国区）,全国,10681,1023712,1.01,2.4,1,2.26,213.93,210.08,酒店之家
2026W23,2026,23,2026-06-01,2026-06-07,锦江酒店（中国区）,全国,10681,1023786,1.02,2.47,1.02,2.39,211.92,211.38,酒店之家
2026W24,2026,24,2026-06-08,2026-06-14,锦江酒店（中国区）,全国,10671,1023157,1.03,2.53,1.01,2.34,213.41,209.15,酒店之家
2026W25,2026,25,2026-06-15,2026-06-21,锦江酒店（中国区）,全国,10674,1023417,1.02,2.38,1.03,2.45,214.27,214.23,酒店之家
2026W26,2026,26,2026-06-22,2026-06-28,锦江酒店（中国区）,全国,10662,1022438,1.02,2.38,1,2.28,213.22,208.09,酒店之家
2026W27,2026,27,2026-06-29,2026-07-05,锦江酒店（中国区）,全国,10678,1023415,1.02,2.57,1,2.43,217.06,212.49,酒店之家
2026W28,2026,28,2026-07-06,2026-07-12,锦江酒店（中国区）,全国,10695,1024580,1.06,2.66,1.05,2.58,224.26,221.03,酒店之家
2026W29,2026,29,2026-07-13,2026-07-19,锦江酒店（中国区）,全国,10703,1025208,1.12,2.44,1.12,2.39,232.7,230.79,酒店之家
2026W30,2026,30,2026-07-20,2026-07-26,锦江酒店（中国区）,全国,10709,1025605,1.14,2.32,1.13,2.25,238.11,235.79,酒店之家
2026W31,2026,31,2026-07-27,2026-08-02,锦江酒店（中国区）,全国,10722,1026373,1.17,2.31,1.15,2.21,244.31,240.17,酒店之家
2024W01,2024,1,2024-01-01,2024-01-07,亚朵,全国,1205,138966,1.08,5.03,1.04,4.54,376.19,364.94,酒店之家
2024W02,2024,2,2024-01-08,2024-01-14,亚朵,全国,1209,139487,1.12,5.56,1.09,5.2,390.97,380.08,酒店之家
2024W03,2024,3,2024-01-15,2024-01-21,亚朵,全国,1219,140645,1.13,5.44,1.11,5.18,398.31,388.99,酒店之家
2024W04,2024,4,2024-01-22,2024-01-28,亚朵,全国,1224,141052,1.18,5.2,1.15,5.12,406.88,400.37,酒店之家
2024W05,2024,5,2024-01-29,2024-02-04,亚朵,全国,1240,142881,1.14,5.23,1.1,5.07,404.69,388.5,酒店之家
2024W06,2024,6,2024-02-05,2024-02-11,亚朵,全国,1257,144755,1.31,4.46,1.3,4.45,453.71,451.96,酒店之家
2024W07,2024,7,2024-02-12,2024-02-18,亚朵,全国,1261,145196,1.23,5.66,1.33,6.8,442.95,478.6,酒店之家
2024W08,2024,8,2024-02-19,2024-02-25,亚朵,全国,1263,145317,1.07,4.94,1.07,4.94,372.05,371.76,酒店之家
2024W09,2024,9,2024-02-26,2024-03-03,亚朵,全国,1270,146073,1.07,4.49,1.07,4.5,385.54,382.47,酒店之家
2024W10,2024,10,2024-03-04,2024-03-10,亚朵,全国,1276,146940,1.14,4.26,1.13,4.15,400.38,397.63,酒店之家
2024W11,2024,11,2024-03-11,2024-03-17,亚朵,全国,1280,147353,1.14,4.3,1.13,4.14,404.76,401.62,酒店之家
2024W12,2024,12,2024-03-18,2024-03-24,亚朵,全国,1283,147743,1.13,4.72,1.12,4.44,407.5,402.5,酒店之家
2024W13,2024,13,2024-03-25,2024-03-31,亚朵,全国,1299,149492,1.16,5.34,1.16,5.19,417.24,415.06,酒店之家
2024W14,2024,14,2024-04-01,2024-04-07,亚朵,全国,1304,150083,1.2,5.19,1.19,5.37,405.52,406.35,酒店之家
2024W15,2024,15,2024-04-08,2024-04-14,亚朵,全国,1304,150332,1.21,4.78,1.2,4.73,425.42,418.71,酒店之家
2024W16,2024,16,2024-04-15,2024-04-21,亚朵,全国,1309,151007,1.28,4.72,1.27,4.5,450.25,433.33,酒店之家
2024W17,2024,17,2024-04-22,2024-04-28,亚朵,全国,1326,153140,1.25,4.53,1.23,4.12,442.81,423.07,酒店之家
2024W18,2024,18,2024-04-29,2024-05-05,亚朵,全国,1351,155838,1.33,5.07,1.48,6.14,479.14,509.29,酒店之家
2024W19,2024,19,2024-05-06,2024-05-12,亚朵,全国,1355,156442,1.11,4.93,1.11,4.64,394.71,387.84,酒店之家
2024W20,2024,20,2024-05-13,2024-05-19,亚朵,全国,1362,157182,1.21,4.55,1.21,4.55,419.36,417.92,酒店之家
2024W21,2024,21,2024-05-20,2024-05-26,亚朵,全国,1367,157669,1.19,4.66,1.19,4.64,414.76,413.79,酒店之家
2024W22,2024,22,2024-05-27,2024-06-02,亚朵,全国,1372,158448,1.12,4.89,1.13,4.63,396.23,393.49,酒店之家
2024W23,2024,23,2024-06-03,2024-06-09,亚朵,全国,1380,159461,1.09,5.47,1.14,5.53,393.5,396.75,酒店之家
2024W24,2024,24,2024-06-10,2024-06-16,亚朵,全国,1383,159678,1.11,5.41,1.1,5.29,391.56,386.5,酒店之家
2024W25,2024,25,2024-06-17,2024-06-23,亚朵,全国,1394,160829,1.18,5,1.17,5,418.9,416.57,酒店之家
2024W26,2024,26,2024-06-24,2024-06-30,亚朵,全国,1403,161872,1.17,5.1,1.16,5.13,414.41,412.29,酒店之家
2024W27,2024,27,2024-07-01,2024-07-07,亚朵,全国,1413,163095,1.23,5.79,1.23,5.48,429.77,425.6,酒店之家
2024W28,2024,28,2024-07-08,2024-07-14,亚朵,全国,1422,164093,1.25,5.89,1.27,5.77,437.21,436.08,酒店之家
2024W29,2024,29,2024-07-15,2024-07-21,亚朵,全国,1434,165414,1.26,6.59,1.3,6.54,451.14,449.13,酒店之家
2024W30,2024,30,2024-07-22,2024-07-28,亚朵,全国,1442,166406,1.28,6.41,1.3,6.22,454.08,449.56,酒店之家
2024W31,2024,31,2024-07-29,2024-08-04,亚朵,全国,1448,167117,1.3,6.82,1.32,6.63,457.17,457.25,酒店之家
2024W32,2024,32,2024-08-05,2024-08-11,亚朵,全国,1462,168508,1.33,7.36,1.38,7.5,472.02,476.66,酒店之家
2024W33,2024,33,2024-08-12,2024-08-18,亚朵,全国,1462,168550,1.3,7.41,1.33,7.32,454.27,461.75,酒店之家
2024W34,2024,34,2024-08-19,2024-08-25,亚朵,全国,1473,169772,1.22,6.77,1.29,7.08,440.01,445.95,酒店之家
2024W35,2024,35,2024-08-26,2024-09-01,亚朵,全国,1484,170914,1.15,5.54,1.18,5.77,404.29,405.22,酒店之家
2024W36,2024,36,2024-09-02,2024-09-08,亚朵,全国,1491,171715,1.13,5.76,1.14,5.8,399.65,397.57,酒店之家
2024W37,2024,37,2024-09-09,2024-09-15,亚朵,全国,1502,172861,1.14,5.27,1.16,5.23,399.7,399.2,酒店之家
2024W38,2024,38,2024-09-16,2024-09-22,亚朵,全国,1507,173452,1.16,5.87,1.13,5.31,403.84,386.58,酒店之家
2024W39,2024,39,2024-09-23,2024-09-29,亚朵,全国,1519,174671,1.19,6.73,1.13,5.6,425.33,391.37,酒店之家
2024W40,2024,40,2024-09-30,2024-10-06,亚朵,全国,1546,177484,1.4,7.07,1.48,8.83,485.7,509.37,酒店之家
2024W41,2024,41,2024-10-07,2024-10-13,亚朵,全国,1548,177835,1.1,6.02,1.08,5.81,381.24,373.22,酒店之家
2024W42,2024,42,2024-10-14,2024-10-20,亚朵,全国,1550,178223,1.14,5.45,1.19,5.5,409.54,411.49,酒店之家
2024W43,2024,43,2024-10-21,2024-10-27,亚朵,全国,1558,179077,1.16,4.9,1.19,4.94,408.42,410.31,酒店之家
2024W44,2024,44,2024-10-28,2024-11-03,亚朵,全国,1566,180065,1.11,5.56,1.14,5.53,398.32,396.65,酒店之家
2024W45,2024,45,2024-11-04,2024-11-10,亚朵,全国,1576,181091,1.11,5.52,1.13,5.43,395.3,393.6,酒店之家
2024W46,2024,46,2024-11-11,2024-11-17,亚朵,全国,1582,181699,1.11,5.03,1.14,4.95,393.63,395.01,酒店之家
2024W47,2024,47,2024-11-18,2024-11-24,亚朵,全国,1591,182510,1.1,5.29,1.13,5.22,393.29,391.82,酒店之家
2024W48,2024,48,2024-11-25,2024-12-01,亚朵,全国,1596,182940,1.1,5.5,1.14,5.36,393.49,394.71,酒店之家
2024W49,2024,49,2024-12-02,2024-12-08,亚朵,全国,1600,183284,1.13,5.91,1.13,5.38,390.71,387.73,酒店之家
2024W50,2024,50,2024-12-09,2024-12-15,亚朵,全国,1606,184017,1.1,6.26,1.11,5.41,388.08,384.41,酒店之家
2024W51,2024,51,2024-12-16,2024-12-22,亚朵,全国,1609,184418,1.11,5.89,1.11,5.66,386.55,385.7,酒店之家
2024W52,2024,52,2024-12-23,2024-12-29,亚朵,全国,1608,184358,1.08,6.16,1.11,5.64,384.4,382.91,酒店之家
2025W01,2025,1,2024-12-30,2025-01-05,亚朵,全国,1623,186072,1.09,5.96,1.09,5.63,382.7,377.51,酒店之家
2025W02,2025,2,2025-01-06,2025-01-12,亚朵,全国,1633,188204,1,6.2,1.1,5.43,386.99,379.46,酒店之家
2025W03,2025,3,2025-01-13,2025-01-19,亚朵,全国,1636,187262,1.06,6.17,1.13,5.79,394.61,388.48,酒店之家
2025W04,2025,4,2025-01-20,2025-01-26,亚朵,全国,1657,189742,1.08,5.61,1.1,5.12,403.83,381.63,酒店之家
2025W05,2025,5,2025-01-27,2025-02-02,亚朵,全国,1676,191748,1.27,5.43,1.52,5.88,497.49,528.22,酒店之家
2025W06,2025,6,2025-02-03,2025-02-09,亚朵,全国,1656,189500,1.04,6.5,1.18,6.46,395.61,402.25,酒店之家
2025W07,2025,7,2025-02-10,2025-02-16,亚朵,全国,1677,191916,0.99,6.93,1.11,6.58,386.05,385.34,酒店之家
2025W08,2025,8,2025-02-17,2025-02-23,亚朵,全国,1683,192623,1,6.6,1.12,6.4,390.4,388.87,酒店之家
2025W09,2025,9,2025-02-24,2025-03-02,亚朵,全国,1685,192942,1.01,6.01,1.13,5.87,392.57,392.13,酒店之家
2025W10,2025,10,2025-03-03,2025-03-09,亚朵,全国,1690,193385,1.01,6.02,1.12,5.36,392.03,387.72,酒店之家
2025W11,2025,11,2025-03-10,2025-03-16,亚朵,全国,1701,194610,1.04,6.78,1.14,6.01,398.41,390.92,酒店之家
2025W12,2025,12,2025-03-17,2025-03-23,亚朵,全国,1708,195167,1.09,6.44,1.2,5.94,418.72,413.4,酒店之家
2025W13,2025,13,2025-03-24,2025-03-30,亚朵,全国,1718,196315,1.08,6.4,1.19,6.11,418.78,412.28,酒店之家
2025W14,2025,14,2025-03-31,2025-04-06,亚朵,全国,1729,197588,1.08,6.08,1.2,5.88,420.48,416.28,酒店之家
2025W15,2025,15,2025-04-07,2025-04-13,亚朵,全国,1734,198106,1.11,7.18,1.2,6.41,422.73,410.45,酒店之家
2025W16,2025,16,2025-04-14,2025-04-20,亚朵,全国,1738,198571,1.15,7.17,1.24,6.38,445.58,431.32,酒店之家
2025W17,2025,17,2025-04-21,2025-04-27,亚朵,全国,1744,199072,1.17,6.93,1.2,5.92,446.98,413.93,酒店之家
2025W18,2025,18,2025-04-28,2025-05-04,亚朵,全国,1756,200260,1.31,8.34,1.58,9.35,522.47,548.01,酒店之家
2025W19,2025,19,2025-05-05,2025-05-11,亚朵,全国,1762,200938,1.02,6.99,1.12,6.36,398.66,390.73,酒店之家
2025W20,2025,20,2025-05-12,2025-05-18,亚朵,全国,1767,201470,1.07,7.8,1.18,7,415.17,409.19,酒店之家
2025W21,2025,21,2025-05-19,2025-05-25,亚朵,全国,1772,201904,1.06,8,1.19,7.2,411.14,408.03,酒店之家
2025W22,2025,22,2025-05-26,2025-06-01,亚朵,全国,1776,202323,1.05,7,1.16,6.94,405.52,404.03,酒店之家
2025W23,2025,23,2025-06-02,2025-06-08,亚朵,全国,1776,202239,0.99,7.07,1.12,6.8,395.56,391.25,酒店之家
2025W24,2025,24,2025-06-09,2025-06-15,亚朵,全国,1781,202759,1.03,7.61,1.15,6.94,408.58,401.54,酒店之家
2025W25,2025,25,2025-06-16,2025-06-22,亚朵,全国,1788,203548,1.07,8.21,1.16,7.58,418.86,408.12,酒店之家
2025W26,2025,26,2025-06-23,2025-06-29,亚朵,全国,1799,204742,1.09,8.38,1.19,7.75,429.51,417.87,酒店之家
2025W27,2025,27,2025-06-30,2025-07-06,亚朵,全国,1827,207785,1.15,8.47,1.24,7.58,443.09,433.45,酒店之家
2025W28,2025,28,2025-07-07,2025-07-13,亚朵,全国,1834,208505,1.13,8.59,1.28,7.98,453.7,447.43,酒店之家
2025W29,2025,29,2025-07-14,2025-07-20,亚朵,全国,1836,208714,1.17,8.61,1.3,8.04,461.66,455.23,酒店之家
2025W30,2025,30,2025-07-21,2025-07-27,亚朵,全国,1845,209719,1.16,9.11,1.3,8.31,461.82,458.07,酒店之家
2025W31,2025,31,2025-07-28,2025-08-03,亚朵,全国,1853,210652,1.14,8.61,1.3,8.29,457.45,457.09,酒店之家
2025W32,2025,32,2025-08-04,2025-08-10,亚朵,全国,1864,211891,1.21,8.8,1.34,8.58,471.52,475.02,酒店之家
2025W33,2025,33,2025-08-11,2025-08-17,亚朵,全国,1871,212696,1.17,9.11,1.33,8.74,462.42,468.67,酒店之家
2025W34,2025,34,2025-08-18,2025-08-24,亚朵,全国,1874,213018,1.14,9.7,1.29,9.53,445.51,452.34,酒店之家
2025W35,2025,35,2025-08-25,2025-08-31,亚朵,全国,1880,213526,1.06,8.33,1.18,8.14,410.22,412.23,酒店之家
2025W36,2025,36,2025-09-01,2025-09-07,亚朵,全国,1885,214138,1,8.16,0.98,7.4,397.22,389.28,酒店之家
2025W37,2025,37,2025-09-08,2025-09-14,亚朵,全国,1889,214591,1.05,8.69,1.02,8.11,413.66,402.56,酒店之家
2025W38,2025,38,2025-09-15,2025-09-21,亚朵,全国,1901,215931,1.07,8.64,1.01,7.39,428.93,405.59,酒店之家
2025W39,2025,39,2025-09-22,2025-09-28,亚朵,全国,1909,216634,1.11,8.84,0.99,7.07,435.1,390.32,酒店之家
2025W40,2025,40,2025-09-29,2025-10-05,亚朵,全国,1946,220570,1.34,11.92,1.4,13.27,524.28,546.42,酒店之家
2025W41,2025,41,2025-10-06,2025-10-12,亚朵,全国,1946,220608,0.96,8.33,0.95,7.89,386.18,382.87,酒店之家
2025W42,2025,42,2025-10-13,2025-10-19,亚朵,全国,1951,221126,1.01,8.74,1,8.34,400.89,399.86,酒店之家
2025W43,2025,43,2025-10-20,2025-10-26,亚朵,全国,1956,221783,1.04,8.19,1.05,7.99,402.23,404.61,酒店之家
2025W44,2025,44,2025-10-27,2025-11-02,亚朵,全国,1953,221471,0.99,8.69,0.98,8.38,394.64,393.01,酒店之家
2025W45,2025,45,2025-11-03,2025-11-09,亚朵,全国,1953,221621,1.01,8.79,1,8.15,391.84,388.98,酒店之家
2025W46,2025,46,2025-11-10,2025-11-16,亚朵,全国,1955,221772,1.02,9.3,1.02,8.98,395.83,397.01,酒店之家
2025W47,2025,47,2025-11-17,2025-11-23,亚朵,全国,1962,222555,0.98,9.08,0.98,8.6,392.43,391.18,酒店之家
2025W48,2025,48,2025-11-24,2025-11-30,亚朵,全国,1964,222768,1,8.42,1,7.91,387.01,387.6,酒店之家
2025W49,2025,49,2025-12-01,2025-12-07,亚朵,全国,1965,222835,0.97,8.56,0.96,7.84,385.14,382.3,酒店之家
2025W50,2025,50,2025-12-08,2025-12-14,亚朵,全国,1963,222635,0.94,9.53,0.92,7.98,380.9,374.08,酒店之家
2025W51,2025,51,2025-12-15,2025-12-21,亚朵,全国,1967,223021,0.96,9.49,0.95,8.93,385.06,381.7,酒店之家
2025W52,2025,52,2025-12-22,2025-12-28,亚朵,全国,1980,224537,0.98,9.68,0.97,8.76,388.73,383.65,酒店之家
2026W01,2026,1,2025-12-29,2026-01-04,亚朵,全国,2002,227136,1,8.81,1,10.19,399.41,400.88,酒店之家
2026W02,2026,2,2026-01-05,2026-01-11,亚朵,全国,2009,227912,0.97,9.14,0.95,8.15,379.67,370.53,酒店之家
2026W03,2026,3,2026-01-12,2026-01-18,亚朵,全国,2011,228184,0.97,9.52,0.94,8.47,388.02,375.45,酒店之家
2026W04,2026,4,2026-01-19,2026-01-25,亚朵,全国,2012,228299,1.02,11.86,0.97,9.87,397.81,379.31,酒店之家
2026W05,2026,5,2026-01-26,2026-02-01,亚朵,全国,2018,228841,1.04,12.19,1,10.45,401.85,387.31,酒店之家
2026W06,2026,6,2026-02-02,2026-02-08,亚朵,全国,2024,229518,1.07,12.02,1,11,419.15,392.42,酒店之家
2026W07,2026,7,2026-02-09,2026-02-15,亚朵,全国,2061,233593,1.13,9.85,1.02,9.02,436.97,396.72,酒店之家
2026W08,2026,8,2026-02-16,2026-02-22,亚朵,全国,2070,234563,1.25,9.77,1.36,12.1,504.22,551.54,酒店之家
2026W09,2026,9,2026-02-23,2026-03-01,亚朵,全国,2071,234637,0.98,11.67,0.97,11.32,383.31,379.05,酒店之家
2026W10,2026,10,2026-03-02,2026-03-08,亚朵,全国,2069,234465,0.97,11.15,0.93,9.95,388.56,375.87,酒店之家
2026W11,2026,11,2026-03-09,2026-03-15,亚朵,全国,2074,235058,1.01,12.75,1,11.63,399.33,394.52,酒店之家
2026W12,2026,12,2026-03-16,2026-03-22,亚朵,全国,2080,235637,1.05,12.44,1.02,11.02,407.51,398.07,酒店之家
2026W13,2026,13,2026-03-23,2026-03-29,亚朵,全国,2086,236319,1.05,12.74,1.02,11.8,412.79,404.27,酒店之家
2026W14,2026,14,2026-03-30,2026-04-05,亚朵,全国,2091,236811,1.04,9.85,1.04,10.13,422.58,425.29,酒店之家
2026W15,2026,15,2026-04-06,2026-04-12,亚朵,全国,2091,236734,1.03,10.02,0.99,8.96,409.25,395.04,酒店之家
2026W16,2026,16,2026-04-13,2026-04-19,亚朵,全国,2091,236606,1.07,10.94,1.01,9.62,433.78,413.41,酒店之家
2026W17,2026,17,2026-04-20,2026-04-26,亚朵,全国,2098,237241,1.09,10.97,1,9.29,445.05,412.44,酒店之家
2026W18,2026,18,2026-04-27,2026-05-03,亚朵,全国,2118,239599,1.23,9.99,1.28,11.81,503.55,528.89,酒店之家
2026W19,2026,19,2026-05-04,2026-05-10,亚朵,全国,2121,239971,0.95,8.5,0.93,7.85,389.3,384.06,酒店之家
2026W20,2026,20,2026-05-11,2026-05-17,亚朵,全国,2128,240903,1.02,9.13,1,8.54,405.78,401.01,酒店之家
2026W21,2026,21,2026-05-18,2026-05-24,亚朵,全国,2131,241208,1.01,9.56,0.99,8.92,405.7,401.44,酒店之家
2026W22,2026,22,2026-05-25,2026-05-31,亚朵,全国,2134,241539,0.98,8.99,0.96,8.23,401.01,395.34,酒店之家
2026W23,2026,23,2026-06-01,2026-06-07,亚朵,全国,2139,242044,0.99,10.11,0.97,9,393.91,389.78,酒店之家
2026W24,2026,24,2026-06-08,2026-06-14,亚朵,全国,2147,242997,1.01,10.25,0.98,9.16,399.98,392.56,酒店之家
2026W25,2026,25,2026-06-15,2026-06-21,亚朵,全国,2157,244106,0.99,10.3,0.98,10.26,403.7,401.64,酒店之家
2026W26,2026,26,2026-06-22,2026-06-28,亚朵,全国,2163,244753,1.01,9.7,0.98,9.16,411.49,400.16,酒店之家
2026W27,2026,27,2026-06-29,2026-07-05,亚朵,全国,2179,246236,1.03,10.22,1,9.3,420,409.32,酒店之家
2026W28,2026,28,2026-07-06,2026-07-12,亚朵,全国,2186,247100,1.06,9.74,1.03,8.96,430.23,421.75,酒店之家
2026W29,2026,29,2026-07-13,2026-07-19,亚朵,全国,2191,247653,1.09,10.18,1.07,9.33,440.04,434.03,酒店之家
2026W30,2026,30,2026-07-20,2026-07-26,亚朵,全国,2199,248571,1.13,10.7,1.11,9.94,447.81,441.55,酒店之家
2026W31,2026,31,2026-07-27,2026-08-02,亚朵,全国,2211,249892,1.16,9.94,1.14,9.01,456.15,451.84,酒店之家
