period_id,region,segment,field,raw_value,source_file,sheet,reason
2019W06,昆明,高档型,occupancy_rate,108.11%,城市酒店数据_20城_2018W52-2019W51_20261008.xlsx,昆明市(分档次),Source occupancy outside 0–100%; analytical OCC and RevPAR left empty pending source correction
2019W09,东莞,豪华型,occupancy_rate,114.63%,城市酒店数据_20城_2018W52-2019W51_20261008.xlsx,东莞市(分档次),Source occupancy outside 0–100%; analytical OCC and RevPAR left empty pending source correction
2019W11,佛山,高档型,occupancy_rate,100.64%,城市酒店数据_20城_2018W52-2019W51_20261008.xlsx,佛山市(分档次),Source occupancy outside 0–100%; analytical OCC and RevPAR left empty pending source correction
2019W12,成都,豪华型,occupancy_rate,100.84%,城市酒店数据_20城_2018W52-2019W51_20261008.xlsx,成都市(分档次),Source occupancy outside 0–100%; analytical OCC and RevPAR left empty pending source correction
2019W15,郑州,豪华型,occupancy_rate,100.23%,城市酒店数据_20城_2018W52-2019W51_20261008.xlsx,郑州市(分档次),Source occupancy outside 0–100%; analytical OCC and RevPAR left empty pending source correction
2019W15,郑州,高档型,occupancy_rate,101.08%,城市酒店数据_20城_2018W52-2019W51_20261008.xlsx,郑州市(分档次),Source occupancy outside 0–100%; analytical OCC and RevPAR left empty pending source correction
2019W18,东莞,豪华型,occupancy_rate,102.32%,城市酒店数据_20城_2018W52-2019W51_20261008.xlsx,东莞市(分档次),Source occupancy outside 0–100%; analytical OCC and RevPAR left empty pending source correction
2019W18,南京,豪华型,occupancy_rate,101.35%,城市酒店数据_20城_2018W52-2019W51_20261008.xlsx,南京市(分档次),Source occupancy outside 0–100%; analytical OCC and RevPAR left empty pending source correction
2019W18,天津,高档型,occupancy_rate,106.81%,城市酒店数据_20城_2018W52-2019W51_20261008.xlsx,天津市(分档次),Source occupancy outside 0–100%; analytical OCC and RevPAR left empty pending source correction
2019W18,武汉,豪华型,occupancy_rate,100.71%,城市酒店数据_20城_2018W52-2019W51_20261008.xlsx,武汉市(分档次),Source occupancy outside 0–100%; analytical OCC and RevPAR left empty pending source correction
2019W18,长沙,高档型,occupancy_rate,100.81%,城市酒店数据_20城_2018W52-2019W51_20261008.xlsx,长沙市(分档次),Source occupancy outside 0–100%; analytical OCC and RevPAR left empty pending source correction
2019W22,天津,豪华型,occupancy_rate,107.89%,城市酒店数据_20城_2018W52-2019W51_20261008.xlsx,天津市(分档次),Source occupancy outside 0–100%; analytical OCC and RevPAR left empty pending source correction
2019W24,南京,豪华型,occupancy_rate,103.80%,城市酒店数据_20城_2018W52-2019W51_20261008.xlsx,南京市(分档次),Source occupancy outside 0–100%; analytical OCC and RevPAR left empty pending source correction
2019W26,深圳,高档型,occupancy_rate,102.33%,城市酒店数据_20城_2018W52-2019W51_20261008.xlsx,深圳市(分档次),Source occupancy outside 0–100%; analytical OCC and RevPAR left empty pending source correction
2019W30,深圳,高档型,occupancy_rate,102.52%,城市酒店数据_20城_2018W52-2019W51_20261008.xlsx,深圳市(分档次),Source occupancy outside 0–100%; analytical OCC and RevPAR left empty pending source correction
2019W31,西安,豪华型,occupancy_rate,101.40%,城市酒店数据_20城_2018W52-2019W51_20261008.xlsx,西安市(分档次),Source occupancy outside 0–100%; analytical OCC and RevPAR left empty pending source correction
2019W32,沈阳,豪华型,occupancy_rate,108.57%,城市酒店数据_20城_2018W52-2019W51_20261008.xlsx,沈阳市(分档次),Source occupancy outside 0–100%; analytical OCC and RevPAR left empty pending source correction
2019W33,天津,豪华型,occupancy_rate,101.66%,城市酒店数据_20城_2018W52-2019W51_20261008.xlsx,天津市(分档次),Source occupancy outside 0–100%; analytical OCC and RevPAR left empty pending source correction
2019W34,南京,豪华型,occupancy_rate,105.36%,城市酒店数据_20城_2018W52-2019W51_20261008.xlsx,南京市(分档次),Source occupancy outside 0–100%; analytical OCC and RevPAR left empty pending source correction
2019W38,苏州,高档型,occupancy_rate,104.35%,城市酒店数据_20城_2018W52-2019W51_20261008.xlsx,苏州市(分档次),Source occupancy outside 0–100%; analytical OCC and RevPAR left empty pending source correction
2019W38,郑州,高档型,occupancy_rate,100.74%,城市酒店数据_20城_2018W52-2019W51_20261008.xlsx,郑州市(分档次),Source occupancy outside 0–100%; analytical OCC and RevPAR left empty pending source correction
2019W42,郑州,豪华型,occupancy_rate,107.69%,城市酒店数据_20城_2018W52-2019W51_20261008.xlsx,郑州市(分档次),Source occupancy outside 0–100%; analytical OCC and RevPAR left empty pending source correction
2019W43,郑州,高档型,occupancy_rate,101.59%,城市酒店数据_20城_2018W52-2019W51_20261008.xlsx,郑州市(分档次),Source occupancy outside 0–100%; analytical OCC and RevPAR left empty pending source correction
2019W47,广州,高档型,occupancy_rate,101.64%,城市酒店数据_20城_2018W52-2019W51_20261008.xlsx,广州市(分档次),Source occupancy outside 0–100%; analytical OCC and RevPAR left empty pending source correction
2019W51,天津,高档型,occupancy_rate,106.08%,城市酒店数据_20城_2018W52-2019W51_20261008.xlsx,天津市(分档次),Source occupancy outside 0–100%; analytical OCC and RevPAR left empty pending source correction
2019W52,天津,高档型,occupancy_rate,109.07%,城市酒店数据_20城_2019W52-2020W51_20261008.xlsx,天津市(分档次),Source occupancy outside 0–100%; analytical OCC and RevPAR left empty pending source correction
2020W01,天津,高档型,occupancy_rate,106.50%,城市酒店数据_20城_2019W52-2020W51_20261008.xlsx,天津市(分档次),Source occupancy outside 0–100%; analytical OCC and RevPAR left empty pending source correction
2020W02,天津,高档型,occupancy_rate,102.11%,城市酒店数据_20城_2019W52-2020W51_20261008.xlsx,天津市(分档次),Source occupancy outside 0–100%; analytical OCC and RevPAR left empty pending source correction
2020W07,长沙,豪华型,occupancy_rate,100.65%,城市酒店数据_20城_2019W52-2020W51_20261008.xlsx,长沙市(分档次),Source occupancy outside 0–100%; analytical OCC and RevPAR left empty pending source correction
2020W07,长沙,高档型,occupancy_rate,101.59%,城市酒店数据_20城_2019W52-2020W51_20261008.xlsx,长沙市(分档次),Source occupancy outside 0–100%; analytical OCC and RevPAR left empty pending source correction
2020W09,武汉,豪华型,occupancy_rate,100.09%,城市酒店数据_20城_2019W52-2020W51_20261008.xlsx,武汉市(分档次),Source occupancy outside 0–100%; analytical OCC and RevPAR left empty pending source correction
2020W13,郑州,高档型,occupancy_rate,101.67%,城市酒店数据_20城_2019W52-2020W51_20261008.xlsx,郑州市(分档次),Source occupancy outside 0–100%; analytical OCC and RevPAR left empty pending source correction
2020W14,郑州,高档型,occupancy_rate,104.76%,城市酒店数据_20城_2019W52-2020W51_20261008.xlsx,郑州市(分档次),Source occupancy outside 0–100%; analytical OCC and RevPAR left empty pending source correction
2020W18,武汉,豪华型,occupancy_rate,106.90%,城市酒店数据_20城_2019W52-2020W51_20261008.xlsx,武汉市(分档次),Source occupancy outside 0–100%; analytical OCC and RevPAR left empty pending source correction
2020W23,南京,豪华型,occupancy_rate,102.13%,城市酒店数据_20城_2019W52-2020W51_20261008.xlsx,南京市(分档次),Source occupancy outside 0–100%; analytical OCC and RevPAR left empty pending source correction
2020W26,佛山,高档型,occupancy_rate,100.99%,城市酒店数据_20城_2019W52-2020W51_20261008.xlsx,佛山市(分档次),Source occupancy outside 0–100%; analytical OCC and RevPAR left empty pending source correction
2020W28,长沙,高档型,occupancy_rate,103.37%,城市酒店数据_20城_2019W52-2020W51_20261008.xlsx,长沙市(分档次),Source occupancy outside 0–100%; analytical OCC and RevPAR left empty pending source correction
2020W30,佛山,高档型,occupancy_rate,102.97%,城市酒店数据_20城_2019W52-2020W51_20261008.xlsx,佛山市(分档次),Source occupancy outside 0–100%; analytical OCC and RevPAR left empty pending source correction
2020W34,上海,豪华型,occupancy_rate,101.20%,城市酒店数据_20城_2019W52-2020W51_20261008.xlsx,上海市(分档次),Source occupancy outside 0–100%; analytical OCC and RevPAR left empty pending source correction
2020W36,郑州,豪华型,occupancy_rate,104.00%,城市酒店数据_20城_2019W52-2020W51_20261008.xlsx,郑州市(分档次),Source occupancy outside 0–100%; analytical OCC and RevPAR left empty pending source correction
2020W40,郑州,高档型,occupancy_rate,101.14%,城市酒店数据_20城_2019W52-2020W51_20261008.xlsx,郑州市(分档次),Source occupancy outside 0–100%; analytical OCC and RevPAR left empty pending source correction
2020W43,天津,高档型,occupancy_rate,101.35%,城市酒店数据_20城_2019W52-2020W51_20261008.xlsx,天津市(分档次),Source occupancy outside 0–100%; analytical OCC and RevPAR left empty pending source correction
2020W48,合肥,中档型,occupancy_rate,109.09%,城市酒店数据_20城_2019W52-2020W51_20261008.xlsx,合肥市(分档次),Source occupancy outside 0–100%; analytical OCC and RevPAR left empty pending source correction
2021W20,重庆,豪华型,occupancy_rate,100.65%,城市酒店数据_20城_2020W52-2021W51_20261008.xlsx,重庆市(分档次),Source occupancy outside 0–100%; analytical OCC and RevPAR left empty pending source correction
2021W27,重庆,豪华型,occupancy_rate,103.00%,城市酒店数据_20城_2020W52-2021W51_20261008.xlsx,重庆市(分档次),Source occupancy outside 0–100%; analytical OCC and RevPAR left empty pending source correction
2021W43,上海,高档型,occupancy_rate,100.10%,城市酒店数据_20城_2020W52-2021W51_20261008.xlsx,上海市(分档次),Source occupancy outside 0–100%; analytical OCC and RevPAR left empty pending source correction
2022W28,青岛,高档型,occupancy_rate,101.77%,城市酒店数据_20城_2021W52-2022W51_20261008.xlsx,青岛市(分档次),Source occupancy outside 0–100%; analytical OCC and RevPAR left empty pending source correction
2022W47,郑州,高档型,occupancy_rate,110.77%,城市酒店数据_20城_2021W52-2022W51_20261008.xlsx,郑州市(分档次),Source occupancy outside 0–100%; analytical OCC and RevPAR left empty pending source correction
2022W51,青岛,豪华型,occupancy_rate,100.93%,城市酒店数据_20城_2021W52-2022W51_20261008.xlsx,青岛市(分档次),Source occupancy outside 0–100%; analytical OCC and RevPAR left empty pending source correction
2023W10,长沙,高档型,occupancy_rate,103.16%,城市酒店数据_20城_2022W52-2023W51_20261008.xlsx,长沙市(分档次),Source occupancy outside 0–100%; analytical OCC and RevPAR left empty pending source correction
2023W12,苏州,高档型,occupancy_rate,101.10%,城市酒店数据_20城_2022W52-2023W51_20261008.xlsx,苏州市(分档次),Source occupancy outside 0–100%; analytical OCC and RevPAR left empty pending source correction
2023W14,苏州,高档型,occupancy_rate,100.84%,城市酒店数据_20城_2022W52-2023W51_20261008.xlsx,苏州市(分档次),Source occupancy outside 0–100%; analytical OCC and RevPAR left empty pending source correction
2023W28,长沙,高档型,occupancy_rate,100.12%,城市酒店数据_20城_2022W52-2023W51_20261008.xlsx,长沙市(分档次),Source occupancy outside 0–100%; analytical OCC and RevPAR left empty pending source correction
2023W31,沈阳,高档型,occupancy_rate,100.63%,城市酒店数据_20城_2022W52-2023W51_20261008.xlsx,沈阳市(分档次),Source occupancy outside 0–100%; analytical OCC and RevPAR left empty pending source correction
2023W31,长沙,高档型,occupancy_rate,100.95%,城市酒店数据_20城_2022W52-2023W51_20261008.xlsx,长沙市(分档次),Source occupancy outside 0–100%; analytical OCC and RevPAR left empty pending source correction
2024W05,西安,豪华型,occupancy_rate,103.33%,城市酒店数据_20城_2023W52-2024W50_20261008.xlsx,西安市(分档次),Source occupancy outside 0–100%; analytical OCC and RevPAR left empty pending source correction
2024W27,西安,豪华型,occupancy_rate,102.80%,城市酒店数据_20城_2023W52-2024W50_20261008.xlsx,西安市(分档次),Source occupancy outside 0–100%; analytical OCC and RevPAR left empty pending source correction
2024W30,青岛,高档型,occupancy_rate,100.56%,城市酒店数据_20城_2023W52-2024W50_20261008.xlsx,青岛市(分档次),Source occupancy outside 0–100%; analytical OCC and RevPAR left empty pending source correction
2024W48,东莞,高档型,occupancy_rate,101.43%,城市酒店数据_20城_2023W52-2024W50_20261008.xlsx,东莞市(分档次),Source occupancy outside 0–100%; analytical OCC and RevPAR left empty pending source correction
