公告标题,公告日期,板块,状态,公司名称,证券代码,市场,公告类型
2026年半年度报告,2026-08-29T00:00:00Z,酒店,重点,锦江酒店,600754.SH,A股,定期报告
第十一届董事会第十八次会议决议公告,2026-08-29T00:00:00Z,酒店,一般,锦江酒店,600754.SH,A股,董事会决议
2026年半年度报告摘要,2026-08-29T00:00:00Z,酒店,一般,锦江酒店,600754.SH,A股,定期报告
2026年半年度报告,2026-08-29T00:00:00Z,酒店,重点,首旅酒店,600258.SH,A股,定期报告
第九届董事会第二十一次会议决议公告,2026-08-29T00:00:00Z,酒店,一般,首旅酒店,600258.SH,A股,董事会决议
关于召开2026年半年度业绩说明会的公告,2026-08-29T00:00:00Z,酒店,一般,首旅酒店,600258.SH,A股,投关/业绩说明会
关于北京首都旅游集团财务有限公司2026年半年报风险评估报告,2026-08-29T00:00:00Z,酒店,一般,首旅酒店,600258.SH,A股,其他
"2026年度""提质增效重回报""行动方案半年度评估报告",2026-08-29T00:00:00Z,酒店,一般,首旅酒店,600258.SH,A股,其他
2026年半年度报告摘要,2026-08-29T00:00:00Z,酒店,一般,首旅酒店,600258.SH,A股,定期报告
2026年半年度报告,2026-08-29T00:00:00Z,酒店,重点,君亭酒店,301073.SZ,A股,定期报告
第四届董事会第十一次会议决议公告,2026-08-29T00:00:00Z,酒店,一般,君亭酒店,301073.SZ,A股,董事会决议
董事会关于募集资金半年度存放与实际使用情况的专项报告,2026-08-29T00:00:00Z,酒店,一般,君亭酒店,301073.SZ,A股,其他
非经营性资金占用及其他关联资金往来情况汇总表,2026-08-29T00:00:00Z,酒店,一般,君亭酒店,301073.SZ,A股,其他
关于召开2026年第二次临时股东会的通知,2026-08-29T00:00:00Z,酒店,一般,君亭酒店,301073.SZ,A股,股东会相关
2026年半年度报告摘要,2026-08-29T00:00:00Z,酒店,一般,君亭酒店,301073.SZ,A股,定期报告
建议发售以人民币计值的债券公告,2026-09-04T00:00:00Z,酒店,重点,华住集团-S,1179.HK,港股,融资与并购
投资者关系活动记录-2026年第二次经营跟踪交流会,2026-09-01T00:00:00Z,免税,重点,中国中免,601888.SH,A股,投关/业绩说明会
审计委员会会议日期及2026年第二季度及上半年业绩公告日期公告,2026-09-02T00:00:00Z,OTA,重点,携程集团-S,9961.HK,港股,其他
2026年半年度报告,2026-08-25T00:00:00Z,旅游,重点,长白山,603099.SH,A股,定期报告
第五届董事会第十六次会议决议公告,2026-08-25T00:00:00Z,旅游,一般,长白山,603099.SH,A股,董事会决议
关于召开2026年半年度业绩说明会的公告,2026-08-25T00:00:00Z,旅游,一般,长白山,603099.SH,A股,投关/业绩说明会
关于公司募集资金存放、管理与实际使用情况的专项报告,2026-08-25T00:00:00Z,旅游,一般,长白山,603099.SH,A股,其他
2026年半年度报告摘要,2026-08-25T00:00:00Z,旅游,一般,长白山,603099.SH,A股,定期报告
投资者关系活动记录表2026.8.28,2026-08-28T00:00:00Z,旅游,一般,长白山,603099.SH,A股,投关/业绩说明会
截至2026年6月30日止六个月之中期业绩及中期股息及暂停办理过户登记手续公告,2026-08-25T00:00:00Z,餐饮,重点,海底捞,6862.HK,港股,定期报告
截至2026年6月30日止六个月的中期股息(每股0.377港元)公告,2026-08-25T00:00:00Z,餐饮,一般,海底捞,6862.HK,港股,分红派息
截至2026年6月30日止六个月之中期业绩公告,2026-08-28T00:00:00Z,餐饮,重点,九毛九,9922.HK,港股,定期报告
截至2026年6月30日止六个月中期业绩公告,2026-08-27T00:00:00Z,茶饮,重点,蜜雪集团,2097.HK,港股,定期报告
特别股息(每股人民币2.65元)现金股息公告,2026-08-27T00:00:00Z,茶饮,重点,蜜雪集团,2097.HK,港股,分红派息
2026年半年度报告,2026-08-27T00:00:00Z,教育,重点,中公教育,002607.SZ,A股,定期报告
第七届董事会第十三次会议决议公告,2026-08-27T00:00:00Z,教育,一般,中公教育,002607.SZ,A股,董事会决议
2026年半年度报告摘要,2026-08-27T00:00:00Z,教育,一般,中公教育,002607.SZ,A股,定期报告
2026年半年度非经营性资金占用及其他关联资金往来情况汇总表,2026-08-27T00:00:00Z,教育,一般,中公教育,002607.SZ,A股,其他
2026年半年度报告摘要,2026-08-27T00:00:00Z,教育,一般,华图山鼎,300492.SZ,A股,定期报告
关于2026年股票期权激励计划授予登记完成的公告,2026-09-01T00:00:00Z,教育,一般,行动教育,605098.SH,A股,回购与股权激励
2026年半年度权益分派实施公告,2026-09-01T00:00:00Z,教育,一般,行动教育,605098.SH,A股,分红派息
北京市中伦(南京)律师事务所关于差异化分红事项的法律意见书,2026-09-01T00:00:00Z,教育,一般,行动教育,605098.SH,A股,其他
2026年半年度报告全文,2026-08-27T00:00:00Z,黄金珠宝,重点,老凤祥,600612.SH,A股,定期报告
2026年半年度利润分配方案公告,2026-08-27T00:00:00Z,黄金珠宝,重点,老凤祥,600612.SH,A股,分红派息
2026年第二季度主要经营数据公告,2026-08-27T00:00:00Z,黄金珠宝,一般,老凤祥,600612.SH,A股,日常经营
第十二届董事会第三次会议决议公告,2026-08-27T00:00:00Z,黄金珠宝,一般,老凤祥,600612.SH,A股,董事会决议
关于新增及调整2026年度日常关联交易预计额度的公告,2026-08-27T00:00:00Z,黄金珠宝,一般,老凤祥,600612.SH,A股,其他
"2026年半年度""提质增效重回报""行动方案评估报告",2026-08-27T00:00:00Z,黄金珠宝,一般,老凤祥,600612.SH,A股,其他
2026年半年度报告摘要,2026-08-27T00:00:00Z,黄金珠宝,一般,老凤祥,600612.SH,A股,定期报告
2026年半年度报告,2026-08-27T00:00:00Z,黄金珠宝,重点,潮宏基,002345.SZ,A股,定期报告
2026年半年度利润分配预案,2026-08-27T00:00:00Z,黄金珠宝,重点,潮宏基,002345.SZ,A股,分红派息
第七届董事会第十次会议决议公告,2026-08-27T00:00:00Z,黄金珠宝,一般,潮宏基,002345.SZ,A股,董事会决议
关于持股5%以上股东减持股份预披露公告,2026-08-27T00:00:00Z,黄金珠宝,一般,潮宏基,002345.SZ,A股,其他
关于召开2026年第一次临时股东会的通知,2026-08-27T00:00:00Z,黄金珠宝,一般,潮宏基,002345.SZ,A股,股东会相关
2026年半年度非经营性资金占用及其他关联资金往来情况汇总表,2026-08-27T00:00:00Z,黄金珠宝,一般,潮宏基,002345.SZ,A股,其他
2026年半年度报告摘要,2026-08-27T00:00:00Z,黄金珠宝,一般,潮宏基,002345.SZ,A股,定期报告
投资者关系管理信息20260831,2026-08-31T00:00:00Z,黄金珠宝,一般,潮宏基,002345.SZ,A股,投关/业绩说明会
2026年半年度报告,2026-08-26T00:00:00Z,黄金珠宝,重点,周大生,002867.SZ,A股,定期报告
第五届董事会第十四次会议决议公告,2026-08-26T00:00:00Z,黄金珠宝,一般,周大生,002867.SZ,A股,董事会决议
关于2026年半年度计提资产减值准备的公告,2026-08-26T00:00:00Z,黄金珠宝,一般,周大生,002867.SZ,A股,其他
2026年半年度报告摘要,2026-08-26T00:00:00Z,黄金珠宝,一般,周大生,002867.SZ,A股,定期报告
"关于""质量回报双提升""行动方案的进展公告",2026-08-26T00:00:00Z,黄金珠宝,一般,周大生,002867.SZ,A股,其他
2026年8月26日投资者关系活动记录表,2026-08-27T00:00:00Z,黄金珠宝,一般,周大生,002867.SZ,A股,投关/业绩说明会
关于境外子公司获得上海黄金交易所国际会员资格的公告,2026-09-02T00:00:00Z,黄金珠宝,一般,周大生,002867.SZ,A股,日常经营
截至2026年6月30日止六个月之未经审核中期业绩公告,2026-08-25T00:00:00Z,黄金珠宝,重点,老铺黄金,6181.HK,港股,定期报告
截至2026年6月30日止六个月的中期股息(每股18.02元)公告,2026-08-25T00:00:00Z,黄金珠宝,重点,老铺黄金,6181.HK,港股,分红派息
关于股东部分股份解除质押及质押的公告,2026-08-28T00:00:00Z,黄金珠宝,一般,豫园股份,600655.SH,A股,其他
关于以集中竞价交易方式回购公司A股股份比例达到1%暨回购进展公告,2026-09-02T00:00:00Z,黄金珠宝,一般,豫园股份,600655.SH,A股,回购与股权激励
"2026年半年度报告摘要(H1每10股派8元,分红4.70亿)",2026-08-31T00:00:00Z,跨境电商与出海,重点,安克创新,300866.SZ,A股,定期报告
2026年半年度报告,2026-08-31T00:00:00Z,跨境电商与出海,重点,安克创新,300866.SZ,A股,定期报告
投资者关系活动记录表(2026年湖南辖区投资者网上集体接待日暨半年度业绩说明会),2026-09-02T00:00:00Z,跨境电商与出海,一般,安克创新,300866.SZ,A股,投关/业绩说明会
中国国际金融股份有限公司关于安克创新2026年半年度跟踪报告,2026-09-04T00:00:00Z,跨境电商与出海,一般,安克创新,300866.SZ,A股,其他
2026年半年度报告,2026-08-26T00:00:00Z,跨境电商与出海,重点,小商品城,600415.SH,A股,定期报告
关于2026年中期利润分配方案的公告,2026-08-26T00:00:00Z,跨境电商与出海,重点,小商品城,600415.SH,A股,分红派息
第十届董事会第九次会议决议公告,2026-08-26T00:00:00Z,跨境电商与出海,一般,小商品城,600415.SH,A股,董事会决议
2026年半年度报告摘要,2026-08-26T00:00:00Z,跨境电商与出海,一般,小商品城,600415.SH,A股,定期报告
投资者关系活动记录表(20260828),2026-08-28T00:00:00Z,跨境电商与出海,一般,小商品城,600415.SH,A股,投关/业绩说明会
2026年半年度报告,2026-08-27T00:00:00Z,跨境电商与出海,重点,赛维时代,301381.SZ,A股,定期报告
第四届董事会第十一次会议决议公告,2026-08-27T00:00:00Z,跨境电商与出海,一般,赛维时代,301381.SZ,A股,董事会决议
2026年限制性股票激励计划(草案)及摘要,2026-08-27T00:00:00Z,跨境电商与出海,一般,赛维时代,301381.SZ,A股,回购与股权激励
关于召开2026年第二次临时股东会的通知,2026-08-27T00:00:00Z,跨境电商与出海,一般,赛维时代,301381.SZ,A股,股东会相关
投资者关系管理信息(20260828),2026-08-28T00:00:00Z,跨境电商与出海,一般,赛维时代,301381.SZ,A股,投关/业绩说明会
2026年半年度权益分派实施公告,2026-09-02T00:00:00Z,跨境电商与出海,一般,赛维时代,301381.SZ,A股,分红派息
东方证券关于赛维时代2026年半年度持续督导跟踪报告,2026-09-08T00:00:00Z,跨境电商与出海,一般,赛维时代,301381.SZ,A股,其他
2026年第三次临时股东会资料,2026-08-29T00:00:00Z,商超与线下零售,一般,永辉超市,601933.SH,A股,股东会相关
关于调整向特定对象发行A股股票发行数量上限的公告,2026-09-05T00:00:00Z,商超与线下零售,重点,永辉超市,601933.SH,A股,融资与并购
关于向特定对象发行股票募集说明书等申请文件更新的提示性公告,2026-09-05T00:00:00Z,商超与线下零售,一般,永辉超市,601933.SH,A股,融资与并购
关于向特定对象发行股票申请文件审核问询函回复的专项说明,2026-09-05T00:00:00Z,商超与线下零售,一般,永辉超市,601933.SH,A股,融资与并购
2026年半年度报告,2026-08-25T00:00:00Z,商超与线下零售,重点,重百集团,600729.SH,A股,定期报告
2026年半年度经营数据公告,2026-08-25T00:00:00Z,商超与线下零售,一般,重百集团,600729.SH,A股,日常经营
第八届三十二次董事会决议公告,2026-08-25T00:00:00Z,商超与线下零售,一般,重百集团,600729.SH,A股,董事会决议
2026年半年度报告摘要,2026-08-25T00:00:00Z,商超与线下零售,一般,重百集团,600729.SH,A股,定期报告
关于持股5%以上股东股份质押的公告,2026-08-27T00:00:00Z,商超与线下零售,一般,重百集团,600729.SH,A股,其他
第八届三十三次董事会决议公告(聘任副总经理周淼),2026-09-08T00:00:00Z,商超与线下零售,一般,重百集团,600729.SH,A股,董事会决议
2026年半年度报告及摘要,2026-08-27T00:00:00Z,商超与线下零售,重点,步步高,002251.SZ,A股,定期报告
第七届董事会第十三次会议决议公告,2026-08-27T00:00:00Z,商超与线下零售,一般,步步高,002251.SZ,A股,董事会决议
关于参加2026年湖南辖区上市公司投资者网上集体接待日暨半年度业绩说明会活动的公告,2026-08-27T00:00:00Z,商超与线下零售,一般,步步高,002251.SZ,A股,投关/业绩说明会
2026年半年度非经营性资金占用及其他关联资金往来情况表,2026-08-27T00:00:00Z,商超与线下零售,一般,步步高,002251.SZ,A股,其他
2026年半年度报告及摘要,2026-08-28T00:00:00Z,人服,重点,科锐国际,300662.SZ,A股,定期报告
第四届董事会第十六次会议决议公告,2026-08-28T00:00:00Z,人服,一般,科锐国际,300662.SZ,A股,董事会决议
关于对境外子公司增资的公告,2026-08-28T00:00:00Z,人服,一般,科锐国际,300662.SZ,A股,融资与并购
关于召开2026年半年度业绩说明会的公告,2026-08-28T00:00:00Z,人服,一般,北京人力,600861.SH,A股,投关/业绩说明会
第十届董事会第二十七次会议决议公告,2026-08-29T00:00:00Z,人服,一般,北京人力,600861.SH,A股,董事会决议
2026年半年度报告,2026-08-29T00:00:00Z,人服,重点,北京人力,600861.SH,A股,定期报告
关于修订《公司章程》的公告,2026-08-29T00:00:00Z,人服,一般,北京人力,600861.SH,A股,其他
关于召开2026年第二次临时股东会的通知,2026-08-29T00:00:00Z,人服,一般,北京人力,600861.SH,A股,股东会相关
"2026年度""提质增效重回报""行动方案半年度评估报告",2026-08-29T00:00:00Z,人服,一般,北京人力,600861.SH,A股,其他
关于2026年半年度募集资金存放、管理与实际使用情况的专项报告,2026-08-29T00:00:00Z,人服,一般,北京人力,600861.SH,A股,其他
