公司名称,证券代码,市场,子行业,覆盖级别,现价(元),总市值(亿元·本币),市值折CNY(亿元),PE(TTM),PB,年初至今涨跌(%),核心逻辑,数据日期,周涨跌(%)
锦江酒店,600754.SH,A股,酒店,核心推荐,19.59,194.31,194.31,18.95,1.31,-20.6,酒店龙头，26Q1扣非净利创Q1新高（归母+280%），提质改革重塑核心竞争力；RevPAR趋势向上、周期修复受益,2026-09-08T00:00:00Z,
首旅酒店,600258.SH,A股,酒店,核心推荐,12.02,134.22,134.22,15.7,1.12,-25.59,26Q1利润超预期（扣非+31.8%），经营优化+费用下降；2026年新开1600-1700家目标，RevPAR同比转正,2026-09-08T00:00:00Z,
君亭酒店,301073.SZ,A股,酒店,一般跟踪,21.18,41.18,41.18,155.89,4.64,-18.73,中高端精选酒店，26Q1净利扭亏改善（+135%）；弹性标的，跟踪RevPAR、直营爬坡与拓店节奏,2026-09-08T00:00:00Z,
亚朵集团,ATAT.O,美股,酒店,核心推荐,33.28,45.28,323.75,15.69,9.14,-15.08,中高端酒店+场景零售模式，加盟扩张与零售第二曲线；关注RevPAR韧性、零售GMV与开店节奏（个人核心覆盖）,2026-09-08T00:00:00Z,
华住集团-S,1179.HK,港股,酒店,核心推荐,35.2,1090.61,1003.36,18.81,6.73,-0.18,连锁酒店成长龙头，FY25收入+5.9%/归母+66.7%率先恢复；2026新开2200-2300家，管理与加盟扩张共振,2026-09-08T00:00:00Z,
中国中免,601888.SH,A股,免税,核心推荐,54.59,1119.86,1119.86,27.71,1.97,-41.76,免税龙头，高端消费筑底回暖；海南离岛免税增速转正+折扣缩减，毛利率连续修复，政策与封关催化,2026-09-08T00:00:00Z,
携程集团-S,9961.HK,港股,OTA,重点跟踪,324.2,2321,2135.32,6.5,1.24,-41.48,OTA龙头，FY25净利+95%；入境游（2000万人次）与海外业务第二曲线；反垄断调查压制估值，关注落地,2026-09-08T00:00:00Z,
同程旅行,0780.HK,港股,OTA,一般跟踪,11.51,270.98,249.3,9.52,1,-47.68,下沉市场OTA龙头，高性价比+微信生态获客；估值处低位，观察收入增长与竞争格局,2026-09-08T00:00:00Z,
丽江股份,002033.SZ,A股,旅游,一般跟踪,9.44,51.87,51.87,20.61,2.08,7.34,丽江区域旅游龙头（索道+演艺+酒店），26Q1客流与业绩改善亮眼；关注暑期旺季与二次消费,2026-09-08T00:00:00Z,
长白山,603099.SH,A股,旅游,一般跟踪,39.4,107.31,107.31,80.89,7.34,-12.37,冰雪+避暑双旺季稀缺景区标的，客流高景气；估值高位，需业绩兑现消化,2026-09-08T00:00:00Z,
海底捞,6862.HK,港股,餐饮,重点跟踪,11.38,634.32,583.57,13.58,5.64,-15.17,火锅龙头，单店模型优秀；2026餐饮复苏+多品牌/加盟扩张，高分红；供给侧调改受益,2026-09-08T00:00:00Z,
百胜中国,9987.HK,港股,餐饮,重点跟踪,341.8,1167.58,1074.17,15.27,2.78,-5.58,肯德基/必胜客中国，万店规模+下沉+数字化；稳健增长高分红，餐饮复苏核心受益,2026-09-08T00:00:00Z,
九毛九,9922.HK,港股,餐饮,一般跟踪,1.11,14.91,13.72,17.67,0.42,-36.85,太二酸菜鱼/怂火锅，单店承压但估值极低（PB0.42）；供给侧出清后弹性标的，跟踪翻台与开店,2026-09-08T00:00:00Z,
蜜雪集团,2097.HK,港股,茶饮,重点跟踪,203,770.63,708.98,12.19,2.5,-50.47,全球万店平价茶饮，供应链壁垒+出海加速；即饮产品拓宽第二曲线；高基数下增速回落致估值大幅回调,2026-09-08T00:00:00Z,
古茗,1364.HK,港股,茶饮,一般跟踪,24.72,578.18,531.93,16.44,7.97,0.91,加盟茶饮龙头，门店模型与冷链供应链稳健；跟踪开店、同店与单店盈利,2026-09-08T00:00:00Z,
中公教育,002607.SZ,A股,教育,一般跟踪,2.13,131.37,131.37,217.74,15.82,-22.27,公考培训龙头，行业景气高但公司收入仍下滑、报表修复中；等待退费与经营拐点,2026-09-08T00:00:00Z,
华图山鼎,300492.SZ,A股,教育,重点跟踪,24.57,67.64,67.64,112.25,33.02,-53.6,华图教育上市主体，公考报名首超考研+竞争加剧驱动高景气，净利大幅增长α显著；前期高基数致估值回落,2026-09-08T00:00:00Z,
行动教育,605098.SH,A股,教育,一般跟踪,55.3,65.95,65.95,18.31,7.32,37.73,企业管理培训龙头，业绩稳定+高分红（70%-80%）符合红利风格；企业家培训需求刚性,2026-09-08T00:00:00Z,
中国东方教育,0667.HK,港股,教育,重点跟踪,4.14,91.84,84.49,9.87,1.32,-33.45,职业教育龙头（新东方烹饪等），政策支持+就业导向需求稳；股息率7%+，估值低,2026-09-08T00:00:00Z,
老凤祥,600612.SH,A股,黄金珠宝,重点跟踪,34.71,147.54,147.54,14.52,1.37,-18.9,黄金珠宝老牌龙头，金价高位下悦己消费延续；26Q1毛利率提升、利润改善，估值处历史低位,2026-09-08T00:00:00Z,
潮宏基,002345.SZ,A股,黄金珠宝,核心推荐,9.58,85.12,85.12,14.48,2.19,-20.53,悦己黄金转型先锋，花丝/臻金新品+春节前开店加速；国金预测25-27年归母4.9/6.5/7.7亿元（PE 25/19/16x）,2026-09-08T00:00:00Z,
周大生,002867.SZ,A股,黄金珠宝,一般跟踪,10.78,117.01,117.01,12.2,1.88,-6.73,加盟体系黄金首饰，股息率8%+；金价波动下品牌业绩分化，跟踪同店与开店,2026-09-08T00:00:00Z,
老铺黄金,6181.HK,港股,黄金珠宝,核心推荐,393.6,695.67,640.02,8.8,4.57,-34.81,古法黄金高奢品牌，同店高增持续+开店渗透空间大；一口价质价比+高客运营，毛利率领先,2026-09-08T00:00:00Z,
豫园股份,600655.SH,A股,黄金珠宝,一般跟踪,4.66,181.33,181.33,-3.78,0.61,-9.16,老庙黄金+豫园商圈综合体，品牌出海贡献增量；账面PB极低，报表仍在修复中,2026-09-08T00:00:00Z,
安克创新,300866.SZ,A股,跨境电商与出海,核心推荐,127.89,742.55,742.55,24.42,4.74,13.35,出海品牌标杆→全球创新平台，储能+新品类高毛利放量；Q2收入+25-30%、规模利润+40-50%,2026-09-08T00:00:00Z,
小商品城,600415.SH,A股,跨境电商与出海,重点跟踪,12.76,699.7,699.7,15.58,3.17,-16.31,全球小商品贸易龙头平台，AI商业化落地+进口改革再造增长极；Chinagoods数字化交易,2026-09-08T00:00:00Z,
赛维时代,301381.SZ,A股,跨境电商与出海,一般跟踪,22.9,93.09,93.09,33.3,3.25,12.7,品牌出海精品卖家（服饰等），26Q2收入修复至15%+；补库+品类拓展，利润弹性待释放,2026-09-08T00:00:00Z,
永辉超市,601933.SH,A股,商超与线下零售,重点跟踪,3.36,299.88,299.88,-14.57,13.83,-28.35,胖东来式调改先锋，精选零售+裸价采购变革商业模式；26Q1收入转正、利润修复快于收入,2026-09-08T00:00:00Z,
重百集团,600729.SH,A股,商超与线下零售,一般跟踪,19.98,88,88,12.26,1.11,-19.62,重庆区域零售龙头（百货+超市），多措并举见效、股息率4.8%；区域消费与调改支撑,2026-09-08T00:00:00Z,
步步高,002251.SZ,A股,商超与线下零售,一般跟踪,4.06,109.16,109.16,197.09,1.28,-23.54,转型精选型零售、湖南区域龙头，调改+供应链重构带来盈利弹性与价值重估,2026-09-08T00:00:00Z,
科锐国际,300662.SZ,A股,人服,一般跟踪,22.55,44.38,44.38,13.11,1.85,-9.93,灵活用工+中高端猎头龙头，招聘需求筑底企稳；关注企业招聘回暖与灵工渗透率提升,2026-09-08T00:00:00Z,
北京人力,600861.SH,A股,人服,一般跟踪,13.13,74.33,74.33,9.69,1.04,-22.85,国企人力资源外包龙头（外企德科），业务外包驱动收入，估值低+股息7.9%，稳就业政策受益,2026-09-08T00:00:00Z,
